[NX v21.1.2 Daemon Server] - 2025-06-04T15:47:53.661Z - Started listening on: /var/folders/66/ctwffz653zv6f5ph9xf31l_80000gn/T/a5a01820ab37b8a16c88/d.sock
[NX v21.1.2 Daemon Server] - 2025-06-04T15:47:53.666Z - [WATCHER]: Subscribed to changes within: /Users/markthompson/Documents/github/nx-react-vite-stuff/example (native)
[NX v21.1.2 Daemon Server] - 2025-06-04T15:47:53.671Z - Established a connection. Number of open connections: 1
[NX v21.1.2 Daemon Server] - 2025-06-04T15:47:53.673Z - Closed a connection. Number of open connections: 0
[NX v21.1.2 Daemon Server] - 2025-06-04T15:47:53.699Z - Established a connection. Number of open connections: 1
[NX v21.1.2 Daemon Server] - 2025-06-04T15:47:53.700Z - Established a connection. Number of open connections: 2
[NX v21.1.2 Daemon Server] - 2025-06-04T15:47:53.700Z - Closed a connection. Number of open connections: 1
[NX v21.1.2 Daemon Server] - 2025-06-04T15:47:53.701Z - [REQUEST]: Client Request for Project Graph Received
[NX v21.1.2 Daemon Server] - 2025-06-04T15:47:53.975Z - Time taken for 'Load Nx Plugin: /Users/markthompson/Documents/github/nx-react-vite-stuff/example/node_modules/nx/src/plugins/project-json/build-nodes/project-json' 267.467518ms
[NX v21.1.2 Daemon Server] - 2025-06-04T15:47:53.975Z - Time taken for 'Load Nx Plugin: /Users/markthompson/Documents/github/nx-react-vite-stuff/example/node_modules/nx/src/plugins/package-json' 268.99566599999997ms
[NX v21.1.2 Daemon Server] - 2025-06-04T15:47:54.009Z - Time taken for 'loadDefaultNxPlugins' 302.730667ms
[NX v21.1.2 Daemon Server] - 2025-06-04T15:47:54.075Z - Time taken for 'Load Nx Plugin: @nx/js/typescript' 372.48604000000006ms
[NX v21.1.2 Daemon Server] - 2025-06-04T15:47:54.124Z - Time taken for 'Load Nx Plugin: @nx/react/router-plugin' 420.764304ms
[NX v21.1.2 Daemon Server] - 2025-06-04T15:47:54.125Z - Time taken for 'Load Nx Plugin: @nx/playwright/plugin' 419.375797ms
[NX v21.1.2 Daemon Server] - 2025-06-04T15:47:54.127Z - [REQUEST]: Updated workspace context based on watched changes, recomputing project graph...
[NX v21.1.2 Daemon Server] - 2025-06-04T15:47:54.127Z - [REQUEST]: 
[NX v21.1.2 Daemon Server] - 2025-06-04T15:47:54.127Z - [REQUEST]: 
[NX v21.1.2 Daemon Server] - 2025-06-04T15:47:54.139Z - Time taken for 'loadSpecifiedNxPlugins' 423.38779800000003ms
[NX v21.1.2 Daemon Server] - 2025-06-04T15:47:54.142Z - Established a connection. Number of open connections: 2
[NX v21.1.2 Daemon Server] - 2025-06-04T15:47:54.142Z - Established a connection. Number of open connections: 3
[NX v21.1.2 Daemon Server] - 2025-06-04T15:47:54.143Z - Closed a connection. Number of open connections: 2
[NX v21.1.2 Daemon Server] - 2025-06-04T15:47:54.143Z - Established a connection. Number of open connections: 3
[NX v21.1.2 Daemon Server] - 2025-06-04T15:47:54.143Z - Closed a connection. Number of open connections: 2
[NX v21.1.2 Daemon Server] - 2025-06-04T15:47:54.144Z - Established a connection. Number of open connections: 3
[NX v21.1.2 Daemon Server] - 2025-06-04T15:47:54.145Z - [REQUEST]: Responding to the client. handleHashMultiGlob
[NX v21.1.2 Daemon Server] - 2025-06-04T15:47:54.145Z - Done responding to the client handleHashMultiGlob
[NX v21.1.2 Daemon Server] - 2025-06-04T15:47:54.145Z - Handled HASH_GLOB. Handling time: 1. Response time: 0.
[NX v21.1.2 Daemon Server] - 2025-06-04T15:47:54.147Z - [REQUEST]: Responding to the client. handleHashGlob
[NX v21.1.2 Daemon Server] - 2025-06-04T15:47:54.147Z - Done responding to the client handleHashGlob
[NX v21.1.2 Daemon Server] - 2025-06-04T15:47:54.147Z - Handled HASH_GLOB. Handling time: 1. Response time: 0.
[NX v21.1.2 Daemon Server] - 2025-06-04T15:47:54.148Z - Established a connection. Number of open connections: 4
[NX v21.1.2 Daemon Server] - 2025-06-04T15:47:54.148Z - Established a connection. Number of open connections: 5
[NX v21.1.2 Daemon Server] - 2025-06-04T15:47:54.148Z - Closed a connection. Number of open connections: 4
[NX v21.1.2 Daemon Server] - 2025-06-04T15:47:54.150Z - [REQUEST]: Responding to the client. handleHashMultiGlob
[NX v21.1.2 Daemon Server] - 2025-06-04T15:47:54.150Z - Done responding to the client handleHashMultiGlob
[NX v21.1.2 Daemon Server] - 2025-06-04T15:47:54.150Z - Handled HASH_GLOB. Handling time: 1. Response time: 0.
[33mThe CJS build of Vite's Node API is deprecated. See https://vite.dev/guide/troubleshooting.html#vite-cjs-node-api-deprecated for more details.[39m
[NX v21.1.2 Daemon Server] - 2025-06-04T15:47:55.211Z - [REQUEST]: Responding to the client. handleNxWorkspaceFiles
[NX v21.1.2 Daemon Server] - 2025-06-04T15:47:55.211Z - Done responding to the client handleNxWorkspaceFiles
[NX v21.1.2 Daemon Server] - 2025-06-04T15:47:55.211Z - Handled GET_FILES_IN_DIRECTORY. Handling time: 1. Response time: 0.
[NX v21.1.2 Daemon Server] - 2025-06-04T15:47:55.248Z - Time taken for 'build-project-configs' 1091.957152ms
[NX v21.1.2 Daemon Server] - 2025-06-04T15:47:55.253Z - Time taken for '@nx/js/typescript:createDependencies' 8.982938000000104ms
[NX v21.1.2 Daemon Server] - 2025-06-04T15:47:55.321Z - Time taken for 'nx/js/dependencies-and-lockfile:createDependencies' 74.96615599999996ms
[NX v21.1.2 Daemon Server] - 2025-06-04T15:47:55.374Z - [SYNC]: collect registered sync generators
[NX v21.1.2 Daemon Server] - 2025-06-04T15:47:55.375Z - [SYNC]: scheduling: ["@nx/js:typescript-sync"]
[NX v21.1.2 Daemon Server] - 2025-06-04T15:47:55.375Z - [REQUEST]: Responding to the client. project-graph
[NX v21.1.2 Daemon Server] - 2025-06-04T15:47:55.375Z - Time taken for 'total for creating and serializing project graph' 1673.486923ms
[NX v21.1.2 Daemon Server] - 2025-06-04T15:47:55.378Z - Done responding to the client project-graph
[NX v21.1.2 Daemon Server] - 2025-06-04T15:47:55.379Z - Handled REQUEST_PROJECT_GRAPH. Handling time: 1674. Response time: 4.
[NX v21.1.2 Daemon Server] - 2025-06-04T15:47:55.386Z - [REQUEST]: Responding to the client. handleContextFileData
[NX v21.1.2 Daemon Server] - 2025-06-04T15:47:55.387Z - Done responding to the client handleContextFileData
[NX v21.1.2 Daemon Server] - 2025-06-04T15:47:55.387Z - Handled GET_CONTEXT_FILE_DATA. Handling time: 0. Response time: 1.
[NX v21.1.2 Daemon Server] - 2025-06-04T15:47:55.388Z - Closed a connection. Number of open connections: 3
[NX v21.1.2 Daemon Server] - 2025-06-04T15:47:55.475Z - [SYNC]: running scheduled generator @nx/js:typescript-sync
[NX v21.1.2 Daemon Server] - 2025-06-04T15:47:55.758Z - Established a connection. Number of open connections: 4
[NX v21.1.2 Daemon Server] - 2025-06-04T15:47:55.764Z - Established a connection. Number of open connections: 5
[NX v21.1.2 Daemon Server] - 2025-06-04T15:47:55.764Z - Closed a connection. Number of open connections: 4
[NX v21.1.2 Daemon Server] - 2025-06-04T15:47:55.764Z - Established a connection. Number of open connections: 5
[NX v21.1.2 Daemon Server] - 2025-06-04T15:47:55.765Z - [REQUEST]: Client Request for Project Graph Received
[NX v21.1.2 Daemon Server] - 2025-06-04T15:47:55.765Z - [REQUEST]: Responding to the client. project-graph
[NX v21.1.2 Daemon Server] - 2025-06-04T15:47:55.766Z - Time taken for 'total for creating and serializing project graph' 0.2460769999997865ms
[NX v21.1.2 Daemon Server] - 2025-06-04T15:47:55.766Z - Established a connection. Number of open connections: 6
[NX v21.1.2 Daemon Server] - 2025-06-04T15:47:55.766Z - Closed a connection. Number of open connections: 5
[NX v21.1.2 Daemon Server] - 2025-06-04T15:47:55.766Z - [REQUEST]: Client Request for Project Graph Received
[NX v21.1.2 Daemon Server] - 2025-06-04T15:47:55.767Z - [REQUEST]: Responding to the client. project-graph
[NX v21.1.2 Daemon Server] - 2025-06-04T15:47:55.767Z - Time taken for 'total for creating and serializing project graph' 0.22051700000019991ms
[NX v21.1.2 Daemon Server] - 2025-06-04T15:47:55.769Z - Done responding to the client project-graph
[NX v21.1.2 Daemon Server] - 2025-06-04T15:47:55.769Z - Handled REQUEST_PROJECT_GRAPH. Handling time: 0. Response time: 4.
[NX v21.1.2 Daemon Server] - 2025-06-04T15:47:55.769Z - Done responding to the client project-graph
[NX v21.1.2 Daemon Server] - 2025-06-04T15:47:55.769Z - Handled REQUEST_PROJECT_GRAPH. Handling time: 1. Response time: 2.
[NX v21.1.2 Daemon Server] - 2025-06-04T15:47:55.776Z - [SYNC]: @nx/js:typescript-sync changes: 
[NX v21.1.2 Daemon Server] - 2025-06-04T15:47:55.776Z - Time taken for 'run-sync-generator:@nx/js:typescript-sync' 300.3141410000003ms
[NX v21.1.2 Daemon Server] - 2025-06-04T15:47:55.778Z - [REQUEST]: Client Request for Project Graph Received
[NX v21.1.2 Daemon Server] - 2025-06-04T15:47:55.778Z - [REQUEST]: Responding to the client. project-graph
[NX v21.1.2 Daemon Server] - 2025-06-04T15:47:55.779Z - Time taken for 'total for creating and serializing project graph' 0.2563049999998839ms
[NX v21.1.2 Daemon Server] - 2025-06-04T15:47:55.795Z - Done responding to the client project-graph
[NX v21.1.2 Daemon Server] - 2025-06-04T15:47:55.795Z - Handled REQUEST_PROJECT_GRAPH. Handling time: 0. Response time: 17.
[NX v21.1.2 Daemon Server] - 2025-06-04T15:47:55.797Z - Established a connection. Number of open connections: 6
[NX v21.1.2 Daemon Server] - 2025-06-04T15:48:09.117Z - Established a connection. Number of open connections: 7
[NX v21.1.2 Daemon Server] - 2025-06-04T15:48:09.118Z - Closed a connection. Number of open connections: 6
[NX v21.1.2 Daemon Server] - 2025-06-04T15:48:09.118Z - Established a connection. Number of open connections: 7
[NX v21.1.2 Daemon Server] - 2025-06-04T15:48:09.121Z - [REQUEST]: Client Request for Project Graph Received
[NX v21.1.2 Daemon Server] - 2025-06-04T15:48:09.121Z - [REQUEST]: Responding to the client. project-graph
[NX v21.1.2 Daemon Server] - 2025-06-04T15:48:09.122Z - Time taken for 'total for creating and serializing project graph' 0.3831739999986894ms
[NX v21.1.2 Daemon Server] - 2025-06-04T15:48:09.124Z - Done responding to the client project-graph
[NX v21.1.2 Daemon Server] - 2025-06-04T15:48:09.124Z - Handled REQUEST_PROJECT_GRAPH. Handling time: 0. Response time: 3.
[NX v21.1.2 Daemon Server] - 2025-06-04T15:48:09.685Z - Closed a connection. Number of open connections: 6
[NX v21.1.2 Daemon Server] - 2025-06-04T15:48:11.054Z - Established a connection. Number of open connections: 7
[NX v21.1.2 Daemon Server] - 2025-06-04T15:48:11.054Z - Closed a connection. Number of open connections: 6
[NX v21.1.2 Daemon Server] - 2025-06-04T15:48:11.055Z - Established a connection. Number of open connections: 7
[NX v21.1.2 Daemon Server] - 2025-06-04T15:48:11.057Z - [REQUEST]: Client Request for Project Graph Received
[NX v21.1.2 Daemon Server] - 2025-06-04T15:48:11.057Z - [REQUEST]: Responding to the client. project-graph
[NX v21.1.2 Daemon Server] - 2025-06-04T15:48:11.057Z - Time taken for 'total for creating and serializing project graph' 0.2730249999985972ms
[NX v21.1.2 Daemon Server] - 2025-06-04T15:48:11.060Z - Done responding to the client project-graph
[NX v21.1.2 Daemon Server] - 2025-06-04T15:48:11.060Z - Handled REQUEST_PROJECT_GRAPH. Handling time: 0. Response time: 3.
[NX v21.1.2 Daemon Server] - 2025-06-04T15:48:11.510Z - [REQUEST]: Client Request for Project Graph Received
[NX v21.1.2 Daemon Server] - 2025-06-04T15:48:11.510Z - [REQUEST]: Responding to the client. project-graph
[NX v21.1.2 Daemon Server] - 2025-06-04T15:48:11.511Z - Time taken for 'total for creating and serializing project graph' 0.3388260000028822ms
[NX v21.1.2 Daemon Server] - 2025-06-04T15:48:11.513Z - Done responding to the client project-graph
[NX v21.1.2 Daemon Server] - 2025-06-04T15:48:11.513Z - Handled REQUEST_PROJECT_GRAPH. Handling time: 0. Response time: 3.
[NX v21.1.2 Daemon Server] - 2025-06-04T15:48:11.517Z - [REQUEST]: Client Request for Project Graph Received
[NX v21.1.2 Daemon Server] - 2025-06-04T15:48:11.517Z - [REQUEST]: Responding to the client. project-graph
[NX v21.1.2 Daemon Server] - 2025-06-04T15:48:11.518Z - Time taken for 'total for creating and serializing project graph' 0.30875400000149966ms
[NX v21.1.2 Daemon Server] - 2025-06-04T15:48:11.520Z - Done responding to the client project-graph
[NX v21.1.2 Daemon Server] - 2025-06-04T15:48:11.520Z - Handled REQUEST_PROJECT_GRAPH. Handling time: 0. Response time: 3.
[NX v21.1.2 Daemon Server] - 2025-06-04T15:48:11.601Z - [REQUEST]: Client Request for Project Graph Received
[NX v21.1.2 Daemon Server] - 2025-06-04T15:48:11.602Z - [REQUEST]: Responding to the client. project-graph
[NX v21.1.2 Daemon Server] - 2025-06-04T15:48:11.603Z - Time taken for 'total for creating and serializing project graph' 0.30263299999933224ms
[NX v21.1.2 Daemon Server] - 2025-06-04T15:48:11.604Z - Done responding to the client project-graph
[NX v21.1.2 Daemon Server] - 2025-06-04T15:48:11.604Z - Handled REQUEST_PROJECT_GRAPH. Handling time: 1. Response time: 2.
[NX v21.1.2 Daemon Server] - 2025-06-04T15:48:11.626Z - [REQUEST]: Client Request for Project Graph Received
[NX v21.1.2 Daemon Server] - 2025-06-04T15:48:11.627Z - [REQUEST]: Responding to the client. project-graph
[NX v21.1.2 Daemon Server] - 2025-06-04T15:48:11.627Z - Time taken for 'total for creating and serializing project graph' 0.28967199999897275ms
[NX v21.1.2 Daemon Server] - 2025-06-04T15:48:11.630Z - Done responding to the client project-graph
[NX v21.1.2 Daemon Server] - 2025-06-04T15:48:11.630Z - Handled REQUEST_PROJECT_GRAPH. Handling time: 1. Response time: 3.
[NX v21.1.2 Daemon Server] - 2025-06-04T15:48:11.660Z - [REQUEST]: Client Request for Project Graph Received
[NX v21.1.2 Daemon Server] - 2025-06-04T15:48:11.661Z - [REQUEST]: Responding to the client. project-graph
[NX v21.1.2 Daemon Server] - 2025-06-04T15:48:11.662Z - Time taken for 'total for creating and serializing project graph' 0.2899840000027325ms
[NX v21.1.2 Daemon Server] - 2025-06-04T15:48:11.664Z - Done responding to the client project-graph
[NX v21.1.2 Daemon Server] - 2025-06-04T15:48:11.664Z - Handled REQUEST_PROJECT_GRAPH. Handling time: 1. Response time: 3.
[NX v21.1.2 Daemon Server] - 2025-06-04T15:48:11.675Z - [REQUEST]: Client Request for Project Graph Received
[NX v21.1.2 Daemon Server] - 2025-06-04T15:48:11.675Z - [REQUEST]: Responding to the client. project-graph
[NX v21.1.2 Daemon Server] - 2025-06-04T15:48:11.675Z - Time taken for 'total for creating and serializing project graph' 0.2702640000024985ms
[NX v21.1.2 Daemon Server] - 2025-06-04T15:48:11.677Z - Done responding to the client project-graph
[NX v21.1.2 Daemon Server] - 2025-06-04T15:48:11.677Z - Handled REQUEST_PROJECT_GRAPH. Handling time: 0. Response time: 2.
[NX v21.1.2 Daemon Server] - 2025-06-04T15:48:11.718Z - Closed a connection. Number of open connections: 6
[NX v21.1.2 Daemon Server] - 2025-06-04T15:48:22.702Z - Established a connection. Number of open connections: 7
[NX v21.1.2 Daemon Server] - 2025-06-04T15:48:22.703Z - Closed a connection. Number of open connections: 6
[NX v21.1.2 Daemon Server] - 2025-06-04T15:48:22.703Z - Established a connection. Number of open connections: 7
[NX v21.1.2 Daemon Server] - 2025-06-04T15:48:22.705Z - [REQUEST]: Client Request for Project Graph Received
[NX v21.1.2 Daemon Server] - 2025-06-04T15:48:22.705Z - [REQUEST]: Responding to the client. project-graph
[NX v21.1.2 Daemon Server] - 2025-06-04T15:48:22.705Z - Time taken for 'total for creating and serializing project graph' 0.2546279999987746ms
[NX v21.1.2 Daemon Server] - 2025-06-04T15:48:22.708Z - Done responding to the client project-graph
[NX v21.1.2 Daemon Server] - 2025-06-04T15:48:22.708Z - Handled REQUEST_PROJECT_GRAPH. Handling time: 0. Response time: 3.
[NX v21.1.2 Daemon Server] - 2025-06-04T15:48:23.129Z - [REQUEST]: Client Request for Project Graph Received
[NX v21.1.2 Daemon Server] - 2025-06-04T15:48:23.129Z - [REQUEST]: Responding to the client. project-graph
[NX v21.1.2 Daemon Server] - 2025-06-04T15:48:23.130Z - Time taken for 'total for creating and serializing project graph' 0.27776299999823095ms
[NX v21.1.2 Daemon Server] - 2025-06-04T15:48:23.131Z - Done responding to the client project-graph
[NX v21.1.2 Daemon Server] - 2025-06-04T15:48:23.131Z - Handled REQUEST_PROJECT_GRAPH. Handling time: 0. Response time: 2.
[NX v21.1.2 Daemon Server] - 2025-06-04T15:48:23.138Z - [REQUEST]: Client Request for Project Graph Received
[NX v21.1.2 Daemon Server] - 2025-06-04T15:48:23.139Z - [REQUEST]: Responding to the client. project-graph
[NX v21.1.2 Daemon Server] - 2025-06-04T15:48:23.140Z - Time taken for 'total for creating and serializing project graph' 0.4389100000007602ms
[NX v21.1.2 Daemon Server] - 2025-06-04T15:48:23.143Z - Done responding to the client project-graph
[NX v21.1.2 Daemon Server] - 2025-06-04T15:48:23.143Z - Handled REQUEST_PROJECT_GRAPH. Handling time: 1. Response time: 4.
[NX v21.1.2 Daemon Server] - 2025-06-04T15:48:23.204Z - [REQUEST]: Client Request for Project Graph Received
[NX v21.1.2 Daemon Server] - 2025-06-04T15:48:23.204Z - [REQUEST]: Responding to the client. project-graph
[NX v21.1.2 Daemon Server] - 2025-06-04T15:48:23.205Z - Time taken for 'total for creating and serializing project graph' 0.27185499999905005ms
[NX v21.1.2 Daemon Server] - 2025-06-04T15:48:23.207Z - Done responding to the client project-graph
[NX v21.1.2 Daemon Server] - 2025-06-04T15:48:23.207Z - Handled REQUEST_PROJECT_GRAPH. Handling time: 0. Response time: 3.
[NX v21.1.2 Daemon Server] - 2025-06-04T15:48:23.232Z - [REQUEST]: Client Request for Project Graph Received
[NX v21.1.2 Daemon Server] - 2025-06-04T15:48:23.233Z - [REQUEST]: Responding to the client. project-graph
[NX v21.1.2 Daemon Server] - 2025-06-04T15:48:23.238Z - Time taken for 'total for creating and serializing project graph' 1.2846820000013395ms
[NX v21.1.2 Daemon Server] - 2025-06-04T15:48:23.243Z - Done responding to the client project-graph
[NX v21.1.2 Daemon Server] - 2025-06-04T15:48:23.243Z - Handled REQUEST_PROJECT_GRAPH. Handling time: 1. Response time: 10.
[NX v21.1.2 Daemon Server] - 2025-06-04T15:48:23.269Z - [REQUEST]: Client Request for Project Graph Received
[NX v21.1.2 Daemon Server] - 2025-06-04T15:48:23.269Z - [REQUEST]: Responding to the client. project-graph
[NX v21.1.2 Daemon Server] - 2025-06-04T15:48:23.270Z - Time taken for 'total for creating and serializing project graph' 0.29430499999944004ms
[NX v21.1.2 Daemon Server] - 2025-06-04T15:48:23.272Z - Done responding to the client project-graph
[NX v21.1.2 Daemon Server] - 2025-06-04T15:48:23.272Z - Handled REQUEST_PROJECT_GRAPH. Handling time: 0. Response time: 3.
[NX v21.1.2 Daemon Server] - 2025-06-04T15:48:23.281Z - [REQUEST]: Client Request for Project Graph Received
[NX v21.1.2 Daemon Server] - 2025-06-04T15:48:23.281Z - [REQUEST]: Responding to the client. project-graph
[NX v21.1.2 Daemon Server] - 2025-06-04T15:48:23.283Z - Time taken for 'total for creating and serializing project graph' 0.3032939999975497ms
[NX v21.1.2 Daemon Server] - 2025-06-04T15:48:23.286Z - Done responding to the client project-graph
[NX v21.1.2 Daemon Server] - 2025-06-04T15:48:23.286Z - Handled REQUEST_PROJECT_GRAPH. Handling time: 0. Response time: 5.
[NX v21.1.2 Daemon Server] - 2025-06-04T15:48:23.321Z - Closed a connection. Number of open connections: 6
[NX v21.1.2 Daemon Server] - 2025-06-04T15:48:25.508Z - Established a connection. Number of open connections: 7
[NX v21.1.2 Daemon Server] - 2025-06-04T15:48:25.509Z - Closed a connection. Number of open connections: 6
[NX v21.1.2 Daemon Server] - 2025-06-04T15:48:25.509Z - Established a connection. Number of open connections: 7
[NX v21.1.2 Daemon Server] - 2025-06-04T15:48:25.511Z - [REQUEST]: Client Request for Project Graph Received
[NX v21.1.2 Daemon Server] - 2025-06-04T15:48:25.511Z - [REQUEST]: Responding to the client. project-graph
[NX v21.1.2 Daemon Server] - 2025-06-04T15:48:25.512Z - Time taken for 'total for creating and serializing project graph' 0.30573500000173226ms
[NX v21.1.2 Daemon Server] - 2025-06-04T15:48:25.514Z - Done responding to the client project-graph
[NX v21.1.2 Daemon Server] - 2025-06-04T15:48:25.515Z - Handled REQUEST_PROJECT_GRAPH. Handling time: 0. Response time: 4.
[NX v21.1.2 Daemon Server] - 2025-06-04T15:48:25.925Z - [REQUEST]: Client Request for Project Graph Received
[NX v21.1.2 Daemon Server] - 2025-06-04T15:48:25.925Z - [REQUEST]: Responding to the client. project-graph
[NX v21.1.2 Daemon Server] - 2025-06-04T15:48:25.926Z - Time taken for 'total for creating and serializing project graph' 0.296980999999505ms
[NX v21.1.2 Daemon Server] - 2025-06-04T15:48:25.927Z - Done responding to the client project-graph
[NX v21.1.2 Daemon Server] - 2025-06-04T15:48:25.927Z - Handled REQUEST_PROJECT_GRAPH. Handling time: 0. Response time: 2.
[NX v21.1.2 Daemon Server] - 2025-06-04T15:48:25.931Z - [REQUEST]: Client Request for Project Graph Received
[NX v21.1.2 Daemon Server] - 2025-06-04T15:48:25.931Z - [REQUEST]: Responding to the client. project-graph
[NX v21.1.2 Daemon Server] - 2025-06-04T15:48:25.933Z - Time taken for 'total for creating and serializing project graph' 0.28396300000167685ms
[NX v21.1.2 Daemon Server] - 2025-06-04T15:48:25.936Z - Done responding to the client project-graph
[NX v21.1.2 Daemon Server] - 2025-06-04T15:48:25.936Z - Handled REQUEST_PROJECT_GRAPH. Handling time: 0. Response time: 5.
[NX v21.1.2 Daemon Server] - 2025-06-04T15:48:26.000Z - [REQUEST]: Client Request for Project Graph Received
[NX v21.1.2 Daemon Server] - 2025-06-04T15:48:26.000Z - [REQUEST]: Responding to the client. project-graph
[NX v21.1.2 Daemon Server] - 2025-06-04T15:48:26.000Z - Time taken for 'total for creating and serializing project graph' 0.27728299999944284ms
[NX v21.1.2 Daemon Server] - 2025-06-04T15:48:26.002Z - Done responding to the client project-graph
[NX v21.1.2 Daemon Server] - 2025-06-04T15:48:26.002Z - Handled REQUEST_PROJECT_GRAPH. Handling time: 0. Response time: 2.
[NX v21.1.2 Daemon Server] - 2025-06-04T15:48:26.023Z - [REQUEST]: Client Request for Project Graph Received
[NX v21.1.2 Daemon Server] - 2025-06-04T15:48:26.024Z - [REQUEST]: Responding to the client. project-graph
[NX v21.1.2 Daemon Server] - 2025-06-04T15:48:26.025Z - Time taken for 'total for creating and serializing project graph' 0.28821199999947567ms
[NX v21.1.2 Daemon Server] - 2025-06-04T15:48:26.027Z - Done responding to the client project-graph
[NX v21.1.2 Daemon Server] - 2025-06-04T15:48:26.027Z - Handled REQUEST_PROJECT_GRAPH. Handling time: 1. Response time: 3.
[NX v21.1.2 Daemon Server] - 2025-06-04T15:48:26.039Z - [REQUEST]: Client Request for Project Graph Received
[NX v21.1.2 Daemon Server] - 2025-06-04T15:48:26.039Z - [REQUEST]: Responding to the client. project-graph
[NX v21.1.2 Daemon Server] - 2025-06-04T15:48:26.040Z - Time taken for 'total for creating and serializing project graph' 0.4984790000016801ms
[NX v21.1.2 Daemon Server] - 2025-06-04T15:48:26.042Z - Done responding to the client project-graph
[NX v21.1.2 Daemon Server] - 2025-06-04T15:48:26.042Z - Handled REQUEST_PROJECT_GRAPH. Handling time: 0. Response time: 3.
[NX v21.1.2 Daemon Server] - 2025-06-04T15:48:26.054Z - [REQUEST]: Client Request for Project Graph Received
[NX v21.1.2 Daemon Server] - 2025-06-04T15:48:26.055Z - [REQUEST]: Responding to the client. project-graph
[NX v21.1.2 Daemon Server] - 2025-06-04T15:48:26.055Z - Time taken for 'total for creating and serializing project graph' 0.27139099999840255ms
[NX v21.1.2 Daemon Server] - 2025-06-04T15:48:26.057Z - Done responding to the client project-graph
[NX v21.1.2 Daemon Server] - 2025-06-04T15:48:26.057Z - Handled REQUEST_PROJECT_GRAPH. Handling time: 1. Response time: 2.
[NX v21.1.2 Daemon Server] - 2025-06-04T15:48:26.064Z - [REQUEST]: Client Request for Project Graph Received
[NX v21.1.2 Daemon Server] - 2025-06-04T15:48:26.064Z - [REQUEST]: Responding to the client. project-graph
[NX v21.1.2 Daemon Server] - 2025-06-04T15:48:26.064Z - Time taken for 'total for creating and serializing project graph' 0.2711349999990489ms
[NX v21.1.2 Daemon Server] - 2025-06-04T15:48:26.066Z - Done responding to the client project-graph
[NX v21.1.2 Daemon Server] - 2025-06-04T15:48:26.066Z - Handled REQUEST_PROJECT_GRAPH. Handling time: 0. Response time: 2.
[NX v21.1.2 Daemon Server] - 2025-06-04T15:48:26.087Z - [REQUEST]: Client Request for Project Graph Received
[NX v21.1.2 Daemon Server] - 2025-06-04T15:48:26.088Z - [REQUEST]: Responding to the client. project-graph
[NX v21.1.2 Daemon Server] - 2025-06-04T15:48:26.089Z - Time taken for 'total for creating and serializing project graph' 0.6111500000006345ms
[NX v21.1.2 Daemon Server] - 2025-06-04T15:48:26.092Z - Done responding to the client project-graph
[NX v21.1.2 Daemon Server] - 2025-06-04T15:48:26.092Z - Handled REQUEST_PROJECT_GRAPH. Handling time: 1. Response time: 4.
[NX v21.1.2 Daemon Server] - 2025-06-04T15:48:26.104Z - [REQUEST]: Client Request for Project Graph Received
[NX v21.1.2 Daemon Server] - 2025-06-04T15:48:26.104Z - [REQUEST]: Responding to the client. project-graph
[NX v21.1.2 Daemon Server] - 2025-06-04T15:48:26.105Z - Time taken for 'total for creating and serializing project graph' 0.262550999999803ms
[NX v21.1.2 Daemon Server] - 2025-06-04T15:48:26.106Z - Done responding to the client project-graph
[NX v21.1.2 Daemon Server] - 2025-06-04T15:48:26.106Z - Handled REQUEST_PROJECT_GRAPH. Handling time: 0. Response time: 2.
[NX v21.1.2 Daemon Server] - 2025-06-04T15:48:26.149Z - Closed a connection. Number of open connections: 6
[NX v21.1.2 Daemon Server] - 2025-06-04T15:48:46.915Z - Established a connection. Number of open connections: 7
[NX v21.1.2 Daemon Server] - 2025-06-04T15:48:46.915Z - Closed a connection. Number of open connections: 6
[NX v21.1.2 Daemon Server] - 2025-06-04T15:48:46.916Z - Established a connection. Number of open connections: 7
[NX v21.1.2 Daemon Server] - 2025-06-04T15:48:46.918Z - [REQUEST]: Client Request for Project Graph Received
[NX v21.1.2 Daemon Server] - 2025-06-04T15:48:46.918Z - [REQUEST]: Responding to the client. project-graph
[NX v21.1.2 Daemon Server] - 2025-06-04T15:48:46.918Z - Time taken for 'total for creating and serializing project graph' 0.25749099999666214ms
[NX v21.1.2 Daemon Server] - 2025-06-04T15:48:46.921Z - Done responding to the client project-graph
[NX v21.1.2 Daemon Server] - 2025-06-04T15:48:46.921Z - Handled REQUEST_PROJECT_GRAPH. Handling time: 1. Response time: 3.
[NX v21.1.2 Daemon Server] - 2025-06-04T15:48:47.326Z - [REQUEST]: Client Request for Project Graph Received
[NX v21.1.2 Daemon Server] - 2025-06-04T15:48:47.326Z - [REQUEST]: Responding to the client. project-graph
[NX v21.1.2 Daemon Server] - 2025-06-04T15:48:47.327Z - Time taken for 'total for creating and serializing project graph' 0.3082649999996647ms
[NX v21.1.2 Daemon Server] - 2025-06-04T15:48:47.329Z - Done responding to the client project-graph
[NX v21.1.2 Daemon Server] - 2025-06-04T15:48:47.329Z - Handled REQUEST_PROJECT_GRAPH. Handling time: 0. Response time: 3.
[NX v21.1.2 Daemon Server] - 2025-06-04T15:48:47.333Z - [REQUEST]: Client Request for Project Graph Received
[NX v21.1.2 Daemon Server] - 2025-06-04T15:48:47.334Z - [REQUEST]: Responding to the client. project-graph
[NX v21.1.2 Daemon Server] - 2025-06-04T15:48:47.335Z - Time taken for 'total for creating and serializing project graph' 0.711780000005092ms
[NX v21.1.2 Daemon Server] - 2025-06-04T15:48:47.338Z - Done responding to the client project-graph
[NX v21.1.2 Daemon Server] - 2025-06-04T15:48:47.338Z - Handled REQUEST_PROJECT_GRAPH. Handling time: 1. Response time: 4.
[NX v21.1.2 Daemon Server] - 2025-06-04T15:48:47.400Z - [REQUEST]: Client Request for Project Graph Received
[NX v21.1.2 Daemon Server] - 2025-06-04T15:48:47.401Z - [REQUEST]: Responding to the client. project-graph
[NX v21.1.2 Daemon Server] - 2025-06-04T15:48:47.402Z - Time taken for 'total for creating and serializing project graph' 0.3519289999967441ms
[NX v21.1.2 Daemon Server] - 2025-06-04T15:48:47.404Z - Done responding to the client project-graph
[NX v21.1.2 Daemon Server] - 2025-06-04T15:48:47.404Z - Handled REQUEST_PROJECT_GRAPH. Handling time: 1. Response time: 3.
[NX v21.1.2 Daemon Server] - 2025-06-04T15:48:47.425Z - [REQUEST]: Client Request for Project Graph Received
[NX v21.1.2 Daemon Server] - 2025-06-04T15:48:47.425Z - [REQUEST]: Responding to the client. project-graph
[NX v21.1.2 Daemon Server] - 2025-06-04T15:48:47.425Z - Time taken for 'total for creating and serializing project graph' 0.30214300000079675ms
[NX v21.1.2 Daemon Server] - 2025-06-04T15:48:47.428Z - Done responding to the client project-graph
[NX v21.1.2 Daemon Server] - 2025-06-04T15:48:47.428Z - Handled REQUEST_PROJECT_GRAPH. Handling time: 0. Response time: 3.
[NX v21.1.2 Daemon Server] - 2025-06-04T15:48:47.445Z - [REQUEST]: Client Request for Project Graph Received
[NX v21.1.2 Daemon Server] - 2025-06-04T15:48:47.445Z - [REQUEST]: Responding to the client. project-graph
[NX v21.1.2 Daemon Server] - 2025-06-04T15:48:47.446Z - Time taken for 'total for creating and serializing project graph' 0.28002700000070035ms
[NX v21.1.2 Daemon Server] - 2025-06-04T15:48:47.447Z - Done responding to the client project-graph
[NX v21.1.2 Daemon Server] - 2025-06-04T15:48:47.447Z - Handled REQUEST_PROJECT_GRAPH. Handling time: 0. Response time: 2.
[NX v21.1.2 Daemon Server] - 2025-06-04T15:48:47.459Z - [REQUEST]: Client Request for Project Graph Received
[NX v21.1.2 Daemon Server] - 2025-06-04T15:48:47.459Z - [REQUEST]: Responding to the client. project-graph
[NX v21.1.2 Daemon Server] - 2025-06-04T15:48:47.459Z - Time taken for 'total for creating and serializing project graph' 0.2746419999966747ms
[NX v21.1.2 Daemon Server] - 2025-06-04T15:48:47.461Z - Done responding to the client project-graph
[NX v21.1.2 Daemon Server] - 2025-06-04T15:48:47.461Z - Handled REQUEST_PROJECT_GRAPH. Handling time: 0. Response time: 2.
[NX v21.1.2 Daemon Server] - 2025-06-04T15:48:47.467Z - [REQUEST]: Client Request for Project Graph Received
[NX v21.1.2 Daemon Server] - 2025-06-04T15:48:47.467Z - [REQUEST]: Responding to the client. project-graph
[NX v21.1.2 Daemon Server] - 2025-06-04T15:48:47.468Z - Time taken for 'total for creating and serializing project graph' 0.22752000000036787ms
[NX v21.1.2 Daemon Server] - 2025-06-04T15:48:47.469Z - Done responding to the client project-graph
[NX v21.1.2 Daemon Server] - 2025-06-04T15:48:47.469Z - Handled REQUEST_PROJECT_GRAPH. Handling time: 0. Response time: 2.
[NX v21.1.2 Daemon Server] - 2025-06-04T15:48:47.493Z - [REQUEST]: Client Request for Project Graph Received
[NX v21.1.2 Daemon Server] - 2025-06-04T15:48:47.494Z - [REQUEST]: Responding to the client. project-graph
[NX v21.1.2 Daemon Server] - 2025-06-04T15:48:47.494Z - Time taken for 'total for creating and serializing project graph' 0.6660629999969387ms
[NX v21.1.2 Daemon Server] - 2025-06-04T15:48:47.496Z - Done responding to the client project-graph
[NX v21.1.2 Daemon Server] - 2025-06-04T15:48:47.496Z - Handled REQUEST_PROJECT_GRAPH. Handling time: 1. Response time: 2.
[NX v21.1.2 Daemon Server] - 2025-06-04T15:48:47.507Z - [REQUEST]: Client Request for Project Graph Received
[NX v21.1.2 Daemon Server] - 2025-06-04T15:48:47.507Z - [REQUEST]: Responding to the client. project-graph
[NX v21.1.2 Daemon Server] - 2025-06-04T15:48:47.508Z - Time taken for 'total for creating and serializing project graph' 0.23873599999933504ms
[NX v21.1.2 Daemon Server] - 2025-06-04T15:48:47.509Z - Done responding to the client project-graph
[NX v21.1.2 Daemon Server] - 2025-06-04T15:48:47.509Z - Handled REQUEST_PROJECT_GRAPH. Handling time: 0. Response time: 2.
[NX v21.1.2 Daemon Server] - 2025-06-04T15:48:47.596Z - [WATCHER]: 19 file(s) created or restored, 1 file(s) modified, 0 file(s) deleted
[NX v21.1.2 Daemon Server] - 2025-06-04T15:48:47.597Z - [REQUEST]: Responding to the client. File watch changed
[NX v21.1.2 Daemon Server] - 2025-06-04T15:48:47.597Z - Done responding to the client File watch changed
[NX v21.1.2 Daemon Server] - 2025-06-04T15:48:47.597Z - Handled FILE-WATCH-CHANGED. Handling time: 0. Response time: 0.
[NX v21.1.2 Daemon Server] - 2025-06-04T15:48:47.597Z - [WATCHER]: Processing file changes in outputs
[NX v21.1.2 Daemon Server] - 2025-06-04T15:48:47.598Z - Time taken for 'changed-projects' 0.08043999999790685ms
[NX v21.1.2 Daemon Server] - 2025-06-04T15:48:47.698Z - [REQUEST]: Updated workspace context based on watched changes, recomputing project graph...
[NX v21.1.2 Daemon Server] - 2025-06-04T15:48:47.698Z - [REQUEST]: apps/second-app/vite.config.ts,apps/second-app-e2e/src/example.spec.ts,apps/second-app/src/assets/.gitkeep,apps/second-app/src/styles.css,apps/second-app/tsconfig.app.json,apps/second-app/index.html,apps/second-app/tailwind.config.js,apps/second-app/tsconfig.json,apps/second-app-e2e/tsconfig.json,apps/second-app/src/app/app.tsx,apps/second-app-e2e/playwright.config.ts,apps/second-app-e2e/package.json,apps/second-app/package.json,apps/second-app/tsconfig.spec.json,apps/second-app/src/main.tsx,apps/second-app/src/app/nx-welcome.tsx,apps/second-app/src/app/app.spec.tsx,apps/second-app/postcss.config.js,apps/second-app/public/favicon.ico,tsconfig.json
[NX v21.1.2 Daemon Server] - 2025-06-04T15:48:47.698Z - [REQUEST]: 
[NX v21.1.2 Daemon Server] - 2025-06-04T15:48:47.705Z - [REQUEST]: Responding to the client. handleHashMultiGlob
[NX v21.1.2 Daemon Server] - 2025-06-04T15:48:47.705Z - Done responding to the client handleHashMultiGlob
[NX v21.1.2 Daemon Server] - 2025-06-04T15:48:47.706Z - Handled HASH_GLOB. Handling time: 0. Response time: 1.
[NX v21.1.2 Daemon Server] - 2025-06-04T15:48:47.706Z - Time taken for 'hash changed files from watcher' 1.020392999998876ms
[NX v21.1.2 Daemon Server] - 2025-06-04T15:48:47.708Z - [REQUEST]: Responding to the client. handleHashMultiGlob
[NX v21.1.2 Daemon Server] - 2025-06-04T15:48:47.708Z - Done responding to the client handleHashMultiGlob
[NX v21.1.2 Daemon Server] - 2025-06-04T15:48:47.708Z - Handled HASH_GLOB. Handling time: 1. Response time: 0.
[NX v21.1.2 Daemon Server] - 2025-06-04T15:48:47.709Z - [REQUEST]: Responding to the client. handleHashGlob
[NX v21.1.2 Daemon Server] - 2025-06-04T15:48:47.709Z - Done responding to the client handleHashGlob
[NX v21.1.2 Daemon Server] - 2025-06-04T15:48:47.709Z - Handled HASH_GLOB. Handling time: 1. Response time: 0.
[NX v21.1.2 Daemon Server] - 2025-06-04T15:48:47.710Z - [REQUEST]: Responding to the client. handleHashGlob
[NX v21.1.2 Daemon Server] - 2025-06-04T15:48:47.710Z - Done responding to the client handleHashGlob
[NX v21.1.2 Daemon Server] - 2025-06-04T15:48:47.710Z - Handled HASH_GLOB. Handling time: 0. Response time: 0.
[NX v21.1.2 Daemon Server] - 2025-06-04T15:48:47.728Z - [REQUEST]: Responding to the client. handleNxWorkspaceFiles
[NX v21.1.2 Daemon Server] - 2025-06-04T15:48:47.728Z - Done responding to the client handleNxWorkspaceFiles
[NX v21.1.2 Daemon Server] - 2025-06-04T15:48:47.728Z - Handled GET_FILES_IN_DIRECTORY. Handling time: 0. Response time: 0.
[NX v21.1.2 Daemon Server] - 2025-06-04T15:48:47.751Z - Time taken for 'build-project-configs' 33.148708000000624ms
[NX v21.1.2 Daemon Server] - 2025-06-04T15:48:47.765Z - Time taken for '@nx/js/typescript:createDependencies' 17.938460999997915ms
[NX v21.1.2 Daemon Server] - 2025-06-04T15:48:47.766Z - Time taken for '@nx/vite/plugin:createDependencies' 17.215911999999662ms
[NX v21.1.2 Daemon Server] - 2025-06-04T15:48:47.798Z - [SYNC]: collect registered sync generators
[NX v21.1.2 Daemon Server] - 2025-06-04T15:48:47.799Z - [SYNC]: nx.json hash is the same, not collecting global sync generators
[NX v21.1.2 Daemon Server] - 2025-06-04T15:48:47.799Z - [SYNC]: scheduling: ["@nx/js:typescript-sync"]
[NX v21.1.2 Daemon Server] - 2025-06-04T15:48:47.799Z - [REQUEST]: Responding to the client. File watch changed
[NX v21.1.2 Daemon Server] - 2025-06-04T15:48:47.799Z - Done responding to the client File watch changed
[NX v21.1.2 Daemon Server] - 2025-06-04T15:48:47.799Z - Handled FILE-WATCH-CHANGED. Handling time: 0. Response time: 0.
[NX v21.1.2 Daemon Server] - 2025-06-04T15:48:47.799Z - Time taken for 'total execution time for createProjectGraph()' 44.58216700000048ms
[NX v21.1.2 Daemon Server] - 2025-06-04T15:48:48.000Z - [SYNC]: running scheduled generator @nx/js:typescript-sync
[NX v21.1.2 Daemon Server] - 2025-06-04T15:48:48.002Z - [REQUEST]: Client Request for Project Graph Received
[NX v21.1.2 Daemon Server] - 2025-06-04T15:48:48.003Z - [REQUEST]: Responding to the client. project-graph
[NX v21.1.2 Daemon Server] - 2025-06-04T15:48:48.003Z - Time taken for 'total for creating and serializing project graph' 0.2783140000028652ms
[NX v21.1.2 Daemon Server] - 2025-06-04T15:48:48.005Z - Done responding to the client project-graph
[NX v21.1.2 Daemon Server] - 2025-06-04T15:48:48.005Z - Handled REQUEST_PROJECT_GRAPH. Handling time: 1. Response time: 2.
[NX v21.1.2 Daemon Server] - 2025-06-04T15:48:48.011Z - [SYNC]: @nx/js:typescript-sync changes: 
[NX v21.1.2 Daemon Server] - 2025-06-04T15:48:48.011Z - Time taken for 'run-sync-generator:@nx/js:typescript-sync' 10.909010000003036ms
[NX v21.1.2 Daemon Server] - 2025-06-04T15:48:48.804Z - Established a connection. Number of open connections: 8
[NX v21.1.2 Daemon Server] - 2025-06-04T15:48:48.804Z - [REQUEST]: Client Request for Project Graph Received
[NX v21.1.2 Daemon Server] - 2025-06-04T15:48:48.804Z - [REQUEST]: Responding to the client. project-graph
[NX v21.1.2 Daemon Server] - 2025-06-04T15:48:48.805Z - Time taken for 'total for creating and serializing project graph' 0.23117700000148034ms
[NX v21.1.2 Daemon Server] - 2025-06-04T15:48:48.805Z - Closed a connection. Number of open connections: 7
[NX v21.1.2 Daemon Server] - 2025-06-04T15:48:48.807Z - Done responding to the client project-graph
[NX v21.1.2 Daemon Server] - 2025-06-04T15:48:48.807Z - Handled REQUEST_PROJECT_GRAPH. Handling time: 0. Response time: 3.
[NX v21.1.2 Daemon Server] - 2025-06-04T15:48:48.810Z - [REQUEST]: Responding to the client. handleContextFileData
[NX v21.1.2 Daemon Server] - 2025-06-04T15:48:48.810Z - Done responding to the client handleContextFileData
[NX v21.1.2 Daemon Server] - 2025-06-04T15:48:48.810Z - Handled GET_CONTEXT_FILE_DATA. Handling time: 0. Response time: 0.
[NX v21.1.2 Daemon Server] - 2025-06-04T15:48:48.811Z - Closed a connection. Number of open connections: 6
[NX v21.1.2 Daemon Server] - 2025-06-04T15:48:48.887Z - Closed a connection. Number of open connections: 5
[NX v21.1.2 Daemon Server] - 2025-06-04T15:48:48.889Z - Established a connection. Number of open connections: 6
[NX v21.1.2 Daemon Server] - 2025-06-04T15:48:48.889Z - Established a connection. Number of open connections: 7
[NX v21.1.2 Daemon Server] - 2025-06-04T15:48:48.890Z - Closed a connection. Number of open connections: 6
[NX v21.1.2 Daemon Server] - 2025-06-04T15:48:48.890Z - [REQUEST]: Client Request for Project Graph Received
[NX v21.1.2 Daemon Server] - 2025-06-04T15:48:48.891Z - [REQUEST]: Responding to the client. project-graph
[NX v21.1.2 Daemon Server] - 2025-06-04T15:48:48.891Z - Time taken for 'total for creating and serializing project graph' 0.33998799999972107ms
[NX v21.1.2 Daemon Server] - 2025-06-04T15:48:48.894Z - Done responding to the client project-graph
[NX v21.1.2 Daemon Server] - 2025-06-04T15:48:48.894Z - Handled REQUEST_PROJECT_GRAPH. Handling time: 1. Response time: 3.
[NX v21.1.2 Daemon Server] - 2025-06-04T15:48:48.897Z - [REQUEST]: Client Request for Project Graph Received
[NX v21.1.2 Daemon Server] - 2025-06-04T15:48:48.897Z - [REQUEST]: Responding to the client. project-graph
[NX v21.1.2 Daemon Server] - 2025-06-04T15:48:48.898Z - Time taken for 'total for creating and serializing project graph' 0.4302030000035302ms
[NX v21.1.2 Daemon Server] - 2025-06-04T15:48:48.900Z - Done responding to the client project-graph
[NX v21.1.2 Daemon Server] - 2025-06-04T15:48:48.900Z - Handled REQUEST_PROJECT_GRAPH. Handling time: 0. Response time: 3.
[NX v21.1.2 Daemon Server] - 2025-06-04T15:48:48.902Z - Established a connection. Number of open connections: 7
[NX v21.1.2 Daemon Server] - 2025-06-04T15:48:48.978Z - Closed a connection. Number of open connections: 6
[NX v21.1.2 Daemon Server] - 2025-06-04T15:49:10.725Z - Established a connection. Number of open connections: 7
[NX v21.1.2 Daemon Server] - 2025-06-04T15:49:10.725Z - Closed a connection. Number of open connections: 6
[NX v21.1.2 Daemon Server] - 2025-06-04T15:49:10.726Z - Established a connection. Number of open connections: 7
[NX v21.1.2 Daemon Server] - 2025-06-04T15:49:10.728Z - [REQUEST]: Client Request for Project Graph Received
[NX v21.1.2 Daemon Server] - 2025-06-04T15:49:10.728Z - [REQUEST]: Responding to the client. project-graph
[NX v21.1.2 Daemon Server] - 2025-06-04T15:49:10.729Z - Time taken for 'total for creating and serializing project graph' 0.27283499999612104ms
[NX v21.1.2 Daemon Server] - 2025-06-04T15:49:10.732Z - Done responding to the client project-graph
[NX v21.1.2 Daemon Server] - 2025-06-04T15:49:10.732Z - Handled REQUEST_PROJECT_GRAPH. Handling time: 0. Response time: 4.
[NX v21.1.2 Daemon Server] - 2025-06-04T15:49:11.181Z - Closed a connection. Number of open connections: 6
[NX v21.1.2 Daemon Server] - 2025-06-04T15:49:12.526Z - Established a connection. Number of open connections: 7
[NX v21.1.2 Daemon Server] - 2025-06-04T15:49:12.526Z - Closed a connection. Number of open connections: 6
[NX v21.1.2 Daemon Server] - 2025-06-04T15:49:12.527Z - Established a connection. Number of open connections: 7
[NX v21.1.2 Daemon Server] - 2025-06-04T15:49:12.529Z - [REQUEST]: Client Request for Project Graph Received
[NX v21.1.2 Daemon Server] - 2025-06-04T15:49:12.529Z - [REQUEST]: Responding to the client. project-graph
[NX v21.1.2 Daemon Server] - 2025-06-04T15:49:12.529Z - Time taken for 'total for creating and serializing project graph' 0.2571419999876525ms
[NX v21.1.2 Daemon Server] - 2025-06-04T15:49:12.532Z - Done responding to the client project-graph
[NX v21.1.2 Daemon Server] - 2025-06-04T15:49:12.532Z - Handled REQUEST_PROJECT_GRAPH. Handling time: 0. Response time: 3.
[NX v21.1.2 Daemon Server] - 2025-06-04T15:49:12.939Z - [REQUEST]: Client Request for Project Graph Received
[NX v21.1.2 Daemon Server] - 2025-06-04T15:49:12.940Z - [REQUEST]: Responding to the client. project-graph
[NX v21.1.2 Daemon Server] - 2025-06-04T15:49:12.940Z - Time taken for 'total for creating and serializing project graph' 0.49122799999895506ms
[NX v21.1.2 Daemon Server] - 2025-06-04T15:49:12.946Z - Done responding to the client project-graph
[NX v21.1.2 Daemon Server] - 2025-06-04T15:49:12.946Z - Handled REQUEST_PROJECT_GRAPH. Handling time: 1. Response time: 6.
[NX v21.1.2 Daemon Server] - 2025-06-04T15:49:12.950Z - [REQUEST]: Client Request for Project Graph Received
[NX v21.1.2 Daemon Server] - 2025-06-04T15:49:12.950Z - [REQUEST]: Responding to the client. project-graph
[NX v21.1.2 Daemon Server] - 2025-06-04T15:49:12.951Z - Time taken for 'total for creating and serializing project graph' 0.27406100000371225ms
[NX v21.1.2 Daemon Server] - 2025-06-04T15:49:12.954Z - Done responding to the client project-graph
[NX v21.1.2 Daemon Server] - 2025-06-04T15:49:12.954Z - Handled REQUEST_PROJECT_GRAPH. Handling time: 0. Response time: 4.
[NX v21.1.2 Daemon Server] - 2025-06-04T15:49:12.974Z - [REQUEST]: Responding to the client. handleGlob
[NX v21.1.2 Daemon Server] - 2025-06-04T15:49:12.974Z - Done responding to the client handleGlob
[NX v21.1.2 Daemon Server] - 2025-06-04T15:49:12.974Z - Handled GLOB. Handling time: 1. Response time: 0.
[NX v21.1.2 Daemon Server] - 2025-06-04T15:49:12.978Z - [REQUEST]: Responding to the client. handleGlob
[NX v21.1.2 Daemon Server] - 2025-06-04T15:49:12.978Z - Done responding to the client handleGlob
[NX v21.1.2 Daemon Server] - 2025-06-04T15:49:12.978Z - Handled GLOB. Handling time: 0. Response time: 0.
[NX v21.1.2 Daemon Server] - 2025-06-04T15:49:13.016Z - [REQUEST]: Client Request for Project Graph Received
[NX v21.1.2 Daemon Server] - 2025-06-04T15:49:13.016Z - [REQUEST]: Responding to the client. project-graph
[NX v21.1.2 Daemon Server] - 2025-06-04T15:49:13.017Z - Time taken for 'total for creating and serializing project graph' 0.2595240000082413ms
[NX v21.1.2 Daemon Server] - 2025-06-04T15:49:13.019Z - Done responding to the client project-graph
[NX v21.1.2 Daemon Server] - 2025-06-04T15:49:13.019Z - Handled REQUEST_PROJECT_GRAPH. Handling time: 0. Response time: 3.
[NX v21.1.2 Daemon Server] - 2025-06-04T15:49:13.057Z - Closed a connection. Number of open connections: 6
[NX v21.1.2 Daemon Server] - 2025-06-04T15:49:15.391Z - Established a connection. Number of open connections: 7
[NX v21.1.2 Daemon Server] - 2025-06-04T15:49:15.392Z - Closed a connection. Number of open connections: 6
[NX v21.1.2 Daemon Server] - 2025-06-04T15:49:15.393Z - Established a connection. Number of open connections: 7
[NX v21.1.2 Daemon Server] - 2025-06-04T15:49:15.396Z - [REQUEST]: Client Request for Project Graph Received
[NX v21.1.2 Daemon Server] - 2025-06-04T15:49:15.396Z - [REQUEST]: Responding to the client. project-graph
[NX v21.1.2 Daemon Server] - 2025-06-04T15:49:15.396Z - Time taken for 'total for creating and serializing project graph' 0.3808829999907175ms
[NX v21.1.2 Daemon Server] - 2025-06-04T15:49:15.400Z - Done responding to the client project-graph
[NX v21.1.2 Daemon Server] - 2025-06-04T15:49:15.400Z - Handled REQUEST_PROJECT_GRAPH. Handling time: 0. Response time: 4.
[NX v21.1.2 Daemon Server] - 2025-06-04T15:49:15.809Z - [REQUEST]: Client Request for Project Graph Received
[NX v21.1.2 Daemon Server] - 2025-06-04T15:49:15.809Z - [REQUEST]: Responding to the client. project-graph
[NX v21.1.2 Daemon Server] - 2025-06-04T15:49:15.810Z - Time taken for 'total for creating and serializing project graph' 0.34486500000639353ms
[NX v21.1.2 Daemon Server] - 2025-06-04T15:49:15.813Z - Done responding to the client project-graph
[NX v21.1.2 Daemon Server] - 2025-06-04T15:49:15.813Z - Handled REQUEST_PROJECT_GRAPH. Handling time: 0. Response time: 4.
[NX v21.1.2 Daemon Server] - 2025-06-04T15:49:15.817Z - [REQUEST]: Client Request for Project Graph Received
[NX v21.1.2 Daemon Server] - 2025-06-04T15:49:15.817Z - [REQUEST]: Responding to the client. project-graph
[NX v21.1.2 Daemon Server] - 2025-06-04T15:49:15.818Z - Time taken for 'total for creating and serializing project graph' 0.3639380000095116ms
[NX v21.1.2 Daemon Server] - 2025-06-04T15:49:15.820Z - Done responding to the client project-graph
[NX v21.1.2 Daemon Server] - 2025-06-04T15:49:15.820Z - Handled REQUEST_PROJECT_GRAPH. Handling time: 0. Response time: 3.
[NX v21.1.2 Daemon Server] - 2025-06-04T15:49:15.845Z - [REQUEST]: Responding to the client. handleGlob
[NX v21.1.2 Daemon Server] - 2025-06-04T15:49:15.845Z - Done responding to the client handleGlob
[NX v21.1.2 Daemon Server] - 2025-06-04T15:49:15.846Z - Handled GLOB. Handling time: 2. Response time: 1.
[NX v21.1.2 Daemon Server] - 2025-06-04T15:49:15.850Z - [REQUEST]: Responding to the client. handleGlob
[NX v21.1.2 Daemon Server] - 2025-06-04T15:49:15.850Z - Done responding to the client handleGlob
[NX v21.1.2 Daemon Server] - 2025-06-04T15:49:15.850Z - Handled GLOB. Handling time: 1. Response time: 0.
[NX v21.1.2 Daemon Server] - 2025-06-04T15:49:15.885Z - [REQUEST]: Client Request for Project Graph Received
[NX v21.1.2 Daemon Server] - 2025-06-04T15:49:15.885Z - [REQUEST]: Responding to the client. project-graph
[NX v21.1.2 Daemon Server] - 2025-06-04T15:49:15.887Z - Time taken for 'total for creating and serializing project graph' 0.4576539999980014ms
[NX v21.1.2 Daemon Server] - 2025-06-04T15:49:15.891Z - Done responding to the client project-graph
[NX v21.1.2 Daemon Server] - 2025-06-04T15:49:15.891Z - Handled REQUEST_PROJECT_GRAPH. Handling time: 0. Response time: 6.
[NX v21.1.2 Daemon Server] - 2025-06-04T15:49:15.929Z - Closed a connection. Number of open connections: 6
[NX v21.1.2 Daemon Server] - 2025-06-04T15:49:17.216Z - Established a connection. Number of open connections: 7
[NX v21.1.2 Daemon Server] - 2025-06-04T15:49:17.216Z - Closed a connection. Number of open connections: 6
[NX v21.1.2 Daemon Server] - 2025-06-04T15:49:17.217Z - Established a connection. Number of open connections: 7
[NX v21.1.2 Daemon Server] - 2025-06-04T15:49:17.219Z - [REQUEST]: Client Request for Project Graph Received
[NX v21.1.2 Daemon Server] - 2025-06-04T15:49:17.219Z - [REQUEST]: Responding to the client. project-graph
[NX v21.1.2 Daemon Server] - 2025-06-04T15:49:17.220Z - Time taken for 'total for creating and serializing project graph' 0.4757040000113193ms
[NX v21.1.2 Daemon Server] - 2025-06-04T15:49:17.223Z - Done responding to the client project-graph
[NX v21.1.2 Daemon Server] - 2025-06-04T15:49:17.223Z - Handled REQUEST_PROJECT_GRAPH. Handling time: 0. Response time: 4.
[NX v21.1.2 Daemon Server] - 2025-06-04T15:49:17.688Z - [REQUEST]: Client Request for Project Graph Received
[NX v21.1.2 Daemon Server] - 2025-06-04T15:49:17.689Z - [REQUEST]: Responding to the client. project-graph
[NX v21.1.2 Daemon Server] - 2025-06-04T15:49:17.690Z - Time taken for 'total for creating and serializing project graph' 0.46540400000230875ms
[NX v21.1.2 Daemon Server] - 2025-06-04T15:49:17.695Z - Done responding to the client project-graph
[NX v21.1.2 Daemon Server] - 2025-06-04T15:49:17.695Z - Handled REQUEST_PROJECT_GRAPH. Handling time: 1. Response time: 6.
[NX v21.1.2 Daemon Server] - 2025-06-04T15:49:17.699Z - [REQUEST]: Client Request for Project Graph Received
[NX v21.1.2 Daemon Server] - 2025-06-04T15:49:17.699Z - [REQUEST]: Responding to the client. project-graph
[NX v21.1.2 Daemon Server] - 2025-06-04T15:49:17.700Z - Time taken for 'total for creating and serializing project graph' 0.3396459999930812ms
[NX v21.1.2 Daemon Server] - 2025-06-04T15:49:17.703Z - Done responding to the client project-graph
[NX v21.1.2 Daemon Server] - 2025-06-04T15:49:17.703Z - Handled REQUEST_PROJECT_GRAPH. Handling time: 0. Response time: 4.
[NX v21.1.2 Daemon Server] - 2025-06-04T15:49:17.720Z - [REQUEST]: Responding to the client. handleGlob
[NX v21.1.2 Daemon Server] - 2025-06-04T15:49:17.721Z - Done responding to the client handleGlob
[NX v21.1.2 Daemon Server] - 2025-06-04T15:49:17.721Z - Handled GLOB. Handling time: 0. Response time: 1.
[NX v21.1.2 Daemon Server] - 2025-06-04T15:49:17.724Z - [REQUEST]: Responding to the client. handleGlob
[NX v21.1.2 Daemon Server] - 2025-06-04T15:49:17.724Z - Done responding to the client handleGlob
[NX v21.1.2 Daemon Server] - 2025-06-04T15:49:17.724Z - Handled GLOB. Handling time: 0. Response time: 0.
[NX v21.1.2 Daemon Server] - 2025-06-04T15:49:17.760Z - [REQUEST]: Client Request for Project Graph Received
[NX v21.1.2 Daemon Server] - 2025-06-04T15:49:17.760Z - [REQUEST]: Responding to the client. project-graph
[NX v21.1.2 Daemon Server] - 2025-06-04T15:49:17.761Z - Time taken for 'total for creating and serializing project graph' 0.31241299999237526ms
[NX v21.1.2 Daemon Server] - 2025-06-04T15:49:17.763Z - Done responding to the client project-graph
[NX v21.1.2 Daemon Server] - 2025-06-04T15:49:17.763Z - Handled REQUEST_PROJECT_GRAPH. Handling time: 0. Response time: 3.
[NX v21.1.2 Daemon Server] - 2025-06-04T15:49:17.801Z - Closed a connection. Number of open connections: 6
[NX v21.1.2 Daemon Server] - 2025-06-04T15:49:20.560Z - Established a connection. Number of open connections: 7
[NX v21.1.2 Daemon Server] - 2025-06-04T15:49:20.561Z - Closed a connection. Number of open connections: 6
[NX v21.1.2 Daemon Server] - 2025-06-04T15:49:20.562Z - Established a connection. Number of open connections: 7
[NX v21.1.2 Daemon Server] - 2025-06-04T15:49:20.563Z - [REQUEST]: Client Request for Project Graph Received
[NX v21.1.2 Daemon Server] - 2025-06-04T15:49:20.564Z - [REQUEST]: Responding to the client. project-graph
[NX v21.1.2 Daemon Server] - 2025-06-04T15:49:20.564Z - Time taken for 'total for creating and serializing project graph' 0.33534900000086054ms
[NX v21.1.2 Daemon Server] - 2025-06-04T15:49:20.567Z - Done responding to the client project-graph
[NX v21.1.2 Daemon Server] - 2025-06-04T15:49:20.567Z - Handled REQUEST_PROJECT_GRAPH. Handling time: 1. Response time: 3.
[NX v21.1.2 Daemon Server] - 2025-06-04T15:49:20.976Z - [REQUEST]: Client Request for Project Graph Received
[NX v21.1.2 Daemon Server] - 2025-06-04T15:49:20.976Z - [REQUEST]: Responding to the client. project-graph
[NX v21.1.2 Daemon Server] - 2025-06-04T15:49:20.977Z - Time taken for 'total for creating and serializing project graph' 0.4549819999956526ms
[NX v21.1.2 Daemon Server] - 2025-06-04T15:49:20.981Z - Done responding to the client project-graph
[NX v21.1.2 Daemon Server] - 2025-06-04T15:49:20.981Z - Handled REQUEST_PROJECT_GRAPH. Handling time: 0. Response time: 5.
[NX v21.1.2 Daemon Server] - 2025-06-04T15:49:20.987Z - [REQUEST]: Client Request for Project Graph Received
[NX v21.1.2 Daemon Server] - 2025-06-04T15:49:20.988Z - [REQUEST]: Responding to the client. project-graph
[NX v21.1.2 Daemon Server] - 2025-06-04T15:49:20.989Z - Time taken for 'total for creating and serializing project graph' 0.48716499999864027ms
[NX v21.1.2 Daemon Server] - 2025-06-04T15:49:20.992Z - Done responding to the client project-graph
[NX v21.1.2 Daemon Server] - 2025-06-04T15:49:20.992Z - Handled REQUEST_PROJECT_GRAPH. Handling time: 1. Response time: 4.
[NX v21.1.2 Daemon Server] - 2025-06-04T15:49:21.013Z - [REQUEST]: Responding to the client. handleGlob
[NX v21.1.2 Daemon Server] - 2025-06-04T15:49:21.013Z - Done responding to the client handleGlob
[NX v21.1.2 Daemon Server] - 2025-06-04T15:49:21.013Z - Handled GLOB. Handling time: 1. Response time: 0.
[NX v21.1.2 Daemon Server] - 2025-06-04T15:49:21.017Z - [REQUEST]: Responding to the client. handleGlob
[NX v21.1.2 Daemon Server] - 2025-06-04T15:49:21.017Z - Done responding to the client handleGlob
[NX v21.1.2 Daemon Server] - 2025-06-04T15:49:21.017Z - Handled GLOB. Handling time: 1. Response time: 0.
[NX v21.1.2 Daemon Server] - 2025-06-04T15:49:21.067Z - [REQUEST]: Client Request for Project Graph Received
[NX v21.1.2 Daemon Server] - 2025-06-04T15:49:21.068Z - [REQUEST]: Responding to the client. project-graph
[NX v21.1.2 Daemon Server] - 2025-06-04T15:49:21.068Z - Time taken for 'total for creating and serializing project graph' 0.2540259999950649ms
[NX v21.1.2 Daemon Server] - 2025-06-04T15:49:21.070Z - Done responding to the client project-graph
[NX v21.1.2 Daemon Server] - 2025-06-04T15:49:21.070Z - Handled REQUEST_PROJECT_GRAPH. Handling time: 1. Response time: 2.
[NX v21.1.2 Daemon Server] - 2025-06-04T15:49:21.098Z - [REQUEST]: Client Request for Project Graph Received
[NX v21.1.2 Daemon Server] - 2025-06-04T15:49:21.098Z - [REQUEST]: Responding to the client. project-graph
[NX v21.1.2 Daemon Server] - 2025-06-04T15:49:21.099Z - Time taken for 'total for creating and serializing project graph' 0.31568900001002476ms
[NX v21.1.2 Daemon Server] - 2025-06-04T15:49:21.102Z - Done responding to the client project-graph
[NX v21.1.2 Daemon Server] - 2025-06-04T15:49:21.102Z - Handled REQUEST_PROJECT_GRAPH. Handling time: 0. Response time: 4.
[NX v21.1.2 Daemon Server] - 2025-06-04T15:49:21.132Z - [REQUEST]: Client Request for Project Graph Received
[NX v21.1.2 Daemon Server] - 2025-06-04T15:49:21.132Z - [REQUEST]: Responding to the client. project-graph
[NX v21.1.2 Daemon Server] - 2025-06-04T15:49:21.132Z - Time taken for 'total for creating and serializing project graph' 0.2978749999892898ms
[NX v21.1.2 Daemon Server] - 2025-06-04T15:49:21.135Z - Done responding to the client project-graph
[NX v21.1.2 Daemon Server] - 2025-06-04T15:49:21.135Z - Handled REQUEST_PROJECT_GRAPH. Handling time: 0. Response time: 3.
[NX v21.1.2 Daemon Server] - 2025-06-04T15:49:21.170Z - Closed a connection. Number of open connections: 6
[NX v21.1.2 Daemon Server] - 2025-06-04T15:49:25.476Z - Established a connection. Number of open connections: 7
[NX v21.1.2 Daemon Server] - 2025-06-04T15:49:25.477Z - Closed a connection. Number of open connections: 6
[NX v21.1.2 Daemon Server] - 2025-06-04T15:49:25.477Z - Established a connection. Number of open connections: 7
[NX v21.1.2 Daemon Server] - 2025-06-04T15:49:25.479Z - [REQUEST]: Client Request for Project Graph Received
[NX v21.1.2 Daemon Server] - 2025-06-04T15:49:25.479Z - [REQUEST]: Responding to the client. project-graph
[NX v21.1.2 Daemon Server] - 2025-06-04T15:49:25.480Z - Time taken for 'total for creating and serializing project graph' 0.23618599999463186ms
[NX v21.1.2 Daemon Server] - 2025-06-04T15:49:25.484Z - Done responding to the client project-graph
[NX v21.1.2 Daemon Server] - 2025-06-04T15:49:25.484Z - Handled REQUEST_PROJECT_GRAPH. Handling time: 0. Response time: 5.
[NX v21.1.2 Daemon Server] - 2025-06-04T15:49:25.898Z - [REQUEST]: Client Request for Project Graph Received
[NX v21.1.2 Daemon Server] - 2025-06-04T15:49:25.898Z - [REQUEST]: Responding to the client. project-graph
[NX v21.1.2 Daemon Server] - 2025-06-04T15:49:25.899Z - Time taken for 'total for creating and serializing project graph' 0.6265890000067884ms
[NX v21.1.2 Daemon Server] - 2025-06-04T15:49:25.904Z - Done responding to the client project-graph
[NX v21.1.2 Daemon Server] - 2025-06-04T15:49:25.904Z - Handled REQUEST_PROJECT_GRAPH. Handling time: 0. Response time: 6.
[NX v21.1.2 Daemon Server] - 2025-06-04T15:49:25.908Z - [REQUEST]: Client Request for Project Graph Received
[NX v21.1.2 Daemon Server] - 2025-06-04T15:49:25.909Z - [REQUEST]: Responding to the client. project-graph
[NX v21.1.2 Daemon Server] - 2025-06-04T15:49:25.909Z - Time taken for 'total for creating and serializing project graph' 0.4093620000057854ms
[NX v21.1.2 Daemon Server] - 2025-06-04T15:49:25.912Z - Done responding to the client project-graph
[NX v21.1.2 Daemon Server] - 2025-06-04T15:49:25.913Z - Handled REQUEST_PROJECT_GRAPH. Handling time: 1. Response time: 4.
[NX v21.1.2 Daemon Server] - 2025-06-04T15:49:25.932Z - [REQUEST]: Responding to the client. handleGlob
[NX v21.1.2 Daemon Server] - 2025-06-04T15:49:25.932Z - Done responding to the client handleGlob
[NX v21.1.2 Daemon Server] - 2025-06-04T15:49:25.932Z - Handled GLOB. Handling time: 1. Response time: 0.
[NX v21.1.2 Daemon Server] - 2025-06-04T15:49:25.946Z - [REQUEST]: Responding to the client. handleGlob
[NX v21.1.2 Daemon Server] - 2025-06-04T15:49:25.946Z - Done responding to the client handleGlob
[NX v21.1.2 Daemon Server] - 2025-06-04T15:49:25.946Z - Handled GLOB. Handling time: 8. Response time: 0.
[NX v21.1.2 Daemon Server] - 2025-06-04T15:49:25.989Z - [REQUEST]: Client Request for Project Graph Received
[NX v21.1.2 Daemon Server] - 2025-06-04T15:49:25.989Z - [REQUEST]: Responding to the client. project-graph
[NX v21.1.2 Daemon Server] - 2025-06-04T15:49:25.991Z - Time taken for 'total for creating and serializing project graph' 0.6476799999945797ms
[NX v21.1.2 Daemon Server] - 2025-06-04T15:49:25.994Z - Done responding to the client project-graph
[NX v21.1.2 Daemon Server] - 2025-06-04T15:49:25.994Z - Handled REQUEST_PROJECT_GRAPH. Handling time: 1. Response time: 5.
[NX v21.1.2 Daemon Server] - 2025-06-04T15:49:26.019Z - [REQUEST]: Client Request for Project Graph Received
[NX v21.1.2 Daemon Server] - 2025-06-04T15:49:26.019Z - [REQUEST]: Responding to the client. project-graph
[NX v21.1.2 Daemon Server] - 2025-06-04T15:49:26.020Z - Time taken for 'total for creating and serializing project graph' 0.2673639999993611ms
[NX v21.1.2 Daemon Server] - 2025-06-04T15:49:26.022Z - Done responding to the client project-graph
[NX v21.1.2 Daemon Server] - 2025-06-04T15:49:26.022Z - Handled REQUEST_PROJECT_GRAPH. Handling time: 0. Response time: 3.
[NX v21.1.2 Daemon Server] - 2025-06-04T15:49:26.062Z - [REQUEST]: Client Request for Project Graph Received
[NX v21.1.2 Daemon Server] - 2025-06-04T15:49:26.062Z - [REQUEST]: Responding to the client. project-graph
[NX v21.1.2 Daemon Server] - 2025-06-04T15:49:26.063Z - Time taken for 'total for creating and serializing project graph' 0.2798170000023674ms
[NX v21.1.2 Daemon Server] - 2025-06-04T15:49:26.064Z - Done responding to the client project-graph
[NX v21.1.2 Daemon Server] - 2025-06-04T15:49:26.064Z - Handled REQUEST_PROJECT_GRAPH. Handling time: 0. Response time: 2.
[NX v21.1.2 Daemon Server] - 2025-06-04T15:49:26.105Z - Closed a connection. Number of open connections: 6
[NX v21.1.2 Daemon Server] - 2025-06-04T15:49:27.398Z - Established a connection. Number of open connections: 7
[NX v21.1.2 Daemon Server] - 2025-06-04T15:49:27.399Z - Closed a connection. Number of open connections: 6
[NX v21.1.2 Daemon Server] - 2025-06-04T15:49:27.400Z - Established a connection. Number of open connections: 7
[NX v21.1.2 Daemon Server] - 2025-06-04T15:49:27.402Z - [REQUEST]: Client Request for Project Graph Received
[NX v21.1.2 Daemon Server] - 2025-06-04T15:49:27.402Z - [REQUEST]: Responding to the client. project-graph
[NX v21.1.2 Daemon Server] - 2025-06-04T15:49:27.403Z - Time taken for 'total for creating and serializing project graph' 0.24561099999118596ms
[NX v21.1.2 Daemon Server] - 2025-06-04T15:49:27.406Z - Done responding to the client project-graph
[NX v21.1.2 Daemon Server] - 2025-06-04T15:49:27.406Z - Handled REQUEST_PROJECT_GRAPH. Handling time: 0. Response time: 4.
[NX v21.1.2 Daemon Server] - 2025-06-04T15:49:27.809Z - [REQUEST]: Client Request for Project Graph Received
[NX v21.1.2 Daemon Server] - 2025-06-04T15:49:27.809Z - [REQUEST]: Responding to the client. project-graph
[NX v21.1.2 Daemon Server] - 2025-06-04T15:49:27.810Z - Time taken for 'total for creating and serializing project graph' 0.3174250000010943ms
[NX v21.1.2 Daemon Server] - 2025-06-04T15:49:27.813Z - Done responding to the client project-graph
[NX v21.1.2 Daemon Server] - 2025-06-04T15:49:27.813Z - Handled REQUEST_PROJECT_GRAPH. Handling time: 0. Response time: 4.
[NX v21.1.2 Daemon Server] - 2025-06-04T15:49:27.817Z - [REQUEST]: Client Request for Project Graph Received
[NX v21.1.2 Daemon Server] - 2025-06-04T15:49:27.817Z - [REQUEST]: Responding to the client. project-graph
[NX v21.1.2 Daemon Server] - 2025-06-04T15:49:27.818Z - Time taken for 'total for creating and serializing project graph' 0.3483740000083344ms
[NX v21.1.2 Daemon Server] - 2025-06-04T15:49:27.820Z - Done responding to the client project-graph
[NX v21.1.2 Daemon Server] - 2025-06-04T15:49:27.820Z - Handled REQUEST_PROJECT_GRAPH. Handling time: 0. Response time: 3.
[NX v21.1.2 Daemon Server] - 2025-06-04T15:49:27.844Z - [REQUEST]: Responding to the client. handleGlob
[NX v21.1.2 Daemon Server] - 2025-06-04T15:49:27.844Z - Done responding to the client handleGlob
[NX v21.1.2 Daemon Server] - 2025-06-04T15:49:27.845Z - Handled GLOB. Handling time: 2. Response time: 1.
[NX v21.1.2 Daemon Server] - 2025-06-04T15:49:27.849Z - [REQUEST]: Responding to the client. handleGlob
[NX v21.1.2 Daemon Server] - 2025-06-04T15:49:27.849Z - Done responding to the client handleGlob
[NX v21.1.2 Daemon Server] - 2025-06-04T15:49:27.849Z - Handled GLOB. Handling time: 0. Response time: 0.
[NX v21.1.2 Daemon Server] - 2025-06-04T15:49:27.897Z - [REQUEST]: Client Request for Project Graph Received
[NX v21.1.2 Daemon Server] - 2025-06-04T15:49:27.898Z - [REQUEST]: Responding to the client. project-graph
[NX v21.1.2 Daemon Server] - 2025-06-04T15:49:27.899Z - Time taken for 'total for creating and serializing project graph' 1.386382999990019ms
[NX v21.1.2 Daemon Server] - 2025-06-04T15:49:27.901Z - Done responding to the client project-graph
[NX v21.1.2 Daemon Server] - 2025-06-04T15:49:27.901Z - Handled REQUEST_PROJECT_GRAPH. Handling time: 1. Response time: 3.
[NX v21.1.2 Daemon Server] - 2025-06-04T15:49:27.925Z - [REQUEST]: Client Request for Project Graph Received
[NX v21.1.2 Daemon Server] - 2025-06-04T15:49:27.926Z - [REQUEST]: Responding to the client. project-graph
[NX v21.1.2 Daemon Server] - 2025-06-04T15:49:27.926Z - Time taken for 'total for creating and serializing project graph' 0.26553400000557303ms
[NX v21.1.2 Daemon Server] - 2025-06-04T15:49:27.928Z - Done responding to the client project-graph
[NX v21.1.2 Daemon Server] - 2025-06-04T15:49:27.928Z - Handled REQUEST_PROJECT_GRAPH. Handling time: 1. Response time: 2.
[NX v21.1.2 Daemon Server] - 2025-06-04T15:49:27.946Z - [REQUEST]: Client Request for Project Graph Received
[NX v21.1.2 Daemon Server] - 2025-06-04T15:49:27.947Z - [REQUEST]: Responding to the client. project-graph
[NX v21.1.2 Daemon Server] - 2025-06-04T15:49:27.947Z - Time taken for 'total for creating and serializing project graph' 0.47690500000317115ms
[NX v21.1.2 Daemon Server] - 2025-06-04T15:49:27.950Z - Done responding to the client project-graph
[NX v21.1.2 Daemon Server] - 2025-06-04T15:49:27.950Z - Handled REQUEST_PROJECT_GRAPH. Handling time: 1. Response time: 3.
[NX v21.1.2 Daemon Server] - 2025-06-04T15:49:27.962Z - [REQUEST]: Client Request for Project Graph Received
[NX v21.1.2 Daemon Server] - 2025-06-04T15:49:27.962Z - [REQUEST]: Responding to the client. project-graph
[NX v21.1.2 Daemon Server] - 2025-06-04T15:49:27.963Z - Time taken for 'total for creating and serializing project graph' 0.26777099999890197ms
[NX v21.1.2 Daemon Server] - 2025-06-04T15:49:27.964Z - Done responding to the client project-graph
[NX v21.1.2 Daemon Server] - 2025-06-04T15:49:27.964Z - Handled REQUEST_PROJECT_GRAPH. Handling time: 0. Response time: 2.
[NX v21.1.2 Daemon Server] - 2025-06-04T15:49:27.971Z - [REQUEST]: Client Request for Project Graph Received
[NX v21.1.2 Daemon Server] - 2025-06-04T15:49:27.972Z - [REQUEST]: Responding to the client. project-graph
[NX v21.1.2 Daemon Server] - 2025-06-04T15:49:27.973Z - Time taken for 'total for creating and serializing project graph' 0.2892100000026403ms
[NX v21.1.2 Daemon Server] - 2025-06-04T15:49:27.974Z - Done responding to the client project-graph
[NX v21.1.2 Daemon Server] - 2025-06-04T15:49:27.974Z - Handled REQUEST_PROJECT_GRAPH. Handling time: 1. Response time: 2.
[NX v21.1.2 Daemon Server] - 2025-06-04T15:49:28.006Z - [REQUEST]: Client Request for Project Graph Received
[NX v21.1.2 Daemon Server] - 2025-06-04T15:49:28.007Z - [REQUEST]: Responding to the client. project-graph
[NX v21.1.2 Daemon Server] - 2025-06-04T15:49:28.007Z - Time taken for 'total for creating and serializing project graph' 0.26826000001165085ms
[NX v21.1.2 Daemon Server] - 2025-06-04T15:49:28.009Z - Done responding to the client project-graph
[NX v21.1.2 Daemon Server] - 2025-06-04T15:49:28.009Z - Handled REQUEST_PROJECT_GRAPH. Handling time: 1. Response time: 2.
[NX v21.1.2 Daemon Server] - 2025-06-04T15:49:28.077Z - Closed a connection. Number of open connections: 6
[NX v21.1.2 Daemon Server] - 2025-06-04T15:49:42.233Z - Established a connection. Number of open connections: 7
[NX v21.1.2 Daemon Server] - 2025-06-04T15:49:42.234Z - Closed a connection. Number of open connections: 6
[NX v21.1.2 Daemon Server] - 2025-06-04T15:49:42.235Z - Established a connection. Number of open connections: 7
[NX v21.1.2 Daemon Server] - 2025-06-04T15:49:42.238Z - [REQUEST]: Client Request for Project Graph Received
[NX v21.1.2 Daemon Server] - 2025-06-04T15:49:42.239Z - [REQUEST]: Responding to the client. project-graph
[NX v21.1.2 Daemon Server] - 2025-06-04T15:49:42.240Z - Time taken for 'total for creating and serializing project graph' 0.7223010000016075ms
[NX v21.1.2 Daemon Server] - 2025-06-04T15:49:42.245Z - Done responding to the client project-graph
[NX v21.1.2 Daemon Server] - 2025-06-04T15:49:42.245Z - Handled REQUEST_PROJECT_GRAPH. Handling time: 1. Response time: 6.
[NX v21.1.2 Daemon Server] - 2025-06-04T15:49:42.659Z - [REQUEST]: Client Request for Project Graph Received
[NX v21.1.2 Daemon Server] - 2025-06-04T15:49:42.659Z - [REQUEST]: Responding to the client. project-graph
[NX v21.1.2 Daemon Server] - 2025-06-04T15:49:42.660Z - Time taken for 'total for creating and serializing project graph' 0.2662819999968633ms
[NX v21.1.2 Daemon Server] - 2025-06-04T15:49:42.663Z - Done responding to the client project-graph
[NX v21.1.2 Daemon Server] - 2025-06-04T15:49:42.663Z - Handled REQUEST_PROJECT_GRAPH. Handling time: 0. Response time: 4.
[NX v21.1.2 Daemon Server] - 2025-06-04T15:49:42.667Z - [REQUEST]: Client Request for Project Graph Received
[NX v21.1.2 Daemon Server] - 2025-06-04T15:49:42.667Z - [REQUEST]: Responding to the client. project-graph
[NX v21.1.2 Daemon Server] - 2025-06-04T15:49:42.668Z - Time taken for 'total for creating and serializing project graph' 0.24855800000659656ms
[NX v21.1.2 Daemon Server] - 2025-06-04T15:49:42.670Z - Done responding to the client project-graph
[NX v21.1.2 Daemon Server] - 2025-06-04T15:49:42.670Z - Handled REQUEST_PROJECT_GRAPH. Handling time: 0. Response time: 3.
[NX v21.1.2 Daemon Server] - 2025-06-04T15:49:42.696Z - [REQUEST]: Responding to the client. handleGlob
[NX v21.1.2 Daemon Server] - 2025-06-04T15:49:42.696Z - Done responding to the client handleGlob
[NX v21.1.2 Daemon Server] - 2025-06-04T15:49:42.696Z - Handled GLOB. Handling time: 6. Response time: 0.
[NX v21.1.2 Daemon Server] - 2025-06-04T15:49:42.701Z - [REQUEST]: Responding to the client. handleGlob
[NX v21.1.2 Daemon Server] - 2025-06-04T15:49:42.701Z - Done responding to the client handleGlob
[NX v21.1.2 Daemon Server] - 2025-06-04T15:49:42.701Z - Handled GLOB. Handling time: 1. Response time: 0.
[NX v21.1.2 Daemon Server] - 2025-06-04T15:49:42.742Z - [REQUEST]: Client Request for Project Graph Received
[NX v21.1.2 Daemon Server] - 2025-06-04T15:49:42.743Z - [REQUEST]: Responding to the client. project-graph
[NX v21.1.2 Daemon Server] - 2025-06-04T15:49:42.744Z - Time taken for 'total for creating and serializing project graph' 0.568184999996447ms
[NX v21.1.2 Daemon Server] - 2025-06-04T15:49:42.747Z - Done responding to the client project-graph
[NX v21.1.2 Daemon Server] - 2025-06-04T15:49:42.747Z - Handled REQUEST_PROJECT_GRAPH. Handling time: 1. Response time: 4.
[NX v21.1.2 Daemon Server] - 2025-06-04T15:49:42.772Z - [REQUEST]: Client Request for Project Graph Received
[NX v21.1.2 Daemon Server] - 2025-06-04T15:49:42.773Z - [REQUEST]: Responding to the client. project-graph
[NX v21.1.2 Daemon Server] - 2025-06-04T15:49:42.774Z - Time taken for 'total for creating and serializing project graph' 0.4577019999996992ms
[NX v21.1.2 Daemon Server] - 2025-06-04T15:49:42.777Z - Done responding to the client project-graph
[NX v21.1.2 Daemon Server] - 2025-06-04T15:49:42.777Z - Handled REQUEST_PROJECT_GRAPH. Handling time: 1. Response time: 4.
[NX v21.1.2 Daemon Server] - 2025-06-04T15:49:42.789Z - [REQUEST]: Client Request for Project Graph Received
[NX v21.1.2 Daemon Server] - 2025-06-04T15:49:42.790Z - [REQUEST]: Responding to the client. project-graph
[NX v21.1.2 Daemon Server] - 2025-06-04T15:49:42.791Z - Time taken for 'total for creating and serializing project graph' 0.47735000000102445ms
[NX v21.1.2 Daemon Server] - 2025-06-04T15:49:42.794Z - Done responding to the client project-graph
[NX v21.1.2 Daemon Server] - 2025-06-04T15:49:42.794Z - Handled REQUEST_PROJECT_GRAPH. Handling time: 1. Response time: 4.
[NX v21.1.2 Daemon Server] - 2025-06-04T15:49:42.807Z - [REQUEST]: Client Request for Project Graph Received
[NX v21.1.2 Daemon Server] - 2025-06-04T15:49:42.807Z - [REQUEST]: Responding to the client. project-graph
[NX v21.1.2 Daemon Server] - 2025-06-04T15:49:42.808Z - Time taken for 'total for creating and serializing project graph' 0.264960999993491ms
[NX v21.1.2 Daemon Server] - 2025-06-04T15:49:42.810Z - Done responding to the client project-graph
[NX v21.1.2 Daemon Server] - 2025-06-04T15:49:42.810Z - Handled REQUEST_PROJECT_GRAPH. Handling time: 0. Response time: 3.
[NX v21.1.2 Daemon Server] - 2025-06-04T15:49:42.816Z - [REQUEST]: Client Request for Project Graph Received
[NX v21.1.2 Daemon Server] - 2025-06-04T15:49:42.816Z - [REQUEST]: Responding to the client. project-graph
[NX v21.1.2 Daemon Server] - 2025-06-04T15:49:42.816Z - Time taken for 'total for creating and serializing project graph' 0.26347000000532717ms
[NX v21.1.2 Daemon Server] - 2025-06-04T15:49:42.818Z - Done responding to the client project-graph
[NX v21.1.2 Daemon Server] - 2025-06-04T15:49:42.818Z - Handled REQUEST_PROJECT_GRAPH. Handling time: 1. Response time: 2.
[NX v21.1.2 Daemon Server] - 2025-06-04T15:49:42.854Z - [REQUEST]: Client Request for Project Graph Received
[NX v21.1.2 Daemon Server] - 2025-06-04T15:49:42.854Z - [REQUEST]: Responding to the client. project-graph
[NX v21.1.2 Daemon Server] - 2025-06-04T15:49:42.855Z - Time taken for 'total for creating and serializing project graph' 0.31423600000562146ms
[NX v21.1.2 Daemon Server] - 2025-06-04T15:49:42.857Z - Done responding to the client project-graph
[NX v21.1.2 Daemon Server] - 2025-06-04T15:49:42.858Z - Handled REQUEST_PROJECT_GRAPH. Handling time: 0. Response time: 4.
[NX v21.1.2 Daemon Server] - 2025-06-04T15:49:42.947Z - [WATCHER]: 10 file(s) created or restored, 3 file(s) modified, 0 file(s) deleted
[NX v21.1.2 Daemon Server] - 2025-06-04T15:49:42.948Z - [REQUEST]: Responding to the client. File watch changed
[NX v21.1.2 Daemon Server] - 2025-06-04T15:49:42.948Z - Done responding to the client File watch changed
[NX v21.1.2 Daemon Server] - 2025-06-04T15:49:42.948Z - Handled FILE-WATCH-CHANGED. Handling time: 0. Response time: 0.
[NX v21.1.2 Daemon Server] - 2025-06-04T15:49:42.949Z - [WATCHER]: Processing file changes in outputs
[NX v21.1.2 Daemon Server] - 2025-06-04T15:49:42.949Z - Time taken for 'changed-projects' 0.3620260000025155ms
[NX v21.1.2 Daemon Server] - 2025-06-04T15:49:43.049Z - [REQUEST]: Updated workspace context based on watched changes, recomputing project graph...
[NX v21.1.2 Daemon Server] - 2025-06-04T15:49:43.049Z - [REQUEST]: libs/shared/src/lib/shared.tsx,libs/shared/README.md,libs/shared/package.json,libs/shared/.babelrc,libs/shared/tsconfig.lib.json,libs/shared/vite.config.ts,libs/shared/src/index.ts,libs/shared/tsconfig.json,libs/shared/src/lib/shared.spec.tsx,libs/shared/tsconfig.spec.json,package.json,nx.json,tsconfig.json
[NX v21.1.2 Daemon Server] - 2025-06-04T15:49:43.049Z - [REQUEST]: 
[NX v21.1.2 Daemon Server] - 2025-06-04T15:49:43.058Z - [REQUEST]: Responding to the client. handleHashMultiGlob
[NX v21.1.2 Daemon Server] - 2025-06-04T15:49:43.059Z - Done responding to the client handleHashMultiGlob
[NX v21.1.2 Daemon Server] - 2025-06-04T15:49:43.059Z - Handled HASH_GLOB. Handling time: 0. Response time: 1.
[NX v21.1.2 Daemon Server] - 2025-06-04T15:49:43.059Z - Time taken for 'hash changed files from watcher' 0.545548999987659ms
[NX v21.1.2 Daemon Server] - 2025-06-04T15:49:43.061Z - [REQUEST]: Responding to the client. handleHashGlob
[NX v21.1.2 Daemon Server] - 2025-06-04T15:49:43.061Z - Done responding to the client handleHashGlob
[NX v21.1.2 Daemon Server] - 2025-06-04T15:49:43.061Z - Handled HASH_GLOB. Handling time: 1. Response time: 0.
[NX v21.1.2 Daemon Server] - 2025-06-04T15:49:43.064Z - [REQUEST]: Responding to the client. handleHashMultiGlob
[NX v21.1.2 Daemon Server] - 2025-06-04T15:49:43.064Z - Done responding to the client handleHashMultiGlob
[NX v21.1.2 Daemon Server] - 2025-06-04T15:49:43.064Z - Handled HASH_GLOB. Handling time: 2. Response time: 0.
[NX v21.1.2 Daemon Server] - 2025-06-04T15:49:43.066Z - [REQUEST]: Responding to the client. handleHashGlob
[NX v21.1.2 Daemon Server] - 2025-06-04T15:49:43.066Z - Done responding to the client handleHashGlob
[NX v21.1.2 Daemon Server] - 2025-06-04T15:49:43.066Z - Handled HASH_GLOB. Handling time: 1. Response time: 0.
[31mfailed to load config from /Users/markthompson/Documents/github/nx-react-vite-stuff/example/libs/shared/vite.config.ts[39m
[NX v21.1.2 Daemon Server] - 2025-06-04T15:49:43.104Z - Time taken for 'build-project-configs' 43.47848900000099ms
[NX v21.1.2 Daemon Server] - 2025-06-04T15:49:43.109Z - Time taken for '@nx/js/typescript:createDependencies' 9.428075000003446ms
[NX v21.1.2 Daemon Server] - 2025-06-04T15:49:43.110Z - Time taken for '@nx/vite/plugin:createDependencies' 8.462675000002491ms
[NX v21.1.2 Daemon Server] - 2025-06-04T15:49:43.434Z - [REQUEST]: Responding to the client. File watch changed
[NX v21.1.2 Daemon Server] - 2025-06-04T15:49:43.434Z - Done responding to the client File watch changed
[NX v21.1.2 Daemon Server] - 2025-06-04T15:49:43.435Z - Handled FILE-WATCH-CHANGED. Handling time: 0. Response time: 1.
[NX v21.1.2 Daemon Server] - 2025-06-04T15:49:43.435Z - Time taken for 'total execution time for createProjectGraph()' 329.0523840000096ms
[NX v21.1.2 Daemon Server] - 2025-06-04T15:49:44.440Z - Established a connection. Number of open connections: 8
[NX v21.1.2 Daemon Server] - 2025-06-04T15:49:44.442Z - [REQUEST]: Client Request for Project Graph Received
[NX v21.1.2 Daemon Server] - 2025-06-04T15:49:44.443Z - [REQUEST]: Responding to the client with an error. Error when preparing serialized project graph. Failed to process project graph.
     - libs/shared/vite.config.ts: Error [ERR_MODULE_NOT_FOUND]: Cannot find package 'vite-plugin-dts' imported from /Users/markthompson/Documents/github/nx-react-vite-stuff/example/node_modules/.vite-temp/vite.config.ts.timestamp-1749052183078-871577dce342f.mjs
      at packageResolve (node:internal/modules/esm/resolve:853:9)
      at moduleResolve (node:internal/modules/esm/resolve:910:20)
      at defaultResolve (node:internal/modules/esm/resolve:1130:11)
      at ModuleLoader.defaultResolve (node:internal/modules/esm/loader:396:12)
      at ModuleLoader.resolve (node:internal/modules/esm/loader:365:25)
      at ModuleLoader.getModuleJob (node:internal/modules/esm/loader:240:38)
      at ModuleWrap.<anonymous> (node:internal/modules/esm/module_job:85:39)
      at link (node:internal/modules/esm/module_job:84:36)
[NX v21.1.2 Daemon Server] - 2025-06-04T15:49:44.448Z - Closed a connection. Number of open connections: 7
[NX v21.1.2 Daemon Server] - 2025-06-04T15:49:44.451Z - Done responding to the client null
[NX v21.1.2 Daemon Server] - 2025-06-04T15:49:44.451Z - Handled REQUEST_PROJECT_GRAPH. Handling time: 1. Response time: 9.
[NX v21.1.2 Daemon Server] - 2025-06-04T15:49:44.456Z - [REQUEST]: Responding to the client. handleContextFileData
[NX v21.1.2 Daemon Server] - 2025-06-04T15:49:44.457Z - Done responding to the client handleContextFileData
[NX v21.1.2 Daemon Server] - 2025-06-04T15:49:44.457Z - Handled GET_CONTEXT_FILE_DATA. Handling time: 0. Response time: 1.
[NX v21.1.2 Daemon Server] - 2025-06-04T15:49:44.458Z - Closed a connection. Number of open connections: 6
[NX v21.1.2 Daemon Server] - 2025-06-04T15:49:44.523Z - Closed a connection. Number of open connections: 5
[NX v21.1.2 Daemon Server] - 2025-06-04T15:49:44.524Z - Established a connection. Number of open connections: 6
[NX v21.1.2 Daemon Server] - 2025-06-04T15:49:44.525Z - Established a connection. Number of open connections: 7
[NX v21.1.2 Daemon Server] - 2025-06-04T15:49:44.525Z - Closed a connection. Number of open connections: 6
[NX v21.1.2 Daemon Server] - 2025-06-04T15:49:44.525Z - [REQUEST]: Client Request for Project Graph Received
[NX v21.1.2 Daemon Server] - 2025-06-04T15:49:44.525Z - [REQUEST]: Responding to the client with an error. Error when preparing serialized project graph. Failed to process project graph.
     - libs/shared/vite.config.ts: Error [ERR_MODULE_NOT_FOUND]: Cannot find package 'vite-plugin-dts' imported from /Users/markthompson/Documents/github/nx-react-vite-stuff/example/node_modules/.vite-temp/vite.config.ts.timestamp-1749052183078-871577dce342f.mjs
      at packageResolve (node:internal/modules/esm/resolve:853:9)
      at moduleResolve (node:internal/modules/esm/resolve:910:20)
      at defaultResolve (node:internal/modules/esm/resolve:1130:11)
      at ModuleLoader.defaultResolve (node:internal/modules/esm/loader:396:12)
      at ModuleLoader.resolve (node:internal/modules/esm/loader:365:25)
      at ModuleLoader.getModuleJob (node:internal/modules/esm/loader:240:38)
      at ModuleWrap.<anonymous> (node:internal/modules/esm/module_job:85:39)
      at link (node:internal/modules/esm/module_job:84:36)
[NX v21.1.2 Daemon Server] - 2025-06-04T15:49:44.530Z - Done responding to the client null
[NX v21.1.2 Daemon Server] - 2025-06-04T15:49:44.530Z - Handled REQUEST_PROJECT_GRAPH. Handling time: 0. Response time: 5.
[NX v21.1.2 Daemon Server] - 2025-06-04T15:49:44.533Z - [REQUEST]: Client Request for Project Graph Received
[NX v21.1.2 Daemon Server] - 2025-06-04T15:49:44.533Z - [REQUEST]: Responding to the client with an error. Error when preparing serialized project graph. Failed to process project graph.
     - libs/shared/vite.config.ts: Error [ERR_MODULE_NOT_FOUND]: Cannot find package 'vite-plugin-dts' imported from /Users/markthompson/Documents/github/nx-react-vite-stuff/example/node_modules/.vite-temp/vite.config.ts.timestamp-1749052183078-871577dce342f.mjs
      at packageResolve (node:internal/modules/esm/resolve:853:9)
      at moduleResolve (node:internal/modules/esm/resolve:910:20)
      at defaultResolve (node:internal/modules/esm/resolve:1130:11)
      at ModuleLoader.defaultResolve (node:internal/modules/esm/loader:396:12)
      at ModuleLoader.resolve (node:internal/modules/esm/loader:365:25)
      at ModuleLoader.getModuleJob (node:internal/modules/esm/loader:240:38)
      at ModuleWrap.<anonymous> (node:internal/modules/esm/module_job:85:39)
      at link (node:internal/modules/esm/module_job:84:36)
[NX v21.1.2 Daemon Server] - 2025-06-04T15:49:44.542Z - Done responding to the client null
[NX v21.1.2 Daemon Server] - 2025-06-04T15:49:44.542Z - Handled REQUEST_PROJECT_GRAPH. Handling time: 0. Response time: 9.
[NX v21.1.2 Daemon Server] - 2025-06-04T15:49:44.547Z - Established a connection. Number of open connections: 7
[NX v21.1.2 Daemon Server] - 2025-06-04T15:49:47.458Z - [WATCHER]: Processing file changes in outputs
[NX v21.1.2 Daemon Server] - 2025-06-04T15:49:47.458Z - Closed a connection. Number of open connections: 6
[NX v21.1.2 Daemon Server] - 2025-06-04T15:49:47.458Z - Closed a connection. Number of open connections: 5
[NX v21.1.2 Daemon Server] - 2025-06-04T15:49:47.458Z - Closed a connection. Number of open connections: 4
[NX v21.1.2 Daemon Server] - 2025-06-04T15:49:47.458Z - Closed a connection. Number of open connections: 3
[NX v21.1.2 Daemon Server] - 2025-06-04T15:49:47.458Z - Closed a connection. Number of open connections: 2
[NX v21.1.2 Daemon Server] - 2025-06-04T15:49:47.458Z - Closed a connection. Number of open connections: 1
[NX v21.1.2 Daemon Server] - 2025-06-04T15:49:47.458Z - Closed a connection. Number of open connections: 0
[NX v21.1.2 Daemon Server] - 2025-06-04T15:49:47.459Z - [WATCHER]: Stopping the watcher for /Users/markthompson/Documents/github/nx-react-vite-stuff/example (sources)
[NX v21.1.2 Daemon Server] - 2025-06-04T15:49:47.459Z - [WATCHER]: Stopping the watcher for /Users/markthompson/Documents/github/nx-react-vite-stuff/example (outputs)
[NX v21.1.2 Daemon Server] - 2025-06-04T15:49:47.460Z - Server stopped because: "LOCK_FILES_CHANGED"
[NX v21.1.2 Daemon Server] - 2025-06-04T15:49:51.743Z - Started listening on: /var/folders/66/ctwffz653zv6f5ph9xf31l_80000gn/T/a5a01820ab37b8a16c88/d.sock
[NX v21.1.2 Daemon Server] - 2025-06-04T15:49:51.747Z - [WATCHER]: Subscribed to changes within: /Users/markthompson/Documents/github/nx-react-vite-stuff/example (native)
[NX v21.1.2 Daemon Server] - 2025-06-04T15:49:51.752Z - Established a connection. Number of open connections: 1
[NX v21.1.2 Daemon Server] - 2025-06-04T15:49:51.756Z - Closed a connection. Number of open connections: 0
[NX v21.1.2 Daemon Server] - 2025-06-04T15:49:51.773Z - Established a connection. Number of open connections: 1
[NX v21.1.2 Daemon Server] - 2025-06-04T15:49:51.773Z - Established a connection. Number of open connections: 2
[NX v21.1.2 Daemon Server] - 2025-06-04T15:49:51.774Z - Closed a connection. Number of open connections: 1
[NX v21.1.2 Daemon Server] - 2025-06-04T15:49:51.775Z - [REQUEST]: Client Request for Project Graph Received
[NX v21.1.2 Daemon Server] - 2025-06-04T15:49:52.036Z - Time taken for 'Load Nx Plugin: /Users/markthompson/Documents/github/nx-react-vite-stuff/example/node_modules/nx/src/plugins/project-json/build-nodes/project-json' 254.819634ms
[NX v21.1.2 Daemon Server] - 2025-06-04T15:49:52.050Z - Time taken for 'Load Nx Plugin: /Users/markthompson/Documents/github/nx-react-vite-stuff/example/node_modules/nx/src/plugins/package-json' 270.55856199999994ms
[NX v21.1.2 Daemon Server] - 2025-06-04T15:49:52.069Z - Time taken for 'loadDefaultNxPlugins' 289.715168ms
[NX v21.1.2 Daemon Server] - 2025-06-04T15:49:52.145Z - Time taken for 'Load Nx Plugin: @nx/js/typescript' 368.436096ms
[NX v21.1.2 Daemon Server] - 2025-06-04T15:49:52.179Z - Time taken for 'Load Nx Plugin: @nx/playwright/plugin' 400.757435ms
[NX v21.1.2 Daemon Server] - 2025-06-04T15:49:52.180Z - Time taken for 'Load Nx Plugin: @nx/react/router-plugin' 402.497731ms
[NX v21.1.2 Daemon Server] - 2025-06-04T15:49:52.183Z - [REQUEST]: Updated workspace context based on watched changes, recomputing project graph...
[NX v21.1.2 Daemon Server] - 2025-06-04T15:49:52.183Z - [REQUEST]: 
[NX v21.1.2 Daemon Server] - 2025-06-04T15:49:52.183Z - [REQUEST]: 
[NX v21.1.2 Daemon Server] - 2025-06-04T15:49:52.206Z - Time taken for 'loadSpecifiedNxPlugins' 405.57991200000004ms
[NX v21.1.2 Daemon Server] - 2025-06-04T15:49:52.207Z - Established a connection. Number of open connections: 2
[NX v21.1.2 Daemon Server] - 2025-06-04T15:49:52.207Z - Closed a connection. Number of open connections: 1
[NX v21.1.2 Daemon Server] - 2025-06-04T15:49:52.208Z - Established a connection. Number of open connections: 2
[NX v21.1.2 Daemon Server] - 2025-06-04T15:49:52.208Z - Established a connection. Number of open connections: 3
[NX v21.1.2 Daemon Server] - 2025-06-04T15:49:52.209Z - [REQUEST]: Responding to the client. handleHashMultiGlob
[NX v21.1.2 Daemon Server] - 2025-06-04T15:49:52.209Z - Done responding to the client handleHashMultiGlob
[NX v21.1.2 Daemon Server] - 2025-06-04T15:49:52.209Z - Handled HASH_GLOB. Handling time: 0. Response time: 0.
[NX v21.1.2 Daemon Server] - 2025-06-04T15:49:52.210Z - Established a connection. Number of open connections: 4
[NX v21.1.2 Daemon Server] - 2025-06-04T15:49:52.210Z - Closed a connection. Number of open connections: 3
[NX v21.1.2 Daemon Server] - 2025-06-04T15:49:52.210Z - Established a connection. Number of open connections: 4
[NX v21.1.2 Daemon Server] - 2025-06-04T15:49:52.210Z - Closed a connection. Number of open connections: 3
[NX v21.1.2 Daemon Server] - 2025-06-04T15:49:52.210Z - Established a connection. Number of open connections: 4
[NX v21.1.2 Daemon Server] - 2025-06-04T15:49:52.211Z - [REQUEST]: Responding to the client. handleHashGlob
[NX v21.1.2 Daemon Server] - 2025-06-04T15:49:52.212Z - Done responding to the client handleHashGlob
[NX v21.1.2 Daemon Server] - 2025-06-04T15:49:52.212Z - Handled HASH_GLOB. Handling time: 0. Response time: 1.
[NX v21.1.2 Daemon Server] - 2025-06-04T15:49:52.214Z - [REQUEST]: Responding to the client. handleHashMultiGlob
[NX v21.1.2 Daemon Server] - 2025-06-04T15:49:52.214Z - Done responding to the client handleHashMultiGlob
[NX v21.1.2 Daemon Server] - 2025-06-04T15:49:52.214Z - Handled HASH_GLOB. Handling time: 2. Response time: 0.
[NX v21.1.2 Daemon Server] - 2025-06-04T15:49:52.215Z - [REQUEST]: Responding to the client. handleHashGlob
[NX v21.1.2 Daemon Server] - 2025-06-04T15:49:52.215Z - Done responding to the client handleHashGlob
[NX v21.1.2 Daemon Server] - 2025-06-04T15:49:52.215Z - Handled HASH_GLOB. Handling time: 0. Response time: 0.
[33mThe CJS build of Vite's Node API is deprecated. See https://vite.dev/guide/troubleshooting.html#vite-cjs-node-api-deprecated for more details.[39m
[NX v21.1.2 Daemon Server] - 2025-06-04T15:49:53.313Z - [REQUEST]: Responding to the client. handleNxWorkspaceFiles
[NX v21.1.2 Daemon Server] - 2025-06-04T15:49:53.314Z - Done responding to the client handleNxWorkspaceFiles
[NX v21.1.2 Daemon Server] - 2025-06-04T15:49:53.314Z - Handled GET_FILES_IN_DIRECTORY. Handling time: 0. Response time: 1.
[NX v21.1.2 Daemon Server] - 2025-06-04T15:49:53.339Z - [REQUEST]: Responding to the client. handleNxWorkspaceFiles
[NX v21.1.2 Daemon Server] - 2025-06-04T15:49:53.339Z - Done responding to the client handleNxWorkspaceFiles
[NX v21.1.2 Daemon Server] - 2025-06-04T15:49:53.339Z - Handled GET_FILES_IN_DIRECTORY. Handling time: 0. Response time: 0.
[NX v21.1.2 Daemon Server] - 2025-06-04T15:49:54.323Z - Time taken for 'build-project-configs' 2095.591789ms
[NX v21.1.2 Daemon Server] - 2025-06-04T15:49:54.327Z - Time taken for '@nx/vite/plugin:createDependencies' 7.847123999999894ms
[NX v21.1.2 Daemon Server] - 2025-06-04T15:49:54.328Z - Time taken for '@nx/js/typescript:createDependencies' 10.379839000000175ms
[NX v21.1.2 Daemon Server] - 2025-06-04T15:49:54.417Z - [SYNC]: collect registered sync generators
[NX v21.1.2 Daemon Server] - 2025-06-04T15:49:54.418Z - [SYNC]: scheduling: ["@nx/js:typescript-sync"]
[NX v21.1.2 Daemon Server] - 2025-06-04T15:49:54.418Z - [REQUEST]: Responding to the client. project-graph
[NX v21.1.2 Daemon Server] - 2025-06-04T15:49:54.419Z - Time taken for 'total for creating and serializing project graph' 2642.500295ms
[NX v21.1.2 Daemon Server] - 2025-06-04T15:49:54.422Z - Done responding to the client project-graph
[NX v21.1.2 Daemon Server] - 2025-06-04T15:49:54.422Z - Handled REQUEST_PROJECT_GRAPH. Handling time: 2643. Response time: 4.
[NX v21.1.2 Daemon Server] - 2025-06-04T15:49:54.425Z - [REQUEST]: Responding to the client. handleContextFileData
[NX v21.1.2 Daemon Server] - 2025-06-04T15:49:54.426Z - Done responding to the client handleContextFileData
[NX v21.1.2 Daemon Server] - 2025-06-04T15:49:54.426Z - Handled GET_CONTEXT_FILE_DATA. Handling time: 0. Response time: 1.
[NX v21.1.2 Daemon Server] - 2025-06-04T15:49:54.426Z - Closed a connection. Number of open connections: 3
[NX v21.1.2 Daemon Server] - 2025-06-04T15:49:54.479Z - Established a connection. Number of open connections: 4
[NX v21.1.2 Daemon Server] - 2025-06-04T15:49:54.479Z - Established a connection. Number of open connections: 5
[NX v21.1.2 Daemon Server] - 2025-06-04T15:49:54.479Z - Closed a connection. Number of open connections: 4
[NX v21.1.2 Daemon Server] - 2025-06-04T15:49:54.480Z - [REQUEST]: Client Request for Project Graph Received
[NX v21.1.2 Daemon Server] - 2025-06-04T15:49:54.480Z - [REQUEST]: Responding to the client. project-graph
[NX v21.1.2 Daemon Server] - 2025-06-04T15:49:54.480Z - Time taken for 'total for creating and serializing project graph' 0.24235099999987142ms
[NX v21.1.2 Daemon Server] - 2025-06-04T15:49:54.482Z - Done responding to the client project-graph
[NX v21.1.2 Daemon Server] - 2025-06-04T15:49:54.482Z - Handled REQUEST_PROJECT_GRAPH. Handling time: 0. Response time: 2.
[NX v21.1.2 Daemon Server] - 2025-06-04T15:49:54.485Z - [REQUEST]: Client Request for Project Graph Received
[NX v21.1.2 Daemon Server] - 2025-06-04T15:49:54.485Z - [REQUEST]: Responding to the client. project-graph
[NX v21.1.2 Daemon Server] - 2025-06-04T15:49:54.486Z - Time taken for 'total for creating and serializing project graph' 0.4503589999999349ms
[NX v21.1.2 Daemon Server] - 2025-06-04T15:49:54.499Z - Done responding to the client project-graph
[NX v21.1.2 Daemon Server] - 2025-06-04T15:49:54.499Z - Handled REQUEST_PROJECT_GRAPH. Handling time: 0. Response time: 14.
[NX v21.1.2 Daemon Server] - 2025-06-04T15:49:54.501Z - Established a connection. Number of open connections: 5
[NX v21.1.2 Daemon Server] - 2025-06-04T15:49:54.518Z - [SYNC]: running scheduled generator @nx/js:typescript-sync
[NX v21.1.2 Daemon Server] - 2025-06-04T15:49:54.817Z - Established a connection. Number of open connections: 6
[NX v21.1.2 Daemon Server] - 2025-06-04T15:49:54.818Z - Established a connection. Number of open connections: 7
[NX v21.1.2 Daemon Server] - 2025-06-04T15:49:54.819Z - Closed a connection. Number of open connections: 6
[NX v21.1.2 Daemon Server] - 2025-06-04T15:49:54.820Z - [REQUEST]: Client Request for Project Graph Received
[NX v21.1.2 Daemon Server] - 2025-06-04T15:49:54.820Z - [REQUEST]: Responding to the client. project-graph
[NX v21.1.2 Daemon Server] - 2025-06-04T15:49:54.821Z - Time taken for 'total for creating and serializing project graph' 0.6195400000001428ms
[NX v21.1.2 Daemon Server] - 2025-06-04T15:49:54.829Z - Done responding to the client project-graph
[NX v21.1.2 Daemon Server] - 2025-06-04T15:49:54.829Z - Handled REQUEST_PROJECT_GRAPH. Handling time: 0. Response time: 9.
[NX v21.1.2 Daemon Server] - 2025-06-04T15:49:54.840Z - [SYNC]: @nx/js:typescript-sync changes: 
[NX v21.1.2 Daemon Server] - 2025-06-04T15:49:54.840Z - Time taken for 'run-sync-generator:@nx/js:typescript-sync' 320.8476249999999ms
[NX v21.1.2 Daemon Server] - 2025-06-04T15:50:25.678Z - Closed a connection. Number of open connections: 5
[NX v21.1.2 Daemon Server] - 2025-06-04T15:50:27.902Z - Closed a connection. Number of open connections: 4
[NX v21.1.2 Daemon Server] - 2025-06-04T15:51:15.411Z - Established a connection. Number of open connections: 5
[NX v21.1.2 Daemon Server] - 2025-06-04T15:51:15.416Z - Closed a connection. Number of open connections: 4
[NX v21.1.2 Daemon Server] - 2025-06-04T15:51:15.417Z - Established a connection. Number of open connections: 5
[NX v21.1.2 Daemon Server] - 2025-06-04T15:51:15.418Z - Established a connection. Number of open connections: 6
[NX v21.1.2 Daemon Server] - 2025-06-04T15:51:15.419Z - Closed a connection. Number of open connections: 5
[NX v21.1.2 Daemon Server] - 2025-06-04T15:51:15.424Z - [REQUEST]: Client Request for Project Graph Received
[NX v21.1.2 Daemon Server] - 2025-06-04T15:51:15.425Z - [REQUEST]: Responding to the client. project-graph
[NX v21.1.2 Daemon Server] - 2025-06-04T15:51:15.429Z - Time taken for 'total for creating and serializing project graph' 1.1117299999896204ms
[NX v21.1.2 Daemon Server] - 2025-06-04T15:51:15.438Z - Done responding to the client project-graph
[NX v21.1.2 Daemon Server] - 2025-06-04T15:51:15.438Z - Handled REQUEST_PROJECT_GRAPH. Handling time: 1. Response time: 13.
[NX v21.1.2 Daemon Server] - 2025-06-04T15:51:15.451Z - [REQUEST]: Responding to the client. handleContextFileData
[NX v21.1.2 Daemon Server] - 2025-06-04T15:51:15.451Z - Done responding to the client handleContextFileData
[NX v21.1.2 Daemon Server] - 2025-06-04T15:51:15.451Z - Handled GET_CONTEXT_FILE_DATA. Handling time: 1. Response time: 0.
[NX v21.1.2 Daemon Server] - 2025-06-04T15:51:15.455Z - Closed a connection. Number of open connections: 4
[NX v21.1.2 Daemon Server] - 2025-06-04T15:51:15.934Z - Established a connection. Number of open connections: 5
[NX v21.1.2 Daemon Server] - 2025-06-04T15:51:15.934Z - Established a connection. Number of open connections: 6
[NX v21.1.2 Daemon Server] - 2025-06-04T15:51:15.935Z - Closed a connection. Number of open connections: 5
[NX v21.1.2 Daemon Server] - 2025-06-04T15:51:15.937Z - [REQUEST]: Client Request for Project Graph Received
[NX v21.1.2 Daemon Server] - 2025-06-04T15:51:15.937Z - [REQUEST]: Responding to the client. project-graph
[NX v21.1.2 Daemon Server] - 2025-06-04T15:51:15.939Z - Time taken for 'total for creating and serializing project graph' 0.6531660000036936ms
[NX v21.1.2 Daemon Server] - 2025-06-04T15:51:15.953Z - Done responding to the client project-graph
[NX v21.1.2 Daemon Server] - 2025-06-04T15:51:15.953Z - Handled REQUEST_PROJECT_GRAPH. Handling time: 0. Response time: 16.
[NX v21.1.2 Daemon Server] - 2025-06-04T15:51:15.969Z - [REQUEST]: Client Request for Project Graph Received
[NX v21.1.2 Daemon Server] - 2025-06-04T15:51:15.970Z - [REQUEST]: Responding to the client. project-graph
[NX v21.1.2 Daemon Server] - 2025-06-04T15:51:15.972Z - Time taken for 'total for creating and serializing project graph' 0.7911310000054073ms
[NX v21.1.2 Daemon Server] - 2025-06-04T15:51:15.987Z - Done responding to the client project-graph
[NX v21.1.2 Daemon Server] - 2025-06-04T15:51:15.988Z - Handled REQUEST_PROJECT_GRAPH. Handling time: 1. Response time: 18.
[NX v21.1.2 Daemon Server] - 2025-06-04T15:51:15.999Z - Established a connection. Number of open connections: 6
[NX v21.1.2 Daemon Server] - 2025-06-04T15:51:59.568Z - [WATCHER]: Processing file changes in outputs
[NX v21.1.2 Daemon Server] - 2025-06-04T15:51:59.570Z - [WATCHER]: apps/first-app/src/app/app.tsx was modified
[NX v21.1.2 Daemon Server] - 2025-06-04T15:51:59.571Z - [REQUEST]: Responding to the client. File watch changed
[NX v21.1.2 Daemon Server] - 2025-06-04T15:51:59.571Z - Done responding to the client File watch changed
[NX v21.1.2 Daemon Server] - 2025-06-04T15:51:59.571Z - Handled FILE-WATCH-CHANGED. Handling time: 0. Response time: 0.
[NX v21.1.2 Daemon Server] - 2025-06-04T15:51:59.571Z - Time taken for 'changed-projects' 0.10472200000367593ms
[NX v21.1.2 Daemon Server] - 2025-06-04T15:51:59.670Z - [REQUEST]: Updated workspace context based on watched changes, recomputing project graph...
[NX v21.1.2 Daemon Server] - 2025-06-04T15:51:59.670Z - [REQUEST]: apps/first-app/src/app/app.tsx
[NX v21.1.2 Daemon Server] - 2025-06-04T15:51:59.671Z - [REQUEST]: 
[NX v21.1.2 Daemon Server] - 2025-06-04T15:51:59.677Z - Time taken for 'hash changed files from watcher' 0.14639100000204053ms
[NX v21.1.2 Daemon Server] - 2025-06-04T15:51:59.679Z - [REQUEST]: Responding to the client. handleHashGlob
[NX v21.1.2 Daemon Server] - 2025-06-04T15:51:59.679Z - Done responding to the client handleHashGlob
[NX v21.1.2 Daemon Server] - 2025-06-04T15:51:59.679Z - Handled HASH_GLOB. Handling time: 1. Response time: 0.
[NX v21.1.2 Daemon Server] - 2025-06-04T15:51:59.680Z - [REQUEST]: Responding to the client. handleHashMultiGlob
[NX v21.1.2 Daemon Server] - 2025-06-04T15:51:59.680Z - Done responding to the client handleHashMultiGlob
[NX v21.1.2 Daemon Server] - 2025-06-04T15:51:59.680Z - Handled HASH_GLOB. Handling time: 0. Response time: 0.
[NX v21.1.2 Daemon Server] - 2025-06-04T15:51:59.681Z - [REQUEST]: Responding to the client. handleHashGlob
[NX v21.1.2 Daemon Server] - 2025-06-04T15:51:59.682Z - Done responding to the client handleHashGlob
[NX v21.1.2 Daemon Server] - 2025-06-04T15:51:59.682Z - Handled HASH_GLOB. Handling time: 0. Response time: 1.
[NX v21.1.2 Daemon Server] - 2025-06-04T15:51:59.684Z - [REQUEST]: Responding to the client. handleHashMultiGlob
[NX v21.1.2 Daemon Server] - 2025-06-04T15:51:59.684Z - Done responding to the client handleHashMultiGlob
[NX v21.1.2 Daemon Server] - 2025-06-04T15:51:59.684Z - Handled HASH_GLOB. Handling time: 2. Response time: 0.
[NX v21.1.2 Daemon Server] - 2025-06-04T15:51:59.721Z - Time taken for 'build-project-configs' 39.38680700000259ms
[NX v21.1.2 Daemon Server] - 2025-06-04T15:51:59.725Z - Time taken for '@nx/vite/plugin:createDependencies' 7.219060999996145ms
[NX v21.1.2 Daemon Server] - 2025-06-04T15:51:59.727Z - Time taken for '@nx/js/typescript:createDependencies' 10.540001000001212ms
[NX v21.1.2 Daemon Server] - 2025-06-04T15:51:59.756Z - [SYNC]: collect registered sync generators
[NX v21.1.2 Daemon Server] - 2025-06-04T15:51:59.756Z - [SYNC]: project graph hash is the same, not collecting task sync generators
[NX v21.1.2 Daemon Server] - 2025-06-04T15:51:59.756Z - [SYNC]: nx.json hash is the same, not collecting global sync generators
[NX v21.1.2 Daemon Server] - 2025-06-04T15:51:59.757Z - [SYNC]: scheduling: ["@nx/js:typescript-sync"]
[NX v21.1.2 Daemon Server] - 2025-06-04T15:51:59.757Z - Time taken for 'total execution time for createProjectGraph()' 32.958382999990135ms
[NX v21.1.2 Daemon Server] - 2025-06-04T15:51:59.957Z - [SYNC]: running scheduled generator @nx/js:typescript-sync
[NX v21.1.2 Daemon Server] - 2025-06-04T15:51:59.960Z - [REQUEST]: Client Request for Project Graph Received
[NX v21.1.2 Daemon Server] - 2025-06-04T15:51:59.960Z - [REQUEST]: Responding to the client. project-graph
[NX v21.1.2 Daemon Server] - 2025-06-04T15:51:59.961Z - Time taken for 'total for creating and serializing project graph' 0.26022999999986496ms
[NX v21.1.2 Daemon Server] - 2025-06-04T15:51:59.962Z - Done responding to the client project-graph
[NX v21.1.2 Daemon Server] - 2025-06-04T15:51:59.962Z - Handled REQUEST_PROJECT_GRAPH. Handling time: 0. Response time: 2.
[NX v21.1.2 Daemon Server] - 2025-06-04T15:51:59.972Z - [SYNC]: @nx/js:typescript-sync changes: 
[NX v21.1.2 Daemon Server] - 2025-06-04T15:51:59.972Z - Time taken for 'run-sync-generator:@nx/js:typescript-sync' 15.019045999986702ms
[NX v21.1.2 Daemon Server] - 2025-06-04T15:52:00.612Z - Established a connection. Number of open connections: 7
[NX v21.1.2 Daemon Server] - 2025-06-04T15:52:00.613Z - [REQUEST]: Client Request for Project Graph Received
[NX v21.1.2 Daemon Server] - 2025-06-04T15:52:00.614Z - [REQUEST]: Responding to the client. project-graph
[NX v21.1.2 Daemon Server] - 2025-06-04T15:52:00.617Z - Time taken for 'total for creating and serializing project graph' 0.6043619999982184ms
[NX v21.1.2 Daemon Server] - 2025-06-04T15:52:00.617Z - Closed a connection. Number of open connections: 6
[NX v21.1.2 Daemon Server] - 2025-06-04T15:52:00.625Z - Done responding to the client project-graph
[NX v21.1.2 Daemon Server] - 2025-06-04T15:52:00.625Z - Handled REQUEST_PROJECT_GRAPH. Handling time: 1. Response time: 11.
[NX v21.1.2 Daemon Server] - 2025-06-04T15:52:00.629Z - [REQUEST]: Responding to the client. handleContextFileData
[NX v21.1.2 Daemon Server] - 2025-06-04T15:52:00.630Z - Done responding to the client handleContextFileData
[NX v21.1.2 Daemon Server] - 2025-06-04T15:52:00.630Z - Handled GET_CONTEXT_FILE_DATA. Handling time: 0. Response time: 1.
[NX v21.1.2 Daemon Server] - 2025-06-04T15:52:00.631Z - Closed a connection. Number of open connections: 5
[NX v21.1.2 Daemon Server] - 2025-06-04T15:52:00.708Z - Closed a connection. Number of open connections: 4
[NX v21.1.2 Daemon Server] - 2025-06-04T15:52:00.710Z - Established a connection. Number of open connections: 5
[NX v21.1.2 Daemon Server] - 2025-06-04T15:52:00.710Z - Established a connection. Number of open connections: 6
[NX v21.1.2 Daemon Server] - 2025-06-04T15:52:00.710Z - Closed a connection. Number of open connections: 5
[NX v21.1.2 Daemon Server] - 2025-06-04T15:52:00.711Z - [REQUEST]: Client Request for Project Graph Received
[NX v21.1.2 Daemon Server] - 2025-06-04T15:52:00.711Z - [REQUEST]: Responding to the client. project-graph
[NX v21.1.2 Daemon Server] - 2025-06-04T15:52:00.712Z - Time taken for 'total for creating and serializing project graph' 0.34081500000320375ms
[NX v21.1.2 Daemon Server] - 2025-06-04T15:52:00.714Z - Done responding to the client project-graph
[NX v21.1.2 Daemon Server] - 2025-06-04T15:52:00.715Z - Handled REQUEST_PROJECT_GRAPH. Handling time: 0. Response time: 4.
[NX v21.1.2 Daemon Server] - 2025-06-04T15:52:00.718Z - [REQUEST]: Client Request for Project Graph Received
[NX v21.1.2 Daemon Server] - 2025-06-04T15:52:00.719Z - [REQUEST]: Responding to the client. project-graph
[NX v21.1.2 Daemon Server] - 2025-06-04T15:52:00.720Z - Time taken for 'total for creating and serializing project graph' 0.5533080000022892ms
[NX v21.1.2 Daemon Server] - 2025-06-04T15:52:00.724Z - Done responding to the client project-graph
[NX v21.1.2 Daemon Server] - 2025-06-04T15:52:00.724Z - Handled REQUEST_PROJECT_GRAPH. Handling time: 1. Response time: 5.
[NX v21.1.2 Daemon Server] - 2025-06-04T15:52:00.726Z - Established a connection. Number of open connections: 6
[NX v21.1.2 Daemon Server] - 2025-06-04T15:52:04.590Z - [WATCHER]: apps/first-app/src/app/nx-welcome.tsx was deleted
[NX v21.1.2 Daemon Server] - 2025-06-04T15:52:04.591Z - [REQUEST]: Responding to the client. File watch changed
[NX v21.1.2 Daemon Server] - 2025-06-04T15:52:04.591Z - Done responding to the client File watch changed
[NX v21.1.2 Daemon Server] - 2025-06-04T15:52:04.591Z - Handled FILE-WATCH-CHANGED. Handling time: 0. Response time: 0.
[NX v21.1.2 Daemon Server] - 2025-06-04T15:52:04.591Z - [WATCHER]: Processing file changes in outputs
[NX v21.1.2 Daemon Server] - 2025-06-04T15:52:04.591Z - Time taken for 'changed-projects' 0.09743699998944066ms
[NX v21.1.2 Daemon Server] - 2025-06-04T15:52:04.691Z - [REQUEST]: Updated workspace context based on watched changes, recomputing project graph...
[NX v21.1.2 Daemon Server] - 2025-06-04T15:52:04.691Z - [REQUEST]: 
[NX v21.1.2 Daemon Server] - 2025-06-04T15:52:04.691Z - [REQUEST]: apps/first-app/src/app/nx-welcome.tsx
[NX v21.1.2 Daemon Server] - 2025-06-04T15:52:04.707Z - [REQUEST]: Responding to the client. handleHashMultiGlob
[NX v21.1.2 Daemon Server] - 2025-06-04T15:52:04.707Z - Done responding to the client handleHashMultiGlob
[NX v21.1.2 Daemon Server] - 2025-06-04T15:52:04.707Z - Handled HASH_GLOB. Handling time: 1. Response time: 0.
[NX v21.1.2 Daemon Server] - 2025-06-04T15:52:04.708Z - [REQUEST]: Responding to the client. handleHashGlob
[NX v21.1.2 Daemon Server] - 2025-06-04T15:52:04.709Z - Done responding to the client handleHashGlob
[NX v21.1.2 Daemon Server] - 2025-06-04T15:52:04.709Z - Handled HASH_GLOB. Handling time: 0. Response time: 1.
[NX v21.1.2 Daemon Server] - 2025-06-04T15:52:04.709Z - Time taken for 'hash changed files from watcher' 0.10761700000148267ms
[NX v21.1.2 Daemon Server] - 2025-06-04T15:52:04.711Z - [REQUEST]: Responding to the client. handleHashMultiGlob
[NX v21.1.2 Daemon Server] - 2025-06-04T15:52:04.711Z - Done responding to the client handleHashMultiGlob
[NX v21.1.2 Daemon Server] - 2025-06-04T15:52:04.711Z - Handled HASH_GLOB. Handling time: 1. Response time: 0.
[NX v21.1.2 Daemon Server] - 2025-06-04T15:52:04.713Z - [REQUEST]: Responding to the client. handleHashGlob
[NX v21.1.2 Daemon Server] - 2025-06-04T15:52:04.713Z - Done responding to the client handleHashGlob
[NX v21.1.2 Daemon Server] - 2025-06-04T15:52:04.713Z - Handled HASH_GLOB. Handling time: 1. Response time: 0.
[NX v21.1.2 Daemon Server] - 2025-06-04T15:52:04.788Z - Time taken for 'build-project-configs' 78.92539300001226ms
[NX v21.1.2 Daemon Server] - 2025-06-04T15:52:04.796Z - Time taken for '@nx/js/typescript:createDependencies' 13.466049999988172ms
[NX v21.1.2 Daemon Server] - 2025-06-04T15:52:04.797Z - Time taken for '@nx/vite/plugin:createDependencies' 13.020464000001084ms
[NX v21.1.2 Daemon Server] - 2025-06-04T15:52:04.836Z - [SYNC]: collect registered sync generators
[NX v21.1.2 Daemon Server] - 2025-06-04T15:52:04.838Z - [SYNC]: project graph hash is the same, not collecting task sync generators
[NX v21.1.2 Daemon Server] - 2025-06-04T15:52:04.838Z - [SYNC]: nx.json hash is the same, not collecting global sync generators
[NX v21.1.2 Daemon Server] - 2025-06-04T15:52:04.838Z - [SYNC]: scheduling: ["@nx/js:typescript-sync"]
[NX v21.1.2 Daemon Server] - 2025-06-04T15:52:04.838Z - Time taken for 'total execution time for createProjectGraph()' 39.91990700000315ms
[NX v21.1.2 Daemon Server] - 2025-06-04T15:52:05.238Z - [SYNC]: running scheduled generator @nx/js:typescript-sync
[NX v21.1.2 Daemon Server] - 2025-06-04T15:52:05.241Z - [REQUEST]: Client Request for Project Graph Received
[NX v21.1.2 Daemon Server] - 2025-06-04T15:52:05.242Z - [REQUEST]: Responding to the client. project-graph
[NX v21.1.2 Daemon Server] - 2025-06-04T15:52:05.243Z - Time taken for 'total for creating and serializing project graph' 0.8484419999876991ms
[NX v21.1.2 Daemon Server] - 2025-06-04T15:52:05.247Z - Done responding to the client project-graph
[NX v21.1.2 Daemon Server] - 2025-06-04T15:52:05.247Z - Handled REQUEST_PROJECT_GRAPH. Handling time: 1. Response time: 5.
[NX v21.1.2 Daemon Server] - 2025-06-04T15:52:05.256Z - [SYNC]: @nx/js:typescript-sync changes: 
[NX v21.1.2 Daemon Server] - 2025-06-04T15:52:05.256Z - Time taken for 'run-sync-generator:@nx/js:typescript-sync' 17.606248999974923ms
[NX v21.1.2 Daemon Server] - 2025-06-04T15:52:05.595Z - Established a connection. Number of open connections: 7
[NX v21.1.2 Daemon Server] - 2025-06-04T15:52:05.596Z - [REQUEST]: Client Request for Project Graph Received
[NX v21.1.2 Daemon Server] - 2025-06-04T15:52:05.596Z - [REQUEST]: Responding to the client. project-graph
[NX v21.1.2 Daemon Server] - 2025-06-04T15:52:05.597Z - Time taken for 'total for creating and serializing project graph' 0.5063620000146329ms
[NX v21.1.2 Daemon Server] - 2025-06-04T15:52:05.598Z - Closed a connection. Number of open connections: 6
[NX v21.1.2 Daemon Server] - 2025-06-04T15:52:05.601Z - Done responding to the client project-graph
[NX v21.1.2 Daemon Server] - 2025-06-04T15:52:05.601Z - Handled REQUEST_PROJECT_GRAPH. Handling time: 0. Response time: 5.
[NX v21.1.2 Daemon Server] - 2025-06-04T15:52:05.604Z - [REQUEST]: Responding to the client. handleContextFileData
[NX v21.1.2 Daemon Server] - 2025-06-04T15:52:05.604Z - Done responding to the client handleContextFileData
[NX v21.1.2 Daemon Server] - 2025-06-04T15:52:05.604Z - Handled GET_CONTEXT_FILE_DATA. Handling time: 0. Response time: 0.
[NX v21.1.2 Daemon Server] - 2025-06-04T15:52:05.604Z - Closed a connection. Number of open connections: 5
[NX v21.1.2 Daemon Server] - 2025-06-04T15:52:05.650Z - Closed a connection. Number of open connections: 4
[NX v21.1.2 Daemon Server] - 2025-06-04T15:52:05.651Z - Established a connection. Number of open connections: 5
[NX v21.1.2 Daemon Server] - 2025-06-04T15:52:05.651Z - Established a connection. Number of open connections: 6
[NX v21.1.2 Daemon Server] - 2025-06-04T15:52:05.651Z - Closed a connection. Number of open connections: 5
[NX v21.1.2 Daemon Server] - 2025-06-04T15:52:05.652Z - [REQUEST]: Client Request for Project Graph Received
[NX v21.1.2 Daemon Server] - 2025-06-04T15:52:05.652Z - [REQUEST]: Responding to the client. project-graph
[NX v21.1.2 Daemon Server] - 2025-06-04T15:52:05.652Z - Time taken for 'total for creating and serializing project graph' 0.23007099999813363ms
[NX v21.1.2 Daemon Server] - 2025-06-04T15:52:05.654Z - Done responding to the client project-graph
[NX v21.1.2 Daemon Server] - 2025-06-04T15:52:05.654Z - Handled REQUEST_PROJECT_GRAPH. Handling time: 1. Response time: 2.
[NX v21.1.2 Daemon Server] - 2025-06-04T15:52:05.656Z - [REQUEST]: Client Request for Project Graph Received
[NX v21.1.2 Daemon Server] - 2025-06-04T15:52:05.657Z - [REQUEST]: Responding to the client. project-graph
[NX v21.1.2 Daemon Server] - 2025-06-04T15:52:05.657Z - Time taken for 'total for creating and serializing project graph' 0.25336900001275353ms
[NX v21.1.2 Daemon Server] - 2025-06-04T15:52:05.660Z - Done responding to the client project-graph
[NX v21.1.2 Daemon Server] - 2025-06-04T15:52:05.661Z - Handled REQUEST_PROJECT_GRAPH. Handling time: 1. Response time: 4.
[NX v21.1.2 Daemon Server] - 2025-06-04T15:52:05.664Z - Established a connection. Number of open connections: 6
[NX v21.1.2 Daemon Server] - 2025-06-04T16:01:14.208Z - [WATCHER]: apps/second-app/src/app/app.tsx was modified
[NX v21.1.2 Daemon Server] - 2025-06-04T16:01:14.209Z - [REQUEST]: Responding to the client. File watch changed
[NX v21.1.2 Daemon Server] - 2025-06-04T16:01:14.209Z - Done responding to the client File watch changed
[NX v21.1.2 Daemon Server] - 2025-06-04T16:01:14.209Z - Handled FILE-WATCH-CHANGED. Handling time: 0. Response time: 0.
[NX v21.1.2 Daemon Server] - 2025-06-04T16:01:14.210Z - [WATCHER]: Processing file changes in outputs
[NX v21.1.2 Daemon Server] - 2025-06-04T16:01:14.210Z - Time taken for 'changed-projects' 0.09842699998989701ms
[NX v21.1.2 Daemon Server] - 2025-06-04T16:01:14.310Z - [REQUEST]: Updated workspace context based on watched changes, recomputing project graph...
[NX v21.1.2 Daemon Server] - 2025-06-04T16:01:14.310Z - [REQUEST]: apps/second-app/src/app/app.tsx
[NX v21.1.2 Daemon Server] - 2025-06-04T16:01:14.310Z - [REQUEST]: 
[NX v21.1.2 Daemon Server] - 2025-06-04T16:01:14.316Z - Time taken for 'hash changed files from watcher' 0.181120999972336ms
[NX v21.1.2 Daemon Server] - 2025-06-04T16:01:14.317Z - [REQUEST]: Responding to the client. handleHashMultiGlob
[NX v21.1.2 Daemon Server] - 2025-06-04T16:01:14.317Z - Done responding to the client handleHashMultiGlob
[NX v21.1.2 Daemon Server] - 2025-06-04T16:01:14.317Z - Handled HASH_GLOB. Handling time: 0. Response time: 0.
[NX v21.1.2 Daemon Server] - 2025-06-04T16:01:14.318Z - [REQUEST]: Responding to the client. handleHashGlob
[NX v21.1.2 Daemon Server] - 2025-06-04T16:01:14.318Z - Done responding to the client handleHashGlob
[NX v21.1.2 Daemon Server] - 2025-06-04T16:01:14.318Z - Handled HASH_GLOB. Handling time: 0. Response time: 0.
[NX v21.1.2 Daemon Server] - 2025-06-04T16:01:14.320Z - [REQUEST]: Responding to the client. handleHashMultiGlob
[NX v21.1.2 Daemon Server] - 2025-06-04T16:01:14.320Z - Done responding to the client handleHashMultiGlob
[NX v21.1.2 Daemon Server] - 2025-06-04T16:01:14.320Z - Handled HASH_GLOB. Handling time: 1. Response time: 0.
[NX v21.1.2 Daemon Server] - 2025-06-04T16:01:14.321Z - [REQUEST]: Responding to the client. handleHashGlob
[NX v21.1.2 Daemon Server] - 2025-06-04T16:01:14.321Z - Done responding to the client handleHashGlob
[NX v21.1.2 Daemon Server] - 2025-06-04T16:01:14.321Z - Handled HASH_GLOB. Handling time: 0. Response time: 0.
[NX v21.1.2 Daemon Server] - 2025-06-04T16:01:14.348Z - Time taken for 'build-project-configs' 26.87646900000982ms
[NX v21.1.2 Daemon Server] - 2025-06-04T16:01:14.352Z - Time taken for '@nx/vite/plugin:createDependencies' 6.666565999970771ms
[NX v21.1.2 Daemon Server] - 2025-06-04T16:01:14.352Z - Time taken for '@nx/js/typescript:createDependencies' 9.035325000062585ms
[NX v21.1.2 Daemon Server] - 2025-06-04T16:01:14.377Z - [SYNC]: collect registered sync generators
[NX v21.1.2 Daemon Server] - 2025-06-04T16:01:14.377Z - [SYNC]: project graph hash is the same, not collecting task sync generators
[NX v21.1.2 Daemon Server] - 2025-06-04T16:01:14.377Z - [SYNC]: nx.json hash is the same, not collecting global sync generators
[NX v21.1.2 Daemon Server] - 2025-06-04T16:01:14.377Z - [SYNC]: scheduling: ["@nx/js:typescript-sync"]
[NX v21.1.2 Daemon Server] - 2025-06-04T16:01:14.377Z - Time taken for 'total execution time for createProjectGraph()' 28.95955699996557ms
[NX v21.1.2 Daemon Server] - 2025-06-04T16:01:15.178Z - [SYNC]: running scheduled generator @nx/js:typescript-sync
[NX v21.1.2 Daemon Server] - 2025-06-04T16:01:15.182Z - [REQUEST]: Client Request for Project Graph Received
[NX v21.1.2 Daemon Server] - 2025-06-04T16:01:15.183Z - [REQUEST]: Responding to the client. project-graph
[NX v21.1.2 Daemon Server] - 2025-06-04T16:01:15.183Z - Time taken for 'total for creating and serializing project graph' 0.2798520000651479ms
[NX v21.1.2 Daemon Server] - 2025-06-04T16:01:15.193Z - Done responding to the client project-graph
[NX v21.1.2 Daemon Server] - 2025-06-04T16:01:15.193Z - Handled REQUEST_PROJECT_GRAPH. Handling time: 1. Response time: 10.
[NX v21.1.2 Daemon Server] - 2025-06-04T16:01:15.202Z - [SYNC]: @nx/js:typescript-sync changes: 
[NX v21.1.2 Daemon Server] - 2025-06-04T16:01:15.202Z - Time taken for 'run-sync-generator:@nx/js:typescript-sync' 23.397959999972954ms
[NX v21.1.2 Daemon Server] - 2025-06-04T16:01:15.215Z - Established a connection. Number of open connections: 7
[NX v21.1.2 Daemon Server] - 2025-06-04T16:01:15.216Z - Closed a connection. Number of open connections: 6
[NX v21.1.2 Daemon Server] - 2025-06-04T16:01:15.216Z - [REQUEST]: Client Request for Project Graph Received
[NX v21.1.2 Daemon Server] - 2025-06-04T16:01:15.217Z - [REQUEST]: Responding to the client. project-graph
[NX v21.1.2 Daemon Server] - 2025-06-04T16:01:15.217Z - Time taken for 'total for creating and serializing project graph' 0.23442999995313585ms
[NX v21.1.2 Daemon Server] - 2025-06-04T16:01:15.221Z - Done responding to the client project-graph
[NX v21.1.2 Daemon Server] - 2025-06-04T16:01:15.221Z - Handled REQUEST_PROJECT_GRAPH. Handling time: 1. Response time: 4.
[NX v21.1.2 Daemon Server] - 2025-06-04T16:01:15.229Z - [REQUEST]: Responding to the client. handleContextFileData
[NX v21.1.2 Daemon Server] - 2025-06-04T16:01:15.229Z - Done responding to the client handleContextFileData
[NX v21.1.2 Daemon Server] - 2025-06-04T16:01:15.229Z - Handled GET_CONTEXT_FILE_DATA. Handling time: 0. Response time: 0.
[NX v21.1.2 Daemon Server] - 2025-06-04T16:01:15.230Z - Closed a connection. Number of open connections: 5
[NX v21.1.2 Daemon Server] - 2025-06-04T16:01:15.317Z - Closed a connection. Number of open connections: 4
[NX v21.1.2 Daemon Server] - 2025-06-04T16:01:15.319Z - Established a connection. Number of open connections: 5
[NX v21.1.2 Daemon Server] - 2025-06-04T16:01:15.319Z - Established a connection. Number of open connections: 6
[NX v21.1.2 Daemon Server] - 2025-06-04T16:01:15.320Z - Closed a connection. Number of open connections: 5
[NX v21.1.2 Daemon Server] - 2025-06-04T16:01:15.320Z - [REQUEST]: Client Request for Project Graph Received
[NX v21.1.2 Daemon Server] - 2025-06-04T16:01:15.321Z - [REQUEST]: Responding to the client. project-graph
[NX v21.1.2 Daemon Server] - 2025-06-04T16:01:15.321Z - Time taken for 'total for creating and serializing project graph' 0.29541600006632507ms
[NX v21.1.2 Daemon Server] - 2025-06-04T16:01:15.323Z - Done responding to the client project-graph
[NX v21.1.2 Daemon Server] - 2025-06-04T16:01:15.323Z - Handled REQUEST_PROJECT_GRAPH. Handling time: 1. Response time: 2.
[NX v21.1.2 Daemon Server] - 2025-06-04T16:01:15.327Z - [REQUEST]: Client Request for Project Graph Received
[NX v21.1.2 Daemon Server] - 2025-06-04T16:01:15.327Z - [REQUEST]: Responding to the client. project-graph
[NX v21.1.2 Daemon Server] - 2025-06-04T16:01:15.328Z - Time taken for 'total for creating and serializing project graph' 0.3338199999416247ms
[NX v21.1.2 Daemon Server] - 2025-06-04T16:01:15.330Z - Done responding to the client project-graph
[NX v21.1.2 Daemon Server] - 2025-06-04T16:01:15.331Z - Handled REQUEST_PROJECT_GRAPH. Handling time: 0. Response time: 4.
[NX v21.1.2 Daemon Server] - 2025-06-04T16:01:15.336Z - Established a connection. Number of open connections: 6
[NX v21.1.2 Daemon Server] - 2025-06-04T16:01:19.843Z - [WATCHER]: apps/first-app/src/app/app.tsx was modified
[NX v21.1.2 Daemon Server] - 2025-06-04T16:01:19.843Z - [REQUEST]: Responding to the client. File watch changed
[NX v21.1.2 Daemon Server] - 2025-06-04T16:01:19.843Z - Done responding to the client File watch changed
[NX v21.1.2 Daemon Server] - 2025-06-04T16:01:19.843Z - Handled FILE-WATCH-CHANGED. Handling time: 0. Response time: 0.
[NX v21.1.2 Daemon Server] - 2025-06-04T16:01:19.843Z - [WATCHER]: Processing file changes in outputs
[NX v21.1.2 Daemon Server] - 2025-06-04T16:01:19.843Z - Time taken for 'changed-projects' 0.06323800003156066ms
[NX v21.1.2 Daemon Server] - 2025-06-04T16:01:19.943Z - [REQUEST]: Updated workspace context based on watched changes, recomputing project graph...
[NX v21.1.2 Daemon Server] - 2025-06-04T16:01:19.943Z - [REQUEST]: apps/first-app/src/app/app.tsx
[NX v21.1.2 Daemon Server] - 2025-06-04T16:01:19.943Z - [REQUEST]: 
[NX v21.1.2 Daemon Server] - 2025-06-04T16:01:19.952Z - [REQUEST]: Responding to the client. handleHashMultiGlob
[NX v21.1.2 Daemon Server] - 2025-06-04T16:01:19.953Z - Done responding to the client handleHashMultiGlob
[NX v21.1.2 Daemon Server] - 2025-06-04T16:01:19.953Z - Handled HASH_GLOB. Handling time: 0. Response time: 1.
[NX v21.1.2 Daemon Server] - 2025-06-04T16:01:19.953Z - Time taken for 'hash changed files from watcher' 0.18674700008705258ms
[NX v21.1.2 Daemon Server] - 2025-06-04T16:01:19.955Z - [REQUEST]: Responding to the client. handleHashMultiGlob
[NX v21.1.2 Daemon Server] - 2025-06-04T16:01:19.956Z - Done responding to the client handleHashMultiGlob
[NX v21.1.2 Daemon Server] - 2025-06-04T16:01:19.956Z - Handled HASH_GLOB. Handling time: 1. Response time: 1.
[NX v21.1.2 Daemon Server] - 2025-06-04T16:01:19.957Z - [REQUEST]: Responding to the client. handleHashGlob
[NX v21.1.2 Daemon Server] - 2025-06-04T16:01:19.957Z - Done responding to the client handleHashGlob
[NX v21.1.2 Daemon Server] - 2025-06-04T16:01:19.958Z - Handled HASH_GLOB. Handling time: 0. Response time: 1.
[NX v21.1.2 Daemon Server] - 2025-06-04T16:01:19.960Z - [REQUEST]: Responding to the client. handleHashGlob
[NX v21.1.2 Daemon Server] - 2025-06-04T16:01:19.960Z - Done responding to the client handleHashGlob
[NX v21.1.2 Daemon Server] - 2025-06-04T16:01:19.960Z - Handled HASH_GLOB. Handling time: 1. Response time: 0.
[NX v21.1.2 Daemon Server] - 2025-06-04T16:01:19.980Z - Time taken for 'build-project-configs' 27.15945100004319ms
[NX v21.1.2 Daemon Server] - 2025-06-04T16:01:19.983Z - Time taken for '@nx/vite/plugin:createDependencies' 5.547605999978259ms
[NX v21.1.2 Daemon Server] - 2025-06-04T16:01:19.984Z - Time taken for '@nx/js/typescript:createDependencies' 7.397365999990143ms
[NX v21.1.2 Daemon Server] - 2025-06-04T16:01:20.009Z - [SYNC]: collect registered sync generators
[NX v21.1.2 Daemon Server] - 2025-06-04T16:01:20.009Z - [SYNC]: project graph hash is the same, not collecting task sync generators
[NX v21.1.2 Daemon Server] - 2025-06-04T16:01:20.009Z - [SYNC]: nx.json hash is the same, not collecting global sync generators
[NX v21.1.2 Daemon Server] - 2025-06-04T16:01:20.009Z - [SYNC]: scheduling: ["@nx/js:typescript-sync"]
[NX v21.1.2 Daemon Server] - 2025-06-04T16:01:20.009Z - Time taken for 'total execution time for createProjectGraph()' 27.103560999967158ms
[NX v21.1.2 Daemon Server] - 2025-06-04T16:01:20.846Z - Established a connection. Number of open connections: 7
[NX v21.1.2 Daemon Server] - 2025-06-04T16:01:20.846Z - [REQUEST]: Client Request for Project Graph Received
[NX v21.1.2 Daemon Server] - 2025-06-04T16:01:20.847Z - [REQUEST]: Responding to the client. project-graph
[NX v21.1.2 Daemon Server] - 2025-06-04T16:01:20.847Z - Time taken for 'total for creating and serializing project graph' 0.2350429999642074ms
[NX v21.1.2 Daemon Server] - 2025-06-04T16:01:20.847Z - Closed a connection. Number of open connections: 6
[NX v21.1.2 Daemon Server] - 2025-06-04T16:01:20.851Z - Done responding to the client project-graph
[NX v21.1.2 Daemon Server] - 2025-06-04T16:01:20.851Z - Handled REQUEST_PROJECT_GRAPH. Handling time: 1. Response time: 4.
[NX v21.1.2 Daemon Server] - 2025-06-04T16:01:20.854Z - [REQUEST]: Responding to the client. handleContextFileData
[NX v21.1.2 Daemon Server] - 2025-06-04T16:01:20.854Z - Done responding to the client handleContextFileData
[NX v21.1.2 Daemon Server] - 2025-06-04T16:01:20.854Z - Handled GET_CONTEXT_FILE_DATA. Handling time: 0. Response time: 0.
[NX v21.1.2 Daemon Server] - 2025-06-04T16:01:20.854Z - Closed a connection. Number of open connections: 5
[NX v21.1.2 Daemon Server] - 2025-06-04T16:01:20.895Z - Closed a connection. Number of open connections: 4
[NX v21.1.2 Daemon Server] - 2025-06-04T16:01:20.896Z - Established a connection. Number of open connections: 5
[NX v21.1.2 Daemon Server] - 2025-06-04T16:01:20.896Z - Established a connection. Number of open connections: 6
[NX v21.1.2 Daemon Server] - 2025-06-04T16:01:20.896Z - Closed a connection. Number of open connections: 5
[NX v21.1.2 Daemon Server] - 2025-06-04T16:01:20.897Z - [REQUEST]: Client Request for Project Graph Received
[NX v21.1.2 Daemon Server] - 2025-06-04T16:01:20.897Z - [REQUEST]: Responding to the client. project-graph
[NX v21.1.2 Daemon Server] - 2025-06-04T16:01:20.897Z - Time taken for 'total for creating and serializing project graph' 0.21587800001725554ms
[NX v21.1.2 Daemon Server] - 2025-06-04T16:01:20.899Z - Done responding to the client project-graph
[NX v21.1.2 Daemon Server] - 2025-06-04T16:01:20.899Z - Handled REQUEST_PROJECT_GRAPH. Handling time: 0. Response time: 2.
[NX v21.1.2 Daemon Server] - 2025-06-04T16:01:20.901Z - [REQUEST]: Client Request for Project Graph Received
[NX v21.1.2 Daemon Server] - 2025-06-04T16:01:20.901Z - [REQUEST]: Responding to the client. project-graph
[NX v21.1.2 Daemon Server] - 2025-06-04T16:01:20.902Z - Time taken for 'total for creating and serializing project graph' 0.22235400008503348ms
[NX v21.1.2 Daemon Server] - 2025-06-04T16:01:20.903Z - Done responding to the client project-graph
[NX v21.1.2 Daemon Server] - 2025-06-04T16:01:20.903Z - Handled REQUEST_PROJECT_GRAPH. Handling time: 0. Response time: 2.
[NX v21.1.2 Daemon Server] - 2025-06-04T16:01:20.905Z - Established a connection. Number of open connections: 6
[NX v21.1.2 Daemon Server] - 2025-06-04T16:01:21.609Z - [SYNC]: running scheduled generator @nx/js:typescript-sync
[NX v21.1.2 Daemon Server] - 2025-06-04T16:01:21.611Z - [REQUEST]: Client Request for Project Graph Received
[NX v21.1.2 Daemon Server] - 2025-06-04T16:01:21.611Z - [REQUEST]: Responding to the client. project-graph
[NX v21.1.2 Daemon Server] - 2025-06-04T16:01:21.611Z - Time taken for 'total for creating and serializing project graph' 0.2185759999556467ms
[NX v21.1.2 Daemon Server] - 2025-06-04T16:01:21.613Z - Done responding to the client project-graph
[NX v21.1.2 Daemon Server] - 2025-06-04T16:01:21.613Z - Handled REQUEST_PROJECT_GRAPH. Handling time: 0. Response time: 2.
[NX v21.1.2 Daemon Server] - 2025-06-04T16:01:21.619Z - [SYNC]: @nx/js:typescript-sync changes: 
[NX v21.1.2 Daemon Server] - 2025-06-04T16:01:21.619Z - Time taken for 'run-sync-generator:@nx/js:typescript-sync' 9.344241000013426ms
[NX v21.1.2 Daemon Server] - 2025-06-04T16:01:57.756Z - Established a connection. Number of open connections: 7
[NX v21.1.2 Daemon Server] - 2025-06-04T16:01:57.757Z - Closed a connection. Number of open connections: 6
[NX v21.1.2 Daemon Server] - 2025-06-04T16:01:57.758Z - Established a connection. Number of open connections: 7
[NX v21.1.2 Daemon Server] - 2025-06-04T16:01:57.761Z - [REQUEST]: Client Request for Project Graph Received
[NX v21.1.2 Daemon Server] - 2025-06-04T16:01:57.761Z - [REQUEST]: Responding to the client. project-graph
[NX v21.1.2 Daemon Server] - 2025-06-04T16:01:57.762Z - Time taken for 'total for creating and serializing project graph' 0.45328999997582287ms
[NX v21.1.2 Daemon Server] - 2025-06-04T16:01:57.767Z - Done responding to the client project-graph
[NX v21.1.2 Daemon Server] - 2025-06-04T16:01:57.767Z - Handled REQUEST_PROJECT_GRAPH. Handling time: 0. Response time: 6.
[NX v21.1.2 Daemon Server] - 2025-06-04T16:01:57.774Z - [REQUEST]: Responding to the client. handleRunPreTasksExecution
[NX v21.1.2 Daemon Server] - 2025-06-04T16:01:57.774Z - Done responding to the client handleRunPreTasksExecution
[NX v21.1.2 Daemon Server] - 2025-06-04T16:01:57.774Z - Handled PRE_TASKS_EXECUTION. Handling time: 0. Response time: 0.
[NX v21.1.2 Daemon Server] - 2025-06-04T16:01:57.774Z - Time taken for 'preTasksExecution' 0.2149879999924451ms
[NX v21.1.2 Daemon Server] - 2025-06-04T16:01:57.777Z - [SYNC]: get sync generators changes on demand ["@nx/js:typescript-sync"]
[NX v21.1.2 Daemon Server] - 2025-06-04T16:01:57.777Z - [SYNC]: @nx/js:typescript-sync not scheduled and has cached result, returning cached result
[NX v21.1.2 Daemon Server] - 2025-06-04T16:01:57.777Z - [REQUEST]: Responding to the client. handleGetSyncGeneratorChanges
[NX v21.1.2 Daemon Server] - 2025-06-04T16:01:57.777Z - Done responding to the client handleGetSyncGeneratorChanges
[NX v21.1.2 Daemon Server] - 2025-06-04T16:01:57.777Z - Handled GET_SYNC_GENERATOR_CHANGES. Handling time: 0. Response time: 0.
[NX v21.1.2 Daemon Server] - 2025-06-04T16:01:57.876Z - [REQUEST]: Responding to the client. handleHashTasks
[NX v21.1.2 Daemon Server] - 2025-06-04T16:01:57.877Z - Done responding to the client handleHashTasks
[NX v21.1.2 Daemon Server] - 2025-06-04T16:01:57.877Z - Handled HASH_TASKS. Handling time: 18. Response time: 1.
[NX v21.1.2 Daemon Server] - 2025-06-04T16:01:57.999Z - [REQUEST]: Responding to the client. handleGetEstimatedTaskTimings
[NX v21.1.2 Daemon Server] - 2025-06-04T16:01:57.999Z - Done responding to the client handleGetEstimatedTaskTimings
[NX v21.1.2 Daemon Server] - 2025-06-04T16:01:57.999Z - Handled GET_ESTIMATED_TASK_TIMINGS. Handling time: 31. Response time: 0.
[NX v21.1.2 Daemon Server] - 2025-06-04T16:02:51.407Z - [REQUEST]: Responding to the client. handleRecordTaskRuns
[NX v21.1.2 Daemon Server] - 2025-06-04T16:02:51.408Z - Done responding to the client handleRecordTaskRuns
[NX v21.1.2 Daemon Server] - 2025-06-04T16:02:51.408Z - Handled RECORD_TASK_RUNS. Handling time: 0. Response time: 1.
[NX v21.1.2 Daemon Server] - 2025-06-04T16:02:51.410Z - [REQUEST]: Responding to the client. handleGetFlakyTasks
[NX v21.1.2 Daemon Server] - 2025-06-04T16:02:51.410Z - Done responding to the client handleGetFlakyTasks
[NX v21.1.2 Daemon Server] - 2025-06-04T16:02:51.410Z - Handled GET_FLAKY_TASKS. Handling time: 1. Response time: 0.
[NX v21.1.2 Daemon Server] - 2025-06-04T16:02:51.528Z - [REQUEST]: Responding to the client. handleRunPostTasksExecution
[NX v21.1.2 Daemon Server] - 2025-06-04T16:02:51.528Z - Done responding to the client handleRunPostTasksExecution
[NX v21.1.2 Daemon Server] - 2025-06-04T16:02:51.528Z - Handled POST_TASKS_EXECUTION. Handling time: 0. Response time: 0.
[NX v21.1.2 Daemon Server] - 2025-06-04T16:02:51.528Z - Time taken for 'postTasksExecution' 0.17467400000896305ms
[NX v21.1.2 Daemon Server] - 2025-06-04T16:02:51.538Z - Closed a connection. Number of open connections: 6
[NX v21.1.2 Daemon Server] - 2025-06-04T16:02:58.433Z - Established a connection. Number of open connections: 7
[NX v21.1.2 Daemon Server] - 2025-06-04T16:02:58.434Z - Closed a connection. Number of open connections: 6
[NX v21.1.2 Daemon Server] - 2025-06-04T16:02:58.436Z - Established a connection. Number of open connections: 7
[NX v21.1.2 Daemon Server] - 2025-06-04T16:02:58.438Z - [REQUEST]: Client Request for Project Graph Received
[NX v21.1.2 Daemon Server] - 2025-06-04T16:02:58.438Z - [REQUEST]: Responding to the client. project-graph
[NX v21.1.2 Daemon Server] - 2025-06-04T16:02:58.438Z - Time taken for 'total for creating and serializing project graph' 0.27862199989613146ms
[NX v21.1.2 Daemon Server] - 2025-06-04T16:02:58.443Z - Done responding to the client project-graph
[NX v21.1.2 Daemon Server] - 2025-06-04T16:02:58.443Z - Handled REQUEST_PROJECT_GRAPH. Handling time: 0. Response time: 5.
[NX v21.1.2 Daemon Server] - 2025-06-04T16:02:58.448Z - [REQUEST]: Responding to the client. handleRunPreTasksExecution
[NX v21.1.2 Daemon Server] - 2025-06-04T16:02:58.448Z - Done responding to the client handleRunPreTasksExecution
[NX v21.1.2 Daemon Server] - 2025-06-04T16:02:58.448Z - Handled PRE_TASKS_EXECUTION. Handling time: 0. Response time: 0.
[NX v21.1.2 Daemon Server] - 2025-06-04T16:02:58.448Z - Time taken for 'preTasksExecution' 0.17353300005197525ms
[NX v21.1.2 Daemon Server] - 2025-06-04T16:02:58.451Z - [SYNC]: get sync generators changes on demand ["@nx/js:typescript-sync"]
[NX v21.1.2 Daemon Server] - 2025-06-04T16:02:58.451Z - [SYNC]: @nx/js:typescript-sync not scheduled and has cached result, returning cached result
[NX v21.1.2 Daemon Server] - 2025-06-04T16:02:58.451Z - [REQUEST]: Responding to the client. handleGetSyncGeneratorChanges
[NX v21.1.2 Daemon Server] - 2025-06-04T16:02:58.451Z - Done responding to the client handleGetSyncGeneratorChanges
[NX v21.1.2 Daemon Server] - 2025-06-04T16:02:58.451Z - Handled GET_SYNC_GENERATOR_CHANGES. Handling time: 0. Response time: 0.
[NX v21.1.2 Daemon Server] - 2025-06-04T16:02:58.518Z - [REQUEST]: Responding to the client. handleHashTasks
[NX v21.1.2 Daemon Server] - 2025-06-04T16:02:58.519Z - Done responding to the client handleHashTasks
[NX v21.1.2 Daemon Server] - 2025-06-04T16:02:58.519Z - Handled HASH_TASKS. Handling time: 8. Response time: 1.
[NX v21.1.2 Daemon Server] - 2025-06-04T16:02:58.585Z - [REQUEST]: Responding to the client. handleGetEstimatedTaskTimings
[NX v21.1.2 Daemon Server] - 2025-06-04T16:02:58.585Z - Done responding to the client handleGetEstimatedTaskTimings
[NX v21.1.2 Daemon Server] - 2025-06-04T16:02:58.585Z - Handled GET_ESTIMATED_TASK_TIMINGS. Handling time: 0. Response time: 0.
[NX v21.1.2 Daemon Server] - 2025-06-04T16:03:06.011Z - [REQUEST]: Responding to the client. handleRecordTaskRuns
[NX v21.1.2 Daemon Server] - 2025-06-04T16:03:06.011Z - Done responding to the client handleRecordTaskRuns
[NX v21.1.2 Daemon Server] - 2025-06-04T16:03:06.011Z - Handled RECORD_TASK_RUNS. Handling time: 1. Response time: 0.
[NX v21.1.2 Daemon Server] - 2025-06-04T16:03:06.013Z - [REQUEST]: Responding to the client. handleGetFlakyTasks
[NX v21.1.2 Daemon Server] - 2025-06-04T16:03:06.013Z - Done responding to the client handleGetFlakyTasks
[NX v21.1.2 Daemon Server] - 2025-06-04T16:03:06.013Z - Handled GET_FLAKY_TASKS. Handling time: 0. Response time: 0.
[NX v21.1.2 Daemon Server] - 2025-06-04T16:03:06.135Z - [REQUEST]: Responding to the client. handleRunPostTasksExecution
[NX v21.1.2 Daemon Server] - 2025-06-04T16:03:06.136Z - Done responding to the client handleRunPostTasksExecution
[NX v21.1.2 Daemon Server] - 2025-06-04T16:03:06.136Z - Handled POST_TASKS_EXECUTION. Handling time: 0. Response time: 1.
[NX v21.1.2 Daemon Server] - 2025-06-04T16:03:06.136Z - Time taken for 'postTasksExecution' 0.25312000000849366ms
[NX v21.1.2 Daemon Server] - 2025-06-04T16:03:06.150Z - Closed a connection. Number of open connections: 6
[NX v21.1.2 Daemon Server] - 2025-06-04T16:03:31.145Z - [WATCHER]: Processing file changes in outputs
[NX v21.1.2 Daemon Server] - 2025-06-04T16:03:31.146Z - [WATCHER]: libs/shared/src/lib/shared.tsx was modified
[NX v21.1.2 Daemon Server] - 2025-06-04T16:03:31.147Z - [REQUEST]: Responding to the client. File watch changed
[NX v21.1.2 Daemon Server] - 2025-06-04T16:03:31.147Z - Done responding to the client File watch changed
[NX v21.1.2 Daemon Server] - 2025-06-04T16:03:31.147Z - Handled FILE-WATCH-CHANGED. Handling time: 1. Response time: 0.
[NX v21.1.2 Daemon Server] - 2025-06-04T16:03:31.147Z - Time taken for 'changed-projects' 0.17877799994312227ms
[NX v21.1.2 Daemon Server] - 2025-06-04T16:03:31.246Z - [REQUEST]: Updated workspace context based on watched changes, recomputing project graph...
[NX v21.1.2 Daemon Server] - 2025-06-04T16:03:31.246Z - [REQUEST]: libs/shared/src/lib/shared.tsx
[NX v21.1.2 Daemon Server] - 2025-06-04T16:03:31.246Z - [REQUEST]: 
[NX v21.1.2 Daemon Server] - 2025-06-04T16:03:31.253Z - Time taken for 'hash changed files from watcher' 0.1264920000685379ms
[NX v21.1.2 Daemon Server] - 2025-06-04T16:03:31.263Z - [REQUEST]: Responding to the client. handleHashMultiGlob
[NX v21.1.2 Daemon Server] - 2025-06-04T16:03:31.264Z - Done responding to the client handleHashMultiGlob
[NX v21.1.2 Daemon Server] - 2025-06-04T16:03:31.264Z - Handled HASH_GLOB. Handling time: 0. Response time: 1.
[NX v21.1.2 Daemon Server] - 2025-06-04T16:03:31.268Z - [REQUEST]: Responding to the client. handleHashMultiGlob
[NX v21.1.2 Daemon Server] - 2025-06-04T16:03:31.268Z - Done responding to the client handleHashMultiGlob
[NX v21.1.2 Daemon Server] - 2025-06-04T16:03:31.268Z - Handled HASH_GLOB. Handling time: 2. Response time: 0.
[NX v21.1.2 Daemon Server] - 2025-06-04T16:03:31.269Z - [REQUEST]: Responding to the client. handleHashGlob
[NX v21.1.2 Daemon Server] - 2025-06-04T16:03:31.270Z - Done responding to the client handleHashGlob
[NX v21.1.2 Daemon Server] - 2025-06-04T16:03:31.270Z - Handled HASH_GLOB. Handling time: 0. Response time: 1.
[NX v21.1.2 Daemon Server] - 2025-06-04T16:03:31.271Z - [REQUEST]: Responding to the client. handleHashGlob
[NX v21.1.2 Daemon Server] - 2025-06-04T16:03:31.272Z - Done responding to the client handleHashGlob
[NX v21.1.2 Daemon Server] - 2025-06-04T16:03:31.272Z - Handled HASH_GLOB. Handling time: 0. Response time: 1.
[NX v21.1.2 Daemon Server] - 2025-06-04T16:03:31.315Z - Time taken for 'build-project-configs' 58.84442700003274ms
[NX v21.1.2 Daemon Server] - 2025-06-04T16:03:31.321Z - Time taken for '@nx/vite/plugin:createDependencies' 9.601290000020526ms
[NX v21.1.2 Daemon Server] - 2025-06-04T16:03:31.322Z - Time taken for '@nx/js/typescript:createDependencies' 12.118459000019357ms
[NX v21.1.2 Daemon Server] - 2025-06-04T16:03:31.345Z - [SYNC]: collect registered sync generators
[NX v21.1.2 Daemon Server] - 2025-06-04T16:03:31.346Z - [SYNC]: project graph hash is the same, not collecting task sync generators
[NX v21.1.2 Daemon Server] - 2025-06-04T16:03:31.346Z - [SYNC]: nx.json hash is the same, not collecting global sync generators
[NX v21.1.2 Daemon Server] - 2025-06-04T16:03:31.346Z - [SYNC]: scheduling: ["@nx/js:typescript-sync"]
[NX v21.1.2 Daemon Server] - 2025-06-04T16:03:31.346Z - Time taken for 'total execution time for createProjectGraph()' 28.569913999992423ms
[NX v21.1.2 Daemon Server] - 2025-06-04T16:03:31.446Z - [SYNC]: running scheduled generator @nx/js:typescript-sync
[NX v21.1.2 Daemon Server] - 2025-06-04T16:03:31.448Z - [REQUEST]: Client Request for Project Graph Received
[NX v21.1.2 Daemon Server] - 2025-06-04T16:03:31.448Z - [REQUEST]: Responding to the client. project-graph
[NX v21.1.2 Daemon Server] - 2025-06-04T16:03:31.468Z - Time taken for 'total for creating and serializing project graph' 0.20806900004390627ms
[NX v21.1.2 Daemon Server] - 2025-06-04T16:03:31.471Z - Done responding to the client project-graph
[NX v21.1.2 Daemon Server] - 2025-06-04T16:03:31.471Z - Handled REQUEST_PROJECT_GRAPH. Handling time: 0. Response time: 23.
[NX v21.1.2 Daemon Server] - 2025-06-04T16:03:31.479Z - [SYNC]: @nx/js:typescript-sync changes: 
[NX v21.1.2 Daemon Server] - 2025-06-04T16:03:31.479Z - Time taken for 'run-sync-generator:@nx/js:typescript-sync' 33.531781999976374ms
[NX v21.1.2 Daemon Server] - 2025-06-04T16:03:32.149Z - Established a connection. Number of open connections: 7
[NX v21.1.2 Daemon Server] - 2025-06-04T16:03:32.150Z - [REQUEST]: Client Request for Project Graph Received
[NX v21.1.2 Daemon Server] - 2025-06-04T16:03:32.150Z - [REQUEST]: Responding to the client. project-graph
[NX v21.1.2 Daemon Server] - 2025-06-04T16:03:32.151Z - Time taken for 'total for creating and serializing project graph' 0.23223900003358722ms
[NX v21.1.2 Daemon Server] - 2025-06-04T16:03:32.151Z - Closed a connection. Number of open connections: 6
[NX v21.1.2 Daemon Server] - 2025-06-04T16:03:32.153Z - Done responding to the client project-graph
[NX v21.1.2 Daemon Server] - 2025-06-04T16:03:32.153Z - Handled REQUEST_PROJECT_GRAPH. Handling time: 0. Response time: 3.
[NX v21.1.2 Daemon Server] - 2025-06-04T16:03:32.156Z - [REQUEST]: Responding to the client. handleContextFileData
[NX v21.1.2 Daemon Server] - 2025-06-04T16:03:32.156Z - Done responding to the client handleContextFileData
[NX v21.1.2 Daemon Server] - 2025-06-04T16:03:32.156Z - Handled GET_CONTEXT_FILE_DATA. Handling time: 0. Response time: 0.
[NX v21.1.2 Daemon Server] - 2025-06-04T16:03:32.157Z - Closed a connection. Number of open connections: 5
[NX v21.1.2 Daemon Server] - 2025-06-04T16:03:32.203Z - Closed a connection. Number of open connections: 4
[NX v21.1.2 Daemon Server] - 2025-06-04T16:03:32.204Z - Established a connection. Number of open connections: 5
[NX v21.1.2 Daemon Server] - 2025-06-04T16:03:32.204Z - Established a connection. Number of open connections: 6
[NX v21.1.2 Daemon Server] - 2025-06-04T16:03:32.205Z - Closed a connection. Number of open connections: 5
[NX v21.1.2 Daemon Server] - 2025-06-04T16:03:32.205Z - [REQUEST]: Client Request for Project Graph Received
[NX v21.1.2 Daemon Server] - 2025-06-04T16:03:32.205Z - [REQUEST]: Responding to the client. project-graph
[NX v21.1.2 Daemon Server] - 2025-06-04T16:03:32.206Z - Time taken for 'total for creating and serializing project graph' 0.21426199993584305ms
[NX v21.1.2 Daemon Server] - 2025-06-04T16:03:32.207Z - Done responding to the client project-graph
[NX v21.1.2 Daemon Server] - 2025-06-04T16:03:32.207Z - Handled REQUEST_PROJECT_GRAPH. Handling time: 0. Response time: 2.
[NX v21.1.2 Daemon Server] - 2025-06-04T16:03:32.209Z - [REQUEST]: Client Request for Project Graph Received
[NX v21.1.2 Daemon Server] - 2025-06-04T16:03:32.209Z - [REQUEST]: Responding to the client. project-graph
[NX v21.1.2 Daemon Server] - 2025-06-04T16:03:32.210Z - Time taken for 'total for creating and serializing project graph' 0.20202900003641844ms
[NX v21.1.2 Daemon Server] - 2025-06-04T16:03:32.211Z - Done responding to the client project-graph
[NX v21.1.2 Daemon Server] - 2025-06-04T16:03:32.211Z - Handled REQUEST_PROJECT_GRAPH. Handling time: 0. Response time: 2.
[NX v21.1.2 Daemon Server] - 2025-06-04T16:03:32.213Z - Established a connection. Number of open connections: 6
[NX v21.1.2 Daemon Server] - 2025-06-04T16:03:41.181Z - [WATCHER]: libs/shared/src/lib/shared.tsx was modified
[NX v21.1.2 Daemon Server] - 2025-06-04T16:03:41.181Z - [REQUEST]: Responding to the client. File watch changed
[NX v21.1.2 Daemon Server] - 2025-06-04T16:03:41.181Z - Done responding to the client File watch changed
[NX v21.1.2 Daemon Server] - 2025-06-04T16:03:41.181Z - Handled FILE-WATCH-CHANGED. Handling time: 0. Response time: 0.
[NX v21.1.2 Daemon Server] - 2025-06-04T16:03:41.182Z - [WATCHER]: Processing file changes in outputs
[NX v21.1.2 Daemon Server] - 2025-06-04T16:03:41.182Z - Time taken for 'changed-projects' 0.06389300001319498ms
[NX v21.1.2 Daemon Server] - 2025-06-04T16:03:41.281Z - [REQUEST]: Updated workspace context based on watched changes, recomputing project graph...
[NX v21.1.2 Daemon Server] - 2025-06-04T16:03:41.281Z - [REQUEST]: libs/shared/src/lib/shared.tsx
[NX v21.1.2 Daemon Server] - 2025-06-04T16:03:41.281Z - [REQUEST]: 
[NX v21.1.2 Daemon Server] - 2025-06-04T16:03:41.287Z - [REQUEST]: Responding to the client. handleHashMultiGlob
[NX v21.1.2 Daemon Server] - 2025-06-04T16:03:41.287Z - Done responding to the client handleHashMultiGlob
[NX v21.1.2 Daemon Server] - 2025-06-04T16:03:41.287Z - Handled HASH_GLOB. Handling time: 0. Response time: 0.
[NX v21.1.2 Daemon Server] - 2025-06-04T16:03:41.288Z - Time taken for 'hash changed files from watcher' 0.09428799990564585ms
[NX v21.1.2 Daemon Server] - 2025-06-04T16:03:41.288Z - [REQUEST]: Responding to the client. handleHashGlob
[NX v21.1.2 Daemon Server] - 2025-06-04T16:03:41.289Z - Done responding to the client handleHashGlob
[NX v21.1.2 Daemon Server] - 2025-06-04T16:03:41.289Z - Handled HASH_GLOB. Handling time: 0. Response time: 1.
[NX v21.1.2 Daemon Server] - 2025-06-04T16:03:41.291Z - [REQUEST]: Responding to the client. handleHashMultiGlob
[NX v21.1.2 Daemon Server] - 2025-06-04T16:03:41.291Z - Done responding to the client handleHashMultiGlob
[NX v21.1.2 Daemon Server] - 2025-06-04T16:03:41.291Z - Handled HASH_GLOB. Handling time: 2. Response time: 0.
[NX v21.1.2 Daemon Server] - 2025-06-04T16:03:41.292Z - [REQUEST]: Responding to the client. handleHashGlob
[NX v21.1.2 Daemon Server] - 2025-06-04T16:03:41.292Z - Done responding to the client handleHashGlob
[NX v21.1.2 Daemon Server] - 2025-06-04T16:03:41.292Z - Handled HASH_GLOB. Handling time: 1. Response time: 0.
[NX v21.1.2 Daemon Server] - 2025-06-04T16:03:41.317Z - Time taken for 'build-project-configs' 26.018243000027724ms
[NX v21.1.2 Daemon Server] - 2025-06-04T16:03:41.320Z - Time taken for '@nx/vite/plugin:createDependencies' 6.70274499990046ms
[NX v21.1.2 Daemon Server] - 2025-06-04T16:03:41.321Z - Time taken for '@nx/js/typescript:createDependencies' 8.969202000065707ms
[NX v21.1.2 Daemon Server] - 2025-06-04T16:03:41.340Z - [SYNC]: collect registered sync generators
[NX v21.1.2 Daemon Server] - 2025-06-04T16:03:41.340Z - [SYNC]: project graph hash is the same, not collecting task sync generators
[NX v21.1.2 Daemon Server] - 2025-06-04T16:03:41.340Z - [SYNC]: nx.json hash is the same, not collecting global sync generators
[NX v21.1.2 Daemon Server] - 2025-06-04T16:03:41.340Z - [SYNC]: scheduling: ["@nx/js:typescript-sync"]
[NX v21.1.2 Daemon Server] - 2025-06-04T16:03:41.340Z - Time taken for 'total execution time for createProjectGraph()' 21.706283999956213ms
[NX v21.1.2 Daemon Server] - 2025-06-04T16:03:41.541Z - [SYNC]: running scheduled generator @nx/js:typescript-sync
[NX v21.1.2 Daemon Server] - 2025-06-04T16:03:41.542Z - [REQUEST]: Client Request for Project Graph Received
[NX v21.1.2 Daemon Server] - 2025-06-04T16:03:41.542Z - [REQUEST]: Responding to the client. project-graph
[NX v21.1.2 Daemon Server] - 2025-06-04T16:03:41.542Z - Time taken for 'total for creating and serializing project graph' 0.1922290000366047ms
[NX v21.1.2 Daemon Server] - 2025-06-04T16:03:41.544Z - Done responding to the client project-graph
[NX v21.1.2 Daemon Server] - 2025-06-04T16:03:41.544Z - Handled REQUEST_PROJECT_GRAPH. Handling time: 0. Response time: 2.
[NX v21.1.2 Daemon Server] - 2025-06-04T16:03:41.550Z - [SYNC]: @nx/js:typescript-sync changes: 
[NX v21.1.2 Daemon Server] - 2025-06-04T16:03:41.550Z - Time taken for 'run-sync-generator:@nx/js:typescript-sync' 9.238709000055678ms
[NX v21.1.2 Daemon Server] - 2025-06-04T16:03:42.183Z - Established a connection. Number of open connections: 7
[NX v21.1.2 Daemon Server] - 2025-06-04T16:03:42.184Z - [REQUEST]: Client Request for Project Graph Received
[NX v21.1.2 Daemon Server] - 2025-06-04T16:03:42.184Z - [REQUEST]: Responding to the client. project-graph
[NX v21.1.2 Daemon Server] - 2025-06-04T16:03:42.185Z - Time taken for 'total for creating and serializing project graph' 0.23632699996232986ms
[NX v21.1.2 Daemon Server] - 2025-06-04T16:03:42.185Z - Closed a connection. Number of open connections: 6
[NX v21.1.2 Daemon Server] - 2025-06-04T16:03:42.186Z - Done responding to the client project-graph
[NX v21.1.2 Daemon Server] - 2025-06-04T16:03:42.187Z - Handled REQUEST_PROJECT_GRAPH. Handling time: 0. Response time: 3.
[NX v21.1.2 Daemon Server] - 2025-06-04T16:03:42.190Z - [REQUEST]: Responding to the client. handleContextFileData
[NX v21.1.2 Daemon Server] - 2025-06-04T16:03:42.190Z - Done responding to the client handleContextFileData
[NX v21.1.2 Daemon Server] - 2025-06-04T16:03:42.190Z - Handled GET_CONTEXT_FILE_DATA. Handling time: 0. Response time: 0.
[NX v21.1.2 Daemon Server] - 2025-06-04T16:03:42.191Z - Closed a connection. Number of open connections: 5
[NX v21.1.2 Daemon Server] - 2025-06-04T16:03:42.232Z - Closed a connection. Number of open connections: 4
[NX v21.1.2 Daemon Server] - 2025-06-04T16:03:42.233Z - Established a connection. Number of open connections: 5
[NX v21.1.2 Daemon Server] - 2025-06-04T16:03:42.233Z - Established a connection. Number of open connections: 6
[NX v21.1.2 Daemon Server] - 2025-06-04T16:03:42.233Z - Closed a connection. Number of open connections: 5
[NX v21.1.2 Daemon Server] - 2025-06-04T16:03:42.234Z - [REQUEST]: Client Request for Project Graph Received
[NX v21.1.2 Daemon Server] - 2025-06-04T16:03:42.234Z - [REQUEST]: Responding to the client. project-graph
[NX v21.1.2 Daemon Server] - 2025-06-04T16:03:42.234Z - Time taken for 'total for creating and serializing project graph' 0.21159500000067055ms
[NX v21.1.2 Daemon Server] - 2025-06-04T16:03:42.235Z - Done responding to the client project-graph
[NX v21.1.2 Daemon Server] - 2025-06-04T16:03:42.235Z - Handled REQUEST_PROJECT_GRAPH. Handling time: 1. Response time: 1.
[NX v21.1.2 Daemon Server] - 2025-06-04T16:03:42.238Z - [REQUEST]: Client Request for Project Graph Received
[NX v21.1.2 Daemon Server] - 2025-06-04T16:03:42.238Z - [REQUEST]: Responding to the client. project-graph
[NX v21.1.2 Daemon Server] - 2025-06-04T16:03:42.238Z - Time taken for 'total for creating and serializing project graph' 0.3010570000624284ms
[NX v21.1.2 Daemon Server] - 2025-06-04T16:03:42.240Z - Done responding to the client project-graph
[NX v21.1.2 Daemon Server] - 2025-06-04T16:03:42.240Z - Handled REQUEST_PROJECT_GRAPH. Handling time: 0. Response time: 2.
[NX v21.1.2 Daemon Server] - 2025-06-04T16:03:42.242Z - Established a connection. Number of open connections: 6
[NX v21.1.2 Daemon Server] - 2025-06-04T16:03:44.484Z - [WATCHER]: libs/shared/src/lib/shared.tsx was modified
[NX v21.1.2 Daemon Server] - 2025-06-04T16:03:44.484Z - [REQUEST]: Responding to the client. File watch changed
[NX v21.1.2 Daemon Server] - 2025-06-04T16:03:44.484Z - Done responding to the client File watch changed
[NX v21.1.2 Daemon Server] - 2025-06-04T16:03:44.484Z - Handled FILE-WATCH-CHANGED. Handling time: 0. Response time: 0.
[NX v21.1.2 Daemon Server] - 2025-06-04T16:03:44.484Z - [WATCHER]: Processing file changes in outputs
[NX v21.1.2 Daemon Server] - 2025-06-04T16:03:44.484Z - Time taken for 'changed-projects' 0.06295200006570667ms
[NX v21.1.2 Daemon Server] - 2025-06-04T16:03:44.585Z - [REQUEST]: Updated workspace context based on watched changes, recomputing project graph...
[NX v21.1.2 Daemon Server] - 2025-06-04T16:03:44.585Z - [REQUEST]: libs/shared/src/lib/shared.tsx
[NX v21.1.2 Daemon Server] - 2025-06-04T16:03:44.585Z - [REQUEST]: 
[NX v21.1.2 Daemon Server] - 2025-06-04T16:03:44.592Z - [REQUEST]: Responding to the client. handleHashMultiGlob
[NX v21.1.2 Daemon Server] - 2025-06-04T16:03:44.592Z - Done responding to the client handleHashMultiGlob
[NX v21.1.2 Daemon Server] - 2025-06-04T16:03:44.592Z - Handled HASH_GLOB. Handling time: 0. Response time: 0.
[NX v21.1.2 Daemon Server] - 2025-06-04T16:03:44.592Z - Time taken for 'hash changed files from watcher' 0.1402790000429377ms
[NX v21.1.2 Daemon Server] - 2025-06-04T16:03:44.594Z - [REQUEST]: Responding to the client. handleHashMultiGlob
[NX v21.1.2 Daemon Server] - 2025-06-04T16:03:44.594Z - Done responding to the client handleHashMultiGlob
[NX v21.1.2 Daemon Server] - 2025-06-04T16:03:44.594Z - Handled HASH_GLOB. Handling time: 1. Response time: 0.
[NX v21.1.2 Daemon Server] - 2025-06-04T16:03:44.596Z - [REQUEST]: Responding to the client. handleHashGlob
[NX v21.1.2 Daemon Server] - 2025-06-04T16:03:44.596Z - Done responding to the client handleHashGlob
[NX v21.1.2 Daemon Server] - 2025-06-04T16:03:44.596Z - Handled HASH_GLOB. Handling time: 1. Response time: 0.
[NX v21.1.2 Daemon Server] - 2025-06-04T16:03:44.597Z - [REQUEST]: Responding to the client. handleHashGlob
[NX v21.1.2 Daemon Server] - 2025-06-04T16:03:44.598Z - Done responding to the client handleHashGlob
[NX v21.1.2 Daemon Server] - 2025-06-04T16:03:44.598Z - Handled HASH_GLOB. Handling time: 0. Response time: 1.
[NX v21.1.2 Daemon Server] - 2025-06-04T16:03:44.623Z - Time taken for 'build-project-configs' 28.50962999998592ms
[NX v21.1.2 Daemon Server] - 2025-06-04T16:03:44.627Z - Time taken for '@nx/js/typescript:createDependencies' 8.606848999974318ms
[NX v21.1.2 Daemon Server] - 2025-06-04T16:03:44.627Z - Time taken for '@nx/vite/plugin:createDependencies' 6.485114999930374ms
[NX v21.1.2 Daemon Server] - 2025-06-04T16:03:44.646Z - [SYNC]: collect registered sync generators
[NX v21.1.2 Daemon Server] - 2025-06-04T16:03:44.646Z - [SYNC]: project graph hash is the same, not collecting task sync generators
[NX v21.1.2 Daemon Server] - 2025-06-04T16:03:44.646Z - [SYNC]: nx.json hash is the same, not collecting global sync generators
[NX v21.1.2 Daemon Server] - 2025-06-04T16:03:44.646Z - [SYNC]: scheduling: ["@nx/js:typescript-sync"]
[NX v21.1.2 Daemon Server] - 2025-06-04T16:03:44.647Z - Time taken for 'total execution time for createProjectGraph()' 22.262711000046693ms
[NX v21.1.2 Daemon Server] - 2025-06-04T16:03:45.046Z - [SYNC]: running scheduled generator @nx/js:typescript-sync
[NX v21.1.2 Daemon Server] - 2025-06-04T16:03:45.048Z - [REQUEST]: Client Request for Project Graph Received
[NX v21.1.2 Daemon Server] - 2025-06-04T16:03:45.048Z - [REQUEST]: Responding to the client. project-graph
[NX v21.1.2 Daemon Server] - 2025-06-04T16:03:45.048Z - Time taken for 'total for creating and serializing project graph' 0.22070299996994436ms
[NX v21.1.2 Daemon Server] - 2025-06-04T16:03:45.050Z - Done responding to the client project-graph
[NX v21.1.2 Daemon Server] - 2025-06-04T16:03:45.050Z - Handled REQUEST_PROJECT_GRAPH. Handling time: 0. Response time: 2.
[NX v21.1.2 Daemon Server] - 2025-06-04T16:03:45.055Z - [SYNC]: @nx/js:typescript-sync changes: 
[NX v21.1.2 Daemon Server] - 2025-06-04T16:03:45.055Z - Time taken for 'run-sync-generator:@nx/js:typescript-sync' 8.977078999974765ms
[NX v21.1.2 Daemon Server] - 2025-06-04T16:03:45.487Z - Established a connection. Number of open connections: 7
[NX v21.1.2 Daemon Server] - 2025-06-04T16:03:45.488Z - [REQUEST]: Client Request for Project Graph Received
[NX v21.1.2 Daemon Server] - 2025-06-04T16:03:45.489Z - [REQUEST]: Responding to the client. project-graph
[NX v21.1.2 Daemon Server] - 2025-06-04T16:03:45.490Z - Time taken for 'total for creating and serializing project graph' 0.3101800000295043ms
[NX v21.1.2 Daemon Server] - 2025-06-04T16:03:45.490Z - Closed a connection. Number of open connections: 6
[NX v21.1.2 Daemon Server] - 2025-06-04T16:03:45.492Z - Done responding to the client project-graph
[NX v21.1.2 Daemon Server] - 2025-06-04T16:03:45.492Z - Handled REQUEST_PROJECT_GRAPH. Handling time: 1. Response time: 3.
[NX v21.1.2 Daemon Server] - 2025-06-04T16:03:45.495Z - [REQUEST]: Responding to the client. handleContextFileData
[NX v21.1.2 Daemon Server] - 2025-06-04T16:03:45.495Z - Done responding to the client handleContextFileData
[NX v21.1.2 Daemon Server] - 2025-06-04T16:03:45.495Z - Handled GET_CONTEXT_FILE_DATA. Handling time: 0. Response time: 0.
[NX v21.1.2 Daemon Server] - 2025-06-04T16:03:45.495Z - Closed a connection. Number of open connections: 5
[NX v21.1.2 Daemon Server] - 2025-06-04T16:03:45.539Z - Closed a connection. Number of open connections: 4
[NX v21.1.2 Daemon Server] - 2025-06-04T16:03:45.541Z - Established a connection. Number of open connections: 5
[NX v21.1.2 Daemon Server] - 2025-06-04T16:03:45.541Z - Established a connection. Number of open connections: 6
[NX v21.1.2 Daemon Server] - 2025-06-04T16:03:45.541Z - Closed a connection. Number of open connections: 5
[NX v21.1.2 Daemon Server] - 2025-06-04T16:03:45.541Z - [REQUEST]: Client Request for Project Graph Received
[NX v21.1.2 Daemon Server] - 2025-06-04T16:03:45.542Z - [REQUEST]: Responding to the client. project-graph
[NX v21.1.2 Daemon Server] - 2025-06-04T16:03:45.542Z - Time taken for 'total for creating and serializing project graph' 0.2483880000654608ms
[NX v21.1.2 Daemon Server] - 2025-06-04T16:03:45.543Z - Done responding to the client project-graph
[NX v21.1.2 Daemon Server] - 2025-06-04T16:03:45.543Z - Handled REQUEST_PROJECT_GRAPH. Handling time: 1. Response time: 1.
[NX v21.1.2 Daemon Server] - 2025-06-04T16:03:45.546Z - [REQUEST]: Client Request for Project Graph Received
[NX v21.1.2 Daemon Server] - 2025-06-04T16:03:45.546Z - [REQUEST]: Responding to the client. project-graph
[NX v21.1.2 Daemon Server] - 2025-06-04T16:03:45.547Z - Time taken for 'total for creating and serializing project graph' 0.24502900009974837ms
[NX v21.1.2 Daemon Server] - 2025-06-04T16:03:45.548Z - Done responding to the client project-graph
[NX v21.1.2 Daemon Server] - 2025-06-04T16:03:45.548Z - Handled REQUEST_PROJECT_GRAPH. Handling time: 0. Response time: 2.
[NX v21.1.2 Daemon Server] - 2025-06-04T16:03:45.550Z - Established a connection. Number of open connections: 6
[NX v21.1.2 Daemon Server] - 2025-06-04T16:04:01.050Z - [WATCHER]: apps/first-app/src/app/app.tsx was modified
[NX v21.1.2 Daemon Server] - 2025-06-04T16:04:01.050Z - [REQUEST]: Responding to the client. File watch changed
[NX v21.1.2 Daemon Server] - 2025-06-04T16:04:01.050Z - Done responding to the client File watch changed
[NX v21.1.2 Daemon Server] - 2025-06-04T16:04:01.050Z - Handled FILE-WATCH-CHANGED. Handling time: 0. Response time: 0.
[NX v21.1.2 Daemon Server] - 2025-06-04T16:04:01.050Z - [WATCHER]: Processing file changes in outputs
[NX v21.1.2 Daemon Server] - 2025-06-04T16:04:01.050Z - Time taken for 'changed-projects' 0.07317399990279227ms
[NX v21.1.2 Daemon Server] - 2025-06-04T16:04:01.150Z - [REQUEST]: Updated workspace context based on watched changes, recomputing project graph...
[NX v21.1.2 Daemon Server] - 2025-06-04T16:04:01.150Z - [REQUEST]: apps/first-app/src/app/app.tsx
[NX v21.1.2 Daemon Server] - 2025-06-04T16:04:01.150Z - [REQUEST]: 
[NX v21.1.2 Daemon Server] - 2025-06-04T16:04:01.157Z - [REQUEST]: Responding to the client. handleHashMultiGlob
[NX v21.1.2 Daemon Server] - 2025-06-04T16:04:01.157Z - Done responding to the client handleHashMultiGlob
[NX v21.1.2 Daemon Server] - 2025-06-04T16:04:01.157Z - Handled HASH_GLOB. Handling time: 0. Response time: 1.
[NX v21.1.2 Daemon Server] - 2025-06-04T16:04:01.158Z - [REQUEST]: Responding to the client. handleHashGlob
[NX v21.1.2 Daemon Server] - 2025-06-04T16:04:01.158Z - Done responding to the client handleHashGlob
[NX v21.1.2 Daemon Server] - 2025-06-04T16:04:01.158Z - Handled HASH_GLOB. Handling time: 1. Response time: 0.
[NX v21.1.2 Daemon Server] - 2025-06-04T16:04:01.159Z - Time taken for 'hash changed files from watcher' 0.11965700006112456ms
[NX v21.1.2 Daemon Server] - 2025-06-04T16:04:01.161Z - [REQUEST]: Responding to the client. handleHashMultiGlob
[NX v21.1.2 Daemon Server] - 2025-06-04T16:04:01.161Z - Done responding to the client handleHashMultiGlob
[NX v21.1.2 Daemon Server] - 2025-06-04T16:04:01.161Z - Handled HASH_GLOB. Handling time: 2. Response time: 0.
[NX v21.1.2 Daemon Server] - 2025-06-04T16:04:01.163Z - [REQUEST]: Responding to the client. handleHashGlob
[NX v21.1.2 Daemon Server] - 2025-06-04T16:04:01.163Z - Done responding to the client handleHashGlob
[NX v21.1.2 Daemon Server] - 2025-06-04T16:04:01.163Z - Handled HASH_GLOB. Handling time: 1. Response time: 0.
[NX v21.1.2 Daemon Server] - 2025-06-04T16:04:01.185Z - Time taken for 'build-project-configs' 25.94993300002534ms
[NX v21.1.2 Daemon Server] - 2025-06-04T16:04:01.188Z - Time taken for '@nx/vite/plugin:createDependencies' 5.768359999987297ms
[NX v21.1.2 Daemon Server] - 2025-06-04T16:04:01.189Z - Time taken for '@nx/js/typescript:createDependencies' 7.904135999968275ms
[NX v21.1.2 Daemon Server] - 2025-06-04T16:04:01.484Z - [SYNC]: collect registered sync generators
[NX v21.1.2 Daemon Server] - 2025-06-04T16:04:01.485Z - [SYNC]: project graph hash is the same, not collecting task sync generators
[NX v21.1.2 Daemon Server] - 2025-06-04T16:04:01.485Z - [SYNC]: nx.json hash is the same, not collecting global sync generators
[NX v21.1.2 Daemon Server] - 2025-06-04T16:04:01.485Z - [SYNC]: scheduling: ["@nx/js:typescript-sync"]
[NX v21.1.2 Daemon Server] - 2025-06-04T16:04:01.485Z - Time taken for 'total execution time for createProjectGraph()' 298.7234440000029ms
[NX v21.1.2 Daemon Server] - 2025-06-04T16:04:02.053Z - Established a connection. Number of open connections: 7
[NX v21.1.2 Daemon Server] - 2025-06-04T16:04:02.054Z - [REQUEST]: Client Request for Project Graph Received
[NX v21.1.2 Daemon Server] - 2025-06-04T16:04:02.054Z - [REQUEST]: Responding to the client. project-graph
[NX v21.1.2 Daemon Server] - 2025-06-04T16:04:02.055Z - Time taken for 'total for creating and serializing project graph' 0.26862099999561906ms
[NX v21.1.2 Daemon Server] - 2025-06-04T16:04:02.055Z - Closed a connection. Number of open connections: 6
[NX v21.1.2 Daemon Server] - 2025-06-04T16:04:02.057Z - Done responding to the client project-graph
[NX v21.1.2 Daemon Server] - 2025-06-04T16:04:02.057Z - Handled REQUEST_PROJECT_GRAPH. Handling time: 0. Response time: 3.
[NX v21.1.2 Daemon Server] - 2025-06-04T16:04:02.062Z - [REQUEST]: Responding to the client. handleContextFileData
[NX v21.1.2 Daemon Server] - 2025-06-04T16:04:02.062Z - Done responding to the client handleContextFileData
[NX v21.1.2 Daemon Server] - 2025-06-04T16:04:02.062Z - Handled GET_CONTEXT_FILE_DATA. Handling time: 1. Response time: 0.
[NX v21.1.2 Daemon Server] - 2025-06-04T16:04:02.062Z - Closed a connection. Number of open connections: 5
[NX v21.1.2 Daemon Server] - 2025-06-04T16:04:02.104Z - Closed a connection. Number of open connections: 4
[NX v21.1.2 Daemon Server] - 2025-06-04T16:04:02.112Z - Established a connection. Number of open connections: 5
[NX v21.1.2 Daemon Server] - 2025-06-04T16:04:02.112Z - Established a connection. Number of open connections: 6
[NX v21.1.2 Daemon Server] - 2025-06-04T16:04:02.112Z - Closed a connection. Number of open connections: 5
[NX v21.1.2 Daemon Server] - 2025-06-04T16:04:02.113Z - [REQUEST]: Client Request for Project Graph Received
[NX v21.1.2 Daemon Server] - 2025-06-04T16:04:02.113Z - [REQUEST]: Responding to the client. project-graph
[NX v21.1.2 Daemon Server] - 2025-06-04T16:04:02.114Z - Time taken for 'total for creating and serializing project graph' 0.2823659999994561ms
[NX v21.1.2 Daemon Server] - 2025-06-04T16:04:02.115Z - Done responding to the client project-graph
[NX v21.1.2 Daemon Server] - 2025-06-04T16:04:02.115Z - Handled REQUEST_PROJECT_GRAPH. Handling time: 0. Response time: 2.
[NX v21.1.2 Daemon Server] - 2025-06-04T16:04:02.117Z - [REQUEST]: Client Request for Project Graph Received
[NX v21.1.2 Daemon Server] - 2025-06-04T16:04:02.118Z - [REQUEST]: Responding to the client. project-graph
[NX v21.1.2 Daemon Server] - 2025-06-04T16:04:02.118Z - Time taken for 'total for creating and serializing project graph' 0.2080779999960214ms
[NX v21.1.2 Daemon Server] - 2025-06-04T16:04:02.120Z - Done responding to the client project-graph
[NX v21.1.2 Daemon Server] - 2025-06-04T16:04:02.120Z - Handled REQUEST_PROJECT_GRAPH. Handling time: 1. Response time: 2.
[NX v21.1.2 Daemon Server] - 2025-06-04T16:04:02.122Z - Established a connection. Number of open connections: 6
[NX v21.1.2 Daemon Server] - 2025-06-04T16:04:02.285Z - [SYNC]: running scheduled generator @nx/js:typescript-sync
[NX v21.1.2 Daemon Server] - 2025-06-04T16:04:02.298Z - [REQUEST]: Client Request for Project Graph Received
[NX v21.1.2 Daemon Server] - 2025-06-04T16:04:02.298Z - [REQUEST]: Responding to the client. project-graph
[NX v21.1.2 Daemon Server] - 2025-06-04T16:04:02.299Z - Time taken for 'total for creating and serializing project graph' 0.23496299993712455ms
[NX v21.1.2 Daemon Server] - 2025-06-04T16:04:02.300Z - Done responding to the client project-graph
[NX v21.1.2 Daemon Server] - 2025-06-04T16:04:02.301Z - Handled REQUEST_PROJECT_GRAPH. Handling time: 0. Response time: 3.
[NX v21.1.2 Daemon Server] - 2025-06-04T16:04:02.348Z - [SYNC]: @nx/js:typescript-sync changes: apps/first-app/tsconfig.app.json, apps/first-app/tsconfig.json
[NX v21.1.2 Daemon Server] - 2025-06-04T16:04:02.348Z - Time taken for 'run-sync-generator:@nx/js:typescript-sync' 51.30581399996299ms
[NX v21.1.2 Daemon Server] - 2025-06-04T16:04:06.990Z - [WATCHER]: apps/second-app/src/app/app.tsx was modified
[NX v21.1.2 Daemon Server] - 2025-06-04T16:04:06.990Z - [REQUEST]: Responding to the client. File watch changed
[NX v21.1.2 Daemon Server] - 2025-06-04T16:04:06.990Z - Done responding to the client File watch changed
[NX v21.1.2 Daemon Server] - 2025-06-04T16:04:06.990Z - Handled FILE-WATCH-CHANGED. Handling time: 0. Response time: 0.
[NX v21.1.2 Daemon Server] - 2025-06-04T16:04:06.991Z - [WATCHER]: Processing file changes in outputs
[NX v21.1.2 Daemon Server] - 2025-06-04T16:04:06.991Z - Time taken for 'changed-projects' 0.048695000004954636ms
[NX v21.1.2 Daemon Server] - 2025-06-04T16:04:07.090Z - [REQUEST]: Updated workspace context based on watched changes, recomputing project graph...
[NX v21.1.2 Daemon Server] - 2025-06-04T16:04:07.090Z - [REQUEST]: apps/second-app/src/app/app.tsx
[NX v21.1.2 Daemon Server] - 2025-06-04T16:04:07.091Z - [REQUEST]: 
[NX v21.1.2 Daemon Server] - 2025-06-04T16:04:07.096Z - [REQUEST]: Responding to the client. handleHashMultiGlob
[NX v21.1.2 Daemon Server] - 2025-06-04T16:04:07.096Z - Done responding to the client handleHashMultiGlob
[NX v21.1.2 Daemon Server] - 2025-06-04T16:04:07.096Z - Handled HASH_GLOB. Handling time: 0. Response time: 0.
[NX v21.1.2 Daemon Server] - 2025-06-04T16:04:07.096Z - Time taken for 'hash changed files from watcher' 0.11429299996234477ms
[NX v21.1.2 Daemon Server] - 2025-06-04T16:04:07.098Z - [REQUEST]: Responding to the client. handleHashGlob
[NX v21.1.2 Daemon Server] - 2025-06-04T16:04:07.098Z - Done responding to the client handleHashGlob
[NX v21.1.2 Daemon Server] - 2025-06-04T16:04:07.098Z - Handled HASH_GLOB. Handling time: 1. Response time: 0.
[NX v21.1.2 Daemon Server] - 2025-06-04T16:04:07.100Z - [REQUEST]: Responding to the client. handleHashMultiGlob
[NX v21.1.2 Daemon Server] - 2025-06-04T16:04:07.100Z - Done responding to the client handleHashMultiGlob
[NX v21.1.2 Daemon Server] - 2025-06-04T16:04:07.100Z - Handled HASH_GLOB. Handling time: 1. Response time: 0.
[NX v21.1.2 Daemon Server] - 2025-06-04T16:04:07.102Z - [REQUEST]: Responding to the client. handleHashGlob
[NX v21.1.2 Daemon Server] - 2025-06-04T16:04:07.102Z - Done responding to the client handleHashGlob
[NX v21.1.2 Daemon Server] - 2025-06-04T16:04:07.102Z - Handled HASH_GLOB. Handling time: 1. Response time: 0.
[NX v21.1.2 Daemon Server] - 2025-06-04T16:04:07.121Z - Time taken for 'build-project-configs' 22.145942000090145ms
[NX v21.1.2 Daemon Server] - 2025-06-04T16:04:07.125Z - Time taken for '@nx/vite/plugin:createDependencies' 7.070329000009224ms
[NX v21.1.2 Daemon Server] - 2025-06-04T16:04:07.125Z - Time taken for '@nx/js/typescript:createDependencies' 8.50177099998109ms
[NX v21.1.2 Daemon Server] - 2025-06-04T16:04:07.148Z - [SYNC]: collect registered sync generators
[NX v21.1.2 Daemon Server] - 2025-06-04T16:04:07.149Z - [SYNC]: project graph hash is the same, not collecting task sync generators
[NX v21.1.2 Daemon Server] - 2025-06-04T16:04:07.149Z - [SYNC]: nx.json hash is the same, not collecting global sync generators
[NX v21.1.2 Daemon Server] - 2025-06-04T16:04:07.149Z - [SYNC]: scheduling: ["@nx/js:typescript-sync"]
[NX v21.1.2 Daemon Server] - 2025-06-04T16:04:07.149Z - Time taken for 'total execution time for createProjectGraph()' 25.076107000000775ms
[NX v21.1.2 Daemon Server] - 2025-06-04T16:04:07.994Z - Established a connection. Number of open connections: 7
[NX v21.1.2 Daemon Server] - 2025-06-04T16:04:07.995Z - [REQUEST]: Client Request for Project Graph Received
[NX v21.1.2 Daemon Server] - 2025-06-04T16:04:07.995Z - [REQUEST]: Responding to the client. project-graph
[NX v21.1.2 Daemon Server] - 2025-06-04T16:04:07.996Z - Time taken for 'total for creating and serializing project graph' 0.21972300007473677ms
[NX v21.1.2 Daemon Server] - 2025-06-04T16:04:07.996Z - Closed a connection. Number of open connections: 6
[NX v21.1.2 Daemon Server] - 2025-06-04T16:04:07.997Z - Done responding to the client project-graph
[NX v21.1.2 Daemon Server] - 2025-06-04T16:04:07.997Z - Handled REQUEST_PROJECT_GRAPH. Handling time: 0. Response time: 2.
[NX v21.1.2 Daemon Server] - 2025-06-04T16:04:08.001Z - [REQUEST]: Responding to the client. handleContextFileData
[NX v21.1.2 Daemon Server] - 2025-06-04T16:04:08.001Z - Done responding to the client handleContextFileData
[NX v21.1.2 Daemon Server] - 2025-06-04T16:04:08.001Z - Handled GET_CONTEXT_FILE_DATA. Handling time: 0. Response time: 0.
[NX v21.1.2 Daemon Server] - 2025-06-04T16:04:08.001Z - Closed a connection. Number of open connections: 5
[NX v21.1.2 Daemon Server] - 2025-06-04T16:04:08.042Z - Closed a connection. Number of open connections: 4
[NX v21.1.2 Daemon Server] - 2025-06-04T16:04:08.043Z - Established a connection. Number of open connections: 5
[NX v21.1.2 Daemon Server] - 2025-06-04T16:04:08.043Z - Established a connection. Number of open connections: 6
[NX v21.1.2 Daemon Server] - 2025-06-04T16:04:08.043Z - Closed a connection. Number of open connections: 5
[NX v21.1.2 Daemon Server] - 2025-06-04T16:04:08.044Z - [REQUEST]: Client Request for Project Graph Received
[NX v21.1.2 Daemon Server] - 2025-06-04T16:04:08.044Z - [REQUEST]: Responding to the client. project-graph
[NX v21.1.2 Daemon Server] - 2025-06-04T16:04:08.044Z - Time taken for 'total for creating and serializing project graph' 0.2048629999626428ms
[NX v21.1.2 Daemon Server] - 2025-06-04T16:04:08.045Z - Done responding to the client project-graph
[NX v21.1.2 Daemon Server] - 2025-06-04T16:04:08.046Z - Handled REQUEST_PROJECT_GRAPH. Handling time: 0. Response time: 2.
[NX v21.1.2 Daemon Server] - 2025-06-04T16:04:08.048Z - [REQUEST]: Client Request for Project Graph Received
[NX v21.1.2 Daemon Server] - 2025-06-04T16:04:08.048Z - [REQUEST]: Responding to the client. project-graph
[NX v21.1.2 Daemon Server] - 2025-06-04T16:04:08.049Z - Time taken for 'total for creating and serializing project graph' 0.20367000007536262ms
[NX v21.1.2 Daemon Server] - 2025-06-04T16:04:08.050Z - Done responding to the client project-graph
[NX v21.1.2 Daemon Server] - 2025-06-04T16:04:08.050Z - Handled REQUEST_PROJECT_GRAPH. Handling time: 0. Response time: 2.
[NX v21.1.2 Daemon Server] - 2025-06-04T16:04:08.052Z - Established a connection. Number of open connections: 6
[NX v21.1.2 Daemon Server] - 2025-06-04T16:04:08.749Z - [SYNC]: running scheduled generator @nx/js:typescript-sync
[NX v21.1.2 Daemon Server] - 2025-06-04T16:04:08.751Z - [REQUEST]: Client Request for Project Graph Received
[NX v21.1.2 Daemon Server] - 2025-06-04T16:04:08.751Z - [REQUEST]: Responding to the client. project-graph
[NX v21.1.2 Daemon Server] - 2025-06-04T16:04:08.751Z - Time taken for 'total for creating and serializing project graph' 0.2030359999043867ms
[NX v21.1.2 Daemon Server] - 2025-06-04T16:04:08.753Z - Done responding to the client project-graph
[NX v21.1.2 Daemon Server] - 2025-06-04T16:04:08.753Z - Handled REQUEST_PROJECT_GRAPH. Handling time: 0. Response time: 2.
[NX v21.1.2 Daemon Server] - 2025-06-04T16:04:08.766Z - [SYNC]: @nx/js:typescript-sync changes: apps/second-app/tsconfig.app.json, apps/second-app/tsconfig.json, apps/first-app/tsconfig.app.json, apps/first-app/tsconfig.json
[NX v21.1.2 Daemon Server] - 2025-06-04T16:04:08.767Z - Time taken for 'run-sync-generator:@nx/js:typescript-sync' 16.86459700006526ms
[NX v21.1.2 Daemon Server] - 2025-06-04T16:04:12.630Z - [WATCHER]: apps/second-app/src/app/nx-welcome.tsx was deleted
[NX v21.1.2 Daemon Server] - 2025-06-04T16:04:12.630Z - [REQUEST]: Responding to the client. File watch changed
[NX v21.1.2 Daemon Server] - 2025-06-04T16:04:12.630Z - Done responding to the client File watch changed
[NX v21.1.2 Daemon Server] - 2025-06-04T16:04:12.631Z - Handled FILE-WATCH-CHANGED. Handling time: 0. Response time: 0.
[NX v21.1.2 Daemon Server] - 2025-06-04T16:04:12.631Z - [WATCHER]: Processing file changes in outputs
[NX v21.1.2 Daemon Server] - 2025-06-04T16:04:12.631Z - Time taken for 'changed-projects' 0.16041699994821101ms
[NX v21.1.2 Daemon Server] - 2025-06-04T16:04:12.731Z - [REQUEST]: Updated workspace context based on watched changes, recomputing project graph...
[NX v21.1.2 Daemon Server] - 2025-06-04T16:04:12.731Z - [REQUEST]: 
[NX v21.1.2 Daemon Server] - 2025-06-04T16:04:12.731Z - [REQUEST]: apps/second-app/src/app/nx-welcome.tsx
[NX v21.1.2 Daemon Server] - 2025-06-04T16:04:12.747Z - [REQUEST]: Responding to the client. handleHashMultiGlob
[NX v21.1.2 Daemon Server] - 2025-06-04T16:04:12.747Z - Done responding to the client handleHashMultiGlob
[NX v21.1.2 Daemon Server] - 2025-06-04T16:04:12.747Z - Handled HASH_GLOB. Handling time: 0. Response time: 0.
[NX v21.1.2 Daemon Server] - 2025-06-04T16:04:12.747Z - Time taken for 'hash changed files from watcher' 0.12800999998580664ms
[NX v21.1.2 Daemon Server] - 2025-06-04T16:04:12.749Z - [REQUEST]: Responding to the client. handleHashGlob
[NX v21.1.2 Daemon Server] - 2025-06-04T16:04:12.749Z - Done responding to the client handleHashGlob
[NX v21.1.2 Daemon Server] - 2025-06-04T16:04:12.749Z - Handled HASH_GLOB. Handling time: 1. Response time: 0.
[NX v21.1.2 Daemon Server] - 2025-06-04T16:04:12.751Z - [REQUEST]: Responding to the client. handleHashMultiGlob
[NX v21.1.2 Daemon Server] - 2025-06-04T16:04:12.751Z - Done responding to the client handleHashMultiGlob
[NX v21.1.2 Daemon Server] - 2025-06-04T16:04:12.751Z - Handled HASH_GLOB. Handling time: 1. Response time: 0.
[NX v21.1.2 Daemon Server] - 2025-06-04T16:04:12.753Z - [REQUEST]: Responding to the client. handleHashGlob
[NX v21.1.2 Daemon Server] - 2025-06-04T16:04:12.753Z - Done responding to the client handleHashGlob
[NX v21.1.2 Daemon Server] - 2025-06-04T16:04:12.753Z - Handled HASH_GLOB. Handling time: 0. Response time: 1.
[NX v21.1.2 Daemon Server] - 2025-06-04T16:04:12.773Z - Time taken for 'build-project-configs' 32.3551720000105ms
[NX v21.1.2 Daemon Server] - 2025-06-04T16:04:12.777Z - Time taken for '@nx/vite/plugin:createDependencies' 5.808144000009634ms
[NX v21.1.2 Daemon Server] - 2025-06-04T16:04:12.777Z - Time taken for '@nx/js/typescript:createDependencies' 7.635784999933094ms
[NX v21.1.2 Daemon Server] - 2025-06-04T16:04:12.795Z - [SYNC]: collect registered sync generators
[NX v21.1.2 Daemon Server] - 2025-06-04T16:04:12.795Z - [SYNC]: project graph hash is the same, not collecting task sync generators
[NX v21.1.2 Daemon Server] - 2025-06-04T16:04:12.795Z - [SYNC]: nx.json hash is the same, not collecting global sync generators
[NX v21.1.2 Daemon Server] - 2025-06-04T16:04:12.795Z - [SYNC]: scheduling: ["@nx/js:typescript-sync"]
[NX v21.1.2 Daemon Server] - 2025-06-04T16:04:12.795Z - Time taken for 'total execution time for createProjectGraph()' 19.72139199997764ms
[NX v21.1.2 Daemon Server] - 2025-06-04T16:04:13.633Z - Established a connection. Number of open connections: 7
[NX v21.1.2 Daemon Server] - 2025-06-04T16:04:13.634Z - [REQUEST]: Client Request for Project Graph Received
[NX v21.1.2 Daemon Server] - 2025-06-04T16:04:13.634Z - [REQUEST]: Responding to the client. project-graph
[NX v21.1.2 Daemon Server] - 2025-06-04T16:04:13.634Z - Time taken for 'total for creating and serializing project graph' 0.2585759999928996ms
[NX v21.1.2 Daemon Server] - 2025-06-04T16:04:13.635Z - Closed a connection. Number of open connections: 6
[NX v21.1.2 Daemon Server] - 2025-06-04T16:04:13.636Z - Done responding to the client project-graph
[NX v21.1.2 Daemon Server] - 2025-06-04T16:04:13.636Z - Handled REQUEST_PROJECT_GRAPH. Handling time: 0. Response time: 2.
[NX v21.1.2 Daemon Server] - 2025-06-04T16:04:13.638Z - [REQUEST]: Responding to the client. handleContextFileData
[NX v21.1.2 Daemon Server] - 2025-06-04T16:04:13.638Z - Done responding to the client handleContextFileData
[NX v21.1.2 Daemon Server] - 2025-06-04T16:04:13.638Z - Handled GET_CONTEXT_FILE_DATA. Handling time: 0. Response time: 0.
[NX v21.1.2 Daemon Server] - 2025-06-04T16:04:13.639Z - Closed a connection. Number of open connections: 5
[NX v21.1.2 Daemon Server] - 2025-06-04T16:04:13.678Z - Closed a connection. Number of open connections: 4
[NX v21.1.2 Daemon Server] - 2025-06-04T16:04:13.680Z - Established a connection. Number of open connections: 5
[NX v21.1.2 Daemon Server] - 2025-06-04T16:04:13.680Z - Established a connection. Number of open connections: 6
[NX v21.1.2 Daemon Server] - 2025-06-04T16:04:13.680Z - Closed a connection. Number of open connections: 5
[NX v21.1.2 Daemon Server] - 2025-06-04T16:04:13.681Z - [REQUEST]: Client Request for Project Graph Received
[NX v21.1.2 Daemon Server] - 2025-06-04T16:04:13.681Z - [REQUEST]: Responding to the client. project-graph
[NX v21.1.2 Daemon Server] - 2025-06-04T16:04:13.682Z - Time taken for 'total for creating and serializing project graph' 0.23715300008188933ms
[NX v21.1.2 Daemon Server] - 2025-06-04T16:04:13.683Z - Done responding to the client project-graph
[NX v21.1.2 Daemon Server] - 2025-06-04T16:04:13.683Z - Handled REQUEST_PROJECT_GRAPH. Handling time: 0. Response time: 2.
[NX v21.1.2 Daemon Server] - 2025-06-04T16:04:13.686Z - [REQUEST]: Client Request for Project Graph Received
[NX v21.1.2 Daemon Server] - 2025-06-04T16:04:13.686Z - [REQUEST]: Responding to the client. project-graph
[NX v21.1.2 Daemon Server] - 2025-06-04T16:04:13.687Z - Time taken for 'total for creating and serializing project graph' 0.23412299994379282ms
[NX v21.1.2 Daemon Server] - 2025-06-04T16:04:13.690Z - Done responding to the client project-graph
[NX v21.1.2 Daemon Server] - 2025-06-04T16:04:13.690Z - Handled REQUEST_PROJECT_GRAPH. Handling time: 0. Response time: 4.
[NX v21.1.2 Daemon Server] - 2025-06-04T16:04:13.692Z - Established a connection. Number of open connections: 6
[NX v21.1.2 Daemon Server] - 2025-06-04T16:04:15.995Z - [SYNC]: running scheduled generator @nx/js:typescript-sync
[NX v21.1.2 Daemon Server] - 2025-06-04T16:04:15.997Z - [REQUEST]: Client Request for Project Graph Received
[NX v21.1.2 Daemon Server] - 2025-06-04T16:04:15.997Z - [REQUEST]: Responding to the client. project-graph
[NX v21.1.2 Daemon Server] - 2025-06-04T16:04:15.997Z - Time taken for 'total for creating and serializing project graph' 0.24222999997437ms
[NX v21.1.2 Daemon Server] - 2025-06-04T16:04:15.999Z - Done responding to the client project-graph
[NX v21.1.2 Daemon Server] - 2025-06-04T16:04:15.999Z - Handled REQUEST_PROJECT_GRAPH. Handling time: 0. Response time: 2.
[NX v21.1.2 Daemon Server] - 2025-06-04T16:04:16.019Z - [SYNC]: @nx/js:typescript-sync changes: apps/second-app/tsconfig.app.json, apps/second-app/tsconfig.json, apps/first-app/tsconfig.app.json, apps/first-app/tsconfig.json
[NX v21.1.2 Daemon Server] - 2025-06-04T16:04:16.019Z - Time taken for 'run-sync-generator:@nx/js:typescript-sync' 23.608314999961294ms
[NX v21.1.2 Daemon Server] - 2025-06-04T16:04:28.398Z - Established a connection. Number of open connections: 7
[NX v21.1.2 Daemon Server] - 2025-06-04T16:04:28.399Z - Closed a connection. Number of open connections: 6
[NX v21.1.2 Daemon Server] - 2025-06-04T16:04:28.401Z - Established a connection. Number of open connections: 7
[NX v21.1.2 Daemon Server] - 2025-06-04T16:04:28.402Z - [REQUEST]: Client Request for Project Graph Received
[NX v21.1.2 Daemon Server] - 2025-06-04T16:04:28.403Z - [REQUEST]: Responding to the client. project-graph
[NX v21.1.2 Daemon Server] - 2025-06-04T16:04:28.403Z - Time taken for 'total for creating and serializing project graph' 0.23629700008314103ms
[NX v21.1.2 Daemon Server] - 2025-06-04T16:04:28.408Z - Done responding to the client project-graph
[NX v21.1.2 Daemon Server] - 2025-06-04T16:04:28.408Z - Handled REQUEST_PROJECT_GRAPH. Handling time: 1. Response time: 5.
[NX v21.1.2 Daemon Server] - 2025-06-04T16:04:28.413Z - [REQUEST]: Responding to the client. handleRunPreTasksExecution
[NX v21.1.2 Daemon Server] - 2025-06-04T16:04:28.413Z - Done responding to the client handleRunPreTasksExecution
[NX v21.1.2 Daemon Server] - 2025-06-04T16:04:28.413Z - Handled PRE_TASKS_EXECUTION. Handling time: 0. Response time: 0.
[NX v21.1.2 Daemon Server] - 2025-06-04T16:04:28.413Z - Time taken for 'preTasksExecution' 0.14474000001791865ms
[NX v21.1.2 Daemon Server] - 2025-06-04T16:04:28.416Z - [SYNC]: get sync generators changes on demand ["@nx/js:typescript-sync"]
[NX v21.1.2 Daemon Server] - 2025-06-04T16:04:28.416Z - [SYNC]: @nx/js:typescript-sync not scheduled and has cached result, returning cached result
[NX v21.1.2 Daemon Server] - 2025-06-04T16:04:28.416Z - [REQUEST]: Responding to the client. handleGetSyncGeneratorChanges
[NX v21.1.2 Daemon Server] - 2025-06-04T16:04:28.416Z - Done responding to the client handleGetSyncGeneratorChanges
[NX v21.1.2 Daemon Server] - 2025-06-04T16:04:28.416Z - Handled GET_SYNC_GENERATOR_CHANGES. Handling time: 0. Response time: 0.
[NX v21.1.2 Daemon Server] - 2025-06-04T16:04:33.667Z - [SYNC]: flush sync generators changes ["@nx/js:typescript-sync"]
[NX v21.1.2 Daemon Server] - 2025-06-04T16:04:33.667Z - [SYNC]: get sync generators changes on demand ["@nx/js:typescript-sync"]
[NX v21.1.2 Daemon Server] - 2025-06-04T16:04:33.667Z - [SYNC]: @nx/js:typescript-sync not scheduled and has cached result, returning cached result
[NX v21.1.2 Daemon Server] - 2025-06-04T16:04:33.671Z - [REQUEST]: Responding to the client. File watch changed
[NX v21.1.2 Daemon Server] - 2025-06-04T16:04:33.671Z - [REQUEST]: Responding to the client. handleFlushSyncGeneratorChangesToDisk
[NX v21.1.2 Daemon Server] - 2025-06-04T16:04:33.671Z - Done responding to the client File watch changed
[NX v21.1.2 Daemon Server] - 2025-06-04T16:04:33.672Z - Done responding to the client handleFlushSyncGeneratorChangesToDisk
[NX v21.1.2 Daemon Server] - 2025-06-04T16:04:33.672Z - Handled FILE-WATCH-CHANGED. Handling time: 0. Response time: 1.
[NX v21.1.2 Daemon Server] - 2025-06-04T16:04:33.672Z - Handled CLEAR_CACHED_SYNC_GENERATOR_CHANGES. Handling time: 4. Response time: 1.
[NX v21.1.2 Daemon Server] - 2025-06-04T16:04:33.672Z - Time taken for 'flush sync generator changes to disk' 3.9141610000515357ms
[NX v21.1.2 Daemon Server] - 2025-06-04T16:04:33.672Z - [REQUEST]: Client Request for Project Graph Received
[NX v21.1.2 Daemon Server] - 2025-06-04T16:04:33.673Z - [REQUEST]: Updated workspace context based on watched changes, recomputing project graph...
[NX v21.1.2 Daemon Server] - 2025-06-04T16:04:33.673Z - [REQUEST]: apps/second-app/tsconfig.app.json,apps/second-app/tsconfig.json,apps/first-app/tsconfig.app.json,apps/first-app/tsconfig.json
[NX v21.1.2 Daemon Server] - 2025-06-04T16:04:33.673Z - [REQUEST]: 
[NX v21.1.2 Daemon Server] - 2025-06-04T16:04:33.678Z - Time taken for 'hash changed files from watcher' 0.25820699997711927ms
[NX v21.1.2 Daemon Server] - 2025-06-04T16:04:33.679Z - [REQUEST]: Responding to the client. handleHashMultiGlob
[NX v21.1.2 Daemon Server] - 2025-06-04T16:04:33.679Z - Done responding to the client handleHashMultiGlob
[NX v21.1.2 Daemon Server] - 2025-06-04T16:04:33.679Z - Handled HASH_GLOB. Handling time: 0. Response time: 0.
[NX v21.1.2 Daemon Server] - 2025-06-04T16:04:33.680Z - [REQUEST]: Responding to the client. handleHashGlob
[NX v21.1.2 Daemon Server] - 2025-06-04T16:04:33.680Z - Done responding to the client handleHashGlob
[NX v21.1.2 Daemon Server] - 2025-06-04T16:04:33.680Z - Handled HASH_GLOB. Handling time: 1. Response time: 0.
[NX v21.1.2 Daemon Server] - 2025-06-04T16:04:33.682Z - [REQUEST]: Responding to the client. handleHashMultiGlob
[NX v21.1.2 Daemon Server] - 2025-06-04T16:04:33.682Z - Done responding to the client handleHashMultiGlob
[NX v21.1.2 Daemon Server] - 2025-06-04T16:04:33.682Z - Handled HASH_GLOB. Handling time: 2. Response time: 0.
[NX v21.1.2 Daemon Server] - 2025-06-04T16:04:33.683Z - [REQUEST]: Responding to the client. handleHashGlob
[NX v21.1.2 Daemon Server] - 2025-06-04T16:04:33.683Z - Done responding to the client handleHashGlob
[NX v21.1.2 Daemon Server] - 2025-06-04T16:04:33.683Z - Handled HASH_GLOB. Handling time: 0. Response time: 0.
[NX v21.1.2 Daemon Server] - 2025-06-04T16:04:33.720Z - Time taken for 'build-project-configs' 39.0571859999327ms
[NX v21.1.2 Daemon Server] - 2025-06-04T16:04:33.723Z - Time taken for '@nx/js/typescript:createDependencies' 6.783655000035651ms
[NX v21.1.2 Daemon Server] - 2025-06-04T16:04:33.724Z - Time taken for '@nx/vite/plugin:createDependencies' 5.905642000027001ms
[NX v21.1.2 Daemon Server] - 2025-06-04T16:04:33.733Z - [WATCHER]: 0 file(s) created or restored, 4 file(s) modified, 0 file(s) deleted
[NX v21.1.2 Daemon Server] - 2025-06-04T16:04:33.733Z - [REQUEST]: Responding to the client. File watch changed
[NX v21.1.2 Daemon Server] - 2025-06-04T16:04:33.733Z - Done responding to the client File watch changed
[NX v21.1.2 Daemon Server] - 2025-06-04T16:04:33.733Z - Handled FILE-WATCH-CHANGED. Handling time: 0. Response time: 0.
[NX v21.1.2 Daemon Server] - 2025-06-04T16:04:33.733Z - [WATCHER]: Processing file changes in outputs
[NX v21.1.2 Daemon Server] - 2025-06-04T16:04:33.734Z - Time taken for 'changed-projects' 0.05262100009713322ms
[NX v21.1.2 Daemon Server] - 2025-06-04T16:04:33.744Z - [SYNC]: collect registered sync generators
[NX v21.1.2 Daemon Server] - 2025-06-04T16:04:33.745Z - [SYNC]: nx.json hash is the same, not collecting global sync generators
[NX v21.1.2 Daemon Server] - 2025-06-04T16:04:33.745Z - [SYNC]: scheduling: ["@nx/js:typescript-sync"]
[NX v21.1.2 Daemon Server] - 2025-06-04T16:04:33.745Z - [REQUEST]: Responding to the client. project-graph
[NX v21.1.2 Daemon Server] - 2025-06-04T16:04:33.745Z - Time taken for 'total for creating and serializing project graph' 72.69074099999852ms
[NX v21.1.2 Daemon Server] - 2025-06-04T16:04:33.747Z - Done responding to the client project-graph
[NX v21.1.2 Daemon Server] - 2025-06-04T16:04:33.747Z - Handled REQUEST_PROJECT_GRAPH. Handling time: 73. Response time: 2.
[NX v21.1.2 Daemon Server] - 2025-06-04T16:04:33.823Z - [REQUEST]: Updated workspace context based on watched changes, recomputing project graph...
[NX v21.1.2 Daemon Server] - 2025-06-04T16:04:33.823Z - [REQUEST]: apps/first-app/tsconfig.app.json,apps/second-app/tsconfig.app.json,apps/first-app/tsconfig.json,apps/second-app/tsconfig.json
[NX v21.1.2 Daemon Server] - 2025-06-04T16:04:33.823Z - [REQUEST]: 
[NX v21.1.2 Daemon Server] - 2025-06-04T16:04:33.830Z - Time taken for 'hash changed files from watcher' 0.28859200002625585ms
[NX v21.1.2 Daemon Server] - 2025-06-04T16:04:33.831Z - [REQUEST]: Responding to the client. handleHashMultiGlob
[NX v21.1.2 Daemon Server] - 2025-06-04T16:04:33.831Z - Done responding to the client handleHashMultiGlob
[NX v21.1.2 Daemon Server] - 2025-06-04T16:04:33.831Z - Handled HASH_GLOB. Handling time: 1. Response time: 0.
[NX v21.1.2 Daemon Server] - 2025-06-04T16:04:33.832Z - [REQUEST]: Responding to the client. handleHashGlob
[NX v21.1.2 Daemon Server] - 2025-06-04T16:04:33.832Z - Done responding to the client handleHashGlob
[NX v21.1.2 Daemon Server] - 2025-06-04T16:04:33.832Z - Handled HASH_GLOB. Handling time: 1. Response time: 0.
[NX v21.1.2 Daemon Server] - 2025-06-04T16:04:33.834Z - [REQUEST]: Responding to the client. handleHashMultiGlob
[NX v21.1.2 Daemon Server] - 2025-06-04T16:04:33.834Z - Done responding to the client handleHashMultiGlob
[NX v21.1.2 Daemon Server] - 2025-06-04T16:04:33.834Z - Handled HASH_GLOB. Handling time: 2. Response time: 0.
[NX v21.1.2 Daemon Server] - 2025-06-04T16:04:33.835Z - [REQUEST]: Responding to the client. handleHashGlob
[NX v21.1.2 Daemon Server] - 2025-06-04T16:04:33.835Z - Done responding to the client handleHashGlob
[NX v21.1.2 Daemon Server] - 2025-06-04T16:04:33.835Z - Handled HASH_GLOB. Handling time: 1. Response time: 0.
[NX v21.1.2 Daemon Server] - 2025-06-04T16:04:33.845Z - Time taken for 'build-project-configs' 13.315852999920025ms
[NX v21.1.2 Daemon Server] - 2025-06-04T16:04:33.845Z - [SYNC]: running scheduled generator @nx/js:typescript-sync
[NX v21.1.2 Daemon Server] - 2025-06-04T16:04:33.847Z - [REQUEST]: Client Request for Project Graph Received
[NX v21.1.2 Daemon Server] - 2025-06-04T16:04:33.850Z - Time taken for '@nx/js/typescript:createDependencies' 8.896905999979936ms
[NX v21.1.2 Daemon Server] - 2025-06-04T16:04:33.851Z - Time taken for '@nx/vite/plugin:createDependencies' 8.261886999942362ms
[NX v21.1.2 Daemon Server] - 2025-06-04T16:04:33.867Z - [SYNC]: collect registered sync generators
[NX v21.1.2 Daemon Server] - 2025-06-04T16:04:33.868Z - [SYNC]: project graph hash is the same, not collecting task sync generators
[NX v21.1.2 Daemon Server] - 2025-06-04T16:04:33.868Z - [SYNC]: nx.json hash is the same, not collecting global sync generators
[NX v21.1.2 Daemon Server] - 2025-06-04T16:04:33.868Z - [SYNC]: scheduling: ["@nx/js:typescript-sync"]
[NX v21.1.2 Daemon Server] - 2025-06-04T16:04:33.881Z - [REQUEST]: Responding to the client. project-graph
[NX v21.1.2 Daemon Server] - 2025-06-04T16:04:33.883Z - [REQUEST]: Responding to the client. handleHashTasks
[NX v21.1.2 Daemon Server] - 2025-06-04T16:04:33.883Z - Time taken for 'total execution time for createProjectGraph()' 20.66769800009206ms
[NX v21.1.2 Daemon Server] - 2025-06-04T16:04:33.885Z - Done responding to the client handleHashTasks
[NX v21.1.2 Daemon Server] - 2025-06-04T16:04:33.885Z - Handled HASH_TASKS. Handling time: 60. Response time: 2.
[NX v21.1.2 Daemon Server] - 2025-06-04T16:04:33.886Z - Done responding to the client project-graph
[NX v21.1.2 Daemon Server] - 2025-06-04T16:04:33.887Z - Handled REQUEST_PROJECT_GRAPH. Handling time: 35. Response time: 6.
[NX v21.1.2 Daemon Server] - 2025-06-04T16:04:33.904Z - [SYNC]: @nx/js:typescript-sync changes: 
[NX v21.1.2 Daemon Server] - 2025-06-04T16:04:33.904Z - Time taken for 'run-sync-generator:@nx/js:typescript-sync' 58.16259900003206ms
[NX v21.1.2 Daemon Server] - 2025-06-04T16:04:33.961Z - [REQUEST]: Responding to the client. handleGetEstimatedTaskTimings
[NX v21.1.2 Daemon Server] - 2025-06-04T16:04:33.962Z - Done responding to the client handleGetEstimatedTaskTimings
[NX v21.1.2 Daemon Server] - 2025-06-04T16:04:33.962Z - Handled GET_ESTIMATED_TASK_TIMINGS. Handling time: 0. Response time: 1.
[NX v21.1.2 Daemon Server] - 2025-06-04T16:04:34.068Z - [SYNC]: running scheduled generator @nx/js:typescript-sync
[NX v21.1.2 Daemon Server] - 2025-06-04T16:04:34.070Z - [REQUEST]: Client Request for Project Graph Received
[NX v21.1.2 Daemon Server] - 2025-06-04T16:04:34.070Z - [REQUEST]: Responding to the client. project-graph
[NX v21.1.2 Daemon Server] - 2025-06-04T16:04:34.070Z - Time taken for 'total for creating and serializing project graph' 0.2247569999890402ms
[NX v21.1.2 Daemon Server] - 2025-06-04T16:04:34.071Z - Done responding to the client project-graph
[NX v21.1.2 Daemon Server] - 2025-06-04T16:04:34.072Z - Handled REQUEST_PROJECT_GRAPH. Handling time: 0. Response time: 2.
[NX v21.1.2 Daemon Server] - 2025-06-04T16:04:34.093Z - [SYNC]: @nx/js:typescript-sync changes: 
[NX v21.1.2 Daemon Server] - 2025-06-04T16:04:34.093Z - Time taken for 'run-sync-generator:@nx/js:typescript-sync' 24.45307699998375ms
[NX v21.1.2 Daemon Server] - 2025-06-04T16:04:34.737Z - Established a connection. Number of open connections: 8
[NX v21.1.2 Daemon Server] - 2025-06-04T16:04:34.737Z - [REQUEST]: Client Request for Project Graph Received
[NX v21.1.2 Daemon Server] - 2025-06-04T16:04:34.737Z - [REQUEST]: Responding to the client. project-graph
[NX v21.1.2 Daemon Server] - 2025-06-04T16:04:34.738Z - Time taken for 'total for creating and serializing project graph' 0.2327750000404194ms
[NX v21.1.2 Daemon Server] - 2025-06-04T16:04:34.738Z - Closed a connection. Number of open connections: 7
[NX v21.1.2 Daemon Server] - 2025-06-04T16:04:34.740Z - Done responding to the client project-graph
[NX v21.1.2 Daemon Server] - 2025-06-04T16:04:34.740Z - Handled REQUEST_PROJECT_GRAPH. Handling time: 0. Response time: 3.
[NX v21.1.2 Daemon Server] - 2025-06-04T16:04:34.743Z - [REQUEST]: Responding to the client. handleContextFileData
[NX v21.1.2 Daemon Server] - 2025-06-04T16:04:34.743Z - Done responding to the client handleContextFileData
[NX v21.1.2 Daemon Server] - 2025-06-04T16:04:34.743Z - Handled GET_CONTEXT_FILE_DATA. Handling time: 1. Response time: 0.
[NX v21.1.2 Daemon Server] - 2025-06-04T16:04:34.743Z - Closed a connection. Number of open connections: 6
[NX v21.1.2 Daemon Server] - 2025-06-04T16:04:34.784Z - Closed a connection. Number of open connections: 5
[NX v21.1.2 Daemon Server] - 2025-06-04T16:04:34.785Z - Established a connection. Number of open connections: 6
[NX v21.1.2 Daemon Server] - 2025-06-04T16:04:34.785Z - Established a connection. Number of open connections: 7
[NX v21.1.2 Daemon Server] - 2025-06-04T16:04:34.785Z - Closed a connection. Number of open connections: 6
[NX v21.1.2 Daemon Server] - 2025-06-04T16:04:34.785Z - [REQUEST]: Client Request for Project Graph Received
[NX v21.1.2 Daemon Server] - 2025-06-04T16:04:34.786Z - [REQUEST]: Responding to the client. project-graph
[NX v21.1.2 Daemon Server] - 2025-06-04T16:04:34.786Z - Time taken for 'total for creating and serializing project graph' 0.21468800003640354ms
[NX v21.1.2 Daemon Server] - 2025-06-04T16:04:34.787Z - Done responding to the client project-graph
[NX v21.1.2 Daemon Server] - 2025-06-04T16:04:34.787Z - Handled REQUEST_PROJECT_GRAPH. Handling time: 1. Response time: 1.
[NX v21.1.2 Daemon Server] - 2025-06-04T16:04:34.790Z - [REQUEST]: Client Request for Project Graph Received
[NX v21.1.2 Daemon Server] - 2025-06-04T16:04:34.790Z - [REQUEST]: Responding to the client. project-graph
[NX v21.1.2 Daemon Server] - 2025-06-04T16:04:34.791Z - Time taken for 'total for creating and serializing project graph' 0.34282599994912744ms
[NX v21.1.2 Daemon Server] - 2025-06-04T16:04:34.792Z - Done responding to the client project-graph
[NX v21.1.2 Daemon Server] - 2025-06-04T16:04:34.792Z - Handled REQUEST_PROJECT_GRAPH. Handling time: 0. Response time: 2.
[NX v21.1.2 Daemon Server] - 2025-06-04T16:04:34.795Z - Established a connection. Number of open connections: 7
[NX v21.1.2 Daemon Server] - 2025-06-04T16:05:28.979Z - [WATCHER]: libs/shared/src/lib/shared.tsx was modified
[NX v21.1.2 Daemon Server] - 2025-06-04T16:05:28.980Z - [REQUEST]: Responding to the client. File watch changed
[NX v21.1.2 Daemon Server] - 2025-06-04T16:05:28.980Z - Done responding to the client File watch changed
[NX v21.1.2 Daemon Server] - 2025-06-04T16:05:28.980Z - Handled FILE-WATCH-CHANGED. Handling time: 0. Response time: 0.
[NX v21.1.2 Daemon Server] - 2025-06-04T16:05:28.980Z - [WATCHER]: Processing file changes in outputs
[NX v21.1.2 Daemon Server] - 2025-06-04T16:05:28.980Z - Time taken for 'changed-projects' 0.07303600001614541ms
[NX v21.1.2 Daemon Server] - 2025-06-04T16:05:29.081Z - [REQUEST]: Updated workspace context based on watched changes, recomputing project graph...
[NX v21.1.2 Daemon Server] - 2025-06-04T16:05:29.081Z - [REQUEST]: libs/shared/src/lib/shared.tsx
[NX v21.1.2 Daemon Server] - 2025-06-04T16:05:29.081Z - [REQUEST]: 
[NX v21.1.2 Daemon Server] - 2025-06-04T16:05:29.089Z - [REQUEST]: Responding to the client. handleHashMultiGlob
[NX v21.1.2 Daemon Server] - 2025-06-04T16:05:29.089Z - Done responding to the client handleHashMultiGlob
[NX v21.1.2 Daemon Server] - 2025-06-04T16:05:29.089Z - Handled HASH_GLOB. Handling time: 0. Response time: 0.
[NX v21.1.2 Daemon Server] - 2025-06-04T16:05:29.090Z - Time taken for 'hash changed files from watcher' 0.28048900002613664ms
[NX v21.1.2 Daemon Server] - 2025-06-04T16:05:29.091Z - [REQUEST]: Responding to the client. handleHashGlob
[NX v21.1.2 Daemon Server] - 2025-06-04T16:05:29.091Z - Done responding to the client handleHashGlob
[NX v21.1.2 Daemon Server] - 2025-06-04T16:05:29.091Z - Handled HASH_GLOB. Handling time: 1. Response time: 0.
[NX v21.1.2 Daemon Server] - 2025-06-04T16:05:29.093Z - [REQUEST]: Responding to the client. handleHashMultiGlob
[NX v21.1.2 Daemon Server] - 2025-06-04T16:05:29.093Z - Done responding to the client handleHashMultiGlob
[NX v21.1.2 Daemon Server] - 2025-06-04T16:05:29.093Z - Handled HASH_GLOB. Handling time: 1. Response time: 0.
[NX v21.1.2 Daemon Server] - 2025-06-04T16:05:29.095Z - [REQUEST]: Responding to the client. handleHashGlob
[NX v21.1.2 Daemon Server] - 2025-06-04T16:05:29.095Z - Done responding to the client handleHashGlob
[NX v21.1.2 Daemon Server] - 2025-06-04T16:05:29.095Z - Handled HASH_GLOB. Handling time: 1. Response time: 0.
[NX v21.1.2 Daemon Server] - 2025-06-04T16:05:29.119Z - Time taken for 'build-project-configs' 27.601671000011265ms
[NX v21.1.2 Daemon Server] - 2025-06-04T16:05:29.123Z - Time taken for '@nx/js/typescript:createDependencies' 8.027716999989934ms
[NX v21.1.2 Daemon Server] - 2025-06-04T16:05:29.123Z - Time taken for '@nx/vite/plugin:createDependencies' 7.138453999999911ms
[NX v21.1.2 Daemon Server] - 2025-06-04T16:05:29.148Z - [SYNC]: collect registered sync generators
[NX v21.1.2 Daemon Server] - 2025-06-04T16:05:29.148Z - [SYNC]: project graph hash is the same, not collecting task sync generators
[NX v21.1.2 Daemon Server] - 2025-06-04T16:05:29.148Z - [SYNC]: nx.json hash is the same, not collecting global sync generators
[NX v21.1.2 Daemon Server] - 2025-06-04T16:05:29.149Z - [SYNC]: scheduling: ["@nx/js:typescript-sync"]
[NX v21.1.2 Daemon Server] - 2025-06-04T16:05:29.149Z - Time taken for 'total execution time for createProjectGraph()' 28.837146000005305ms
[NX v21.1.2 Daemon Server] - 2025-06-04T16:05:29.549Z - [SYNC]: running scheduled generator @nx/js:typescript-sync
[NX v21.1.2 Daemon Server] - 2025-06-04T16:05:29.553Z - [REQUEST]: Client Request for Project Graph Received
[NX v21.1.2 Daemon Server] - 2025-06-04T16:05:29.553Z - [REQUEST]: Responding to the client. project-graph
[NX v21.1.2 Daemon Server] - 2025-06-04T16:05:29.554Z - Time taken for 'total for creating and serializing project graph' 0.2884280000580475ms
[NX v21.1.2 Daemon Server] - 2025-06-04T16:05:29.555Z - Done responding to the client project-graph
[NX v21.1.2 Daemon Server] - 2025-06-04T16:05:29.555Z - Handled REQUEST_PROJECT_GRAPH. Handling time: 0. Response time: 2.
[NX v21.1.2 Daemon Server] - 2025-06-04T16:05:29.577Z - [SYNC]: @nx/js:typescript-sync changes: 
[NX v21.1.2 Daemon Server] - 2025-06-04T16:05:29.577Z - Time taken for 'run-sync-generator:@nx/js:typescript-sync' 27.43518499995116ms
[NX v21.1.2 Daemon Server] - 2025-06-04T16:05:29.983Z - Established a connection. Number of open connections: 8
[NX v21.1.2 Daemon Server] - 2025-06-04T16:05:29.985Z - [REQUEST]: Client Request for Project Graph Received
[NX v21.1.2 Daemon Server] - 2025-06-04T16:05:29.986Z - [REQUEST]: Responding to the client. project-graph
[NX v21.1.2 Daemon Server] - 2025-06-04T16:05:29.988Z - Time taken for 'total for creating and serializing project graph' 0.9506360000232235ms
[NX v21.1.2 Daemon Server] - 2025-06-04T16:05:29.988Z - Closed a connection. Number of open connections: 7
[NX v21.1.2 Daemon Server] - 2025-06-04T16:05:29.993Z - Done responding to the client project-graph
[NX v21.1.2 Daemon Server] - 2025-06-04T16:05:29.993Z - Handled REQUEST_PROJECT_GRAPH. Handling time: 1. Response time: 7.
[NX v21.1.2 Daemon Server] - 2025-06-04T16:05:29.998Z - [REQUEST]: Responding to the client. handleContextFileData
[NX v21.1.2 Daemon Server] - 2025-06-04T16:05:29.998Z - Done responding to the client handleContextFileData
[NX v21.1.2 Daemon Server] - 2025-06-04T16:05:29.999Z - Handled GET_CONTEXT_FILE_DATA. Handling time: 0. Response time: 1.
[NX v21.1.2 Daemon Server] - 2025-06-04T16:05:29.999Z - Closed a connection. Number of open connections: 6
[NX v21.1.2 Daemon Server] - 2025-06-04T16:05:30.054Z - Closed a connection. Number of open connections: 5
[NX v21.1.2 Daemon Server] - 2025-06-04T16:05:30.055Z - Established a connection. Number of open connections: 6
[NX v21.1.2 Daemon Server] - 2025-06-04T16:05:30.055Z - Established a connection. Number of open connections: 7
[NX v21.1.2 Daemon Server] - 2025-06-04T16:05:30.055Z - Closed a connection. Number of open connections: 6
[NX v21.1.2 Daemon Server] - 2025-06-04T16:05:30.056Z - [REQUEST]: Client Request for Project Graph Received
[NX v21.1.2 Daemon Server] - 2025-06-04T16:05:30.056Z - [REQUEST]: Responding to the client. project-graph
[NX v21.1.2 Daemon Server] - 2025-06-04T16:05:30.057Z - Time taken for 'total for creating and serializing project graph' 0.26019299996551126ms
[NX v21.1.2 Daemon Server] - 2025-06-04T16:05:30.058Z - Done responding to the client project-graph
[NX v21.1.2 Daemon Server] - 2025-06-04T16:05:30.058Z - Handled REQUEST_PROJECT_GRAPH. Handling time: 0. Response time: 2.
[NX v21.1.2 Daemon Server] - 2025-06-04T16:05:30.061Z - [REQUEST]: Client Request for Project Graph Received
[NX v21.1.2 Daemon Server] - 2025-06-04T16:05:30.062Z - [REQUEST]: Responding to the client. project-graph
[NX v21.1.2 Daemon Server] - 2025-06-04T16:05:30.062Z - Time taken for 'total for creating and serializing project graph' 0.2825890000676736ms
[NX v21.1.2 Daemon Server] - 2025-06-04T16:05:30.063Z - Done responding to the client project-graph
[NX v21.1.2 Daemon Server] - 2025-06-04T16:05:30.063Z - Handled REQUEST_PROJECT_GRAPH. Handling time: 1. Response time: 1.
[NX v21.1.2 Daemon Server] - 2025-06-04T16:05:30.066Z - Established a connection. Number of open connections: 7
[NX v21.1.2 Daemon Server] - 2025-06-04T16:05:57.844Z - [WATCHER]: apps/first-app/src/app/app.tsx was modified
[NX v21.1.2 Daemon Server] - 2025-06-04T16:05:57.845Z - [REQUEST]: Responding to the client. File watch changed
[NX v21.1.2 Daemon Server] - 2025-06-04T16:05:57.845Z - Done responding to the client File watch changed
[NX v21.1.2 Daemon Server] - 2025-06-04T16:05:57.845Z - Handled FILE-WATCH-CHANGED. Handling time: 0. Response time: 0.
[NX v21.1.2 Daemon Server] - 2025-06-04T16:05:57.845Z - [WATCHER]: Processing file changes in outputs
[NX v21.1.2 Daemon Server] - 2025-06-04T16:05:57.846Z - Time taken for 'changed-projects' 0.07131899998057634ms
[NX v21.1.2 Daemon Server] - 2025-06-04T16:05:57.946Z - [REQUEST]: Updated workspace context based on watched changes, recomputing project graph...
[NX v21.1.2 Daemon Server] - 2025-06-04T16:05:57.946Z - [REQUEST]: apps/first-app/src/app/app.tsx
[NX v21.1.2 Daemon Server] - 2025-06-04T16:05:57.946Z - [REQUEST]: 
[NX v21.1.2 Daemon Server] - 2025-06-04T16:05:57.952Z - Time taken for 'hash changed files from watcher' 0.12370900006499141ms
[NX v21.1.2 Daemon Server] - 2025-06-04T16:05:57.952Z - [REQUEST]: Responding to the client. handleHashMultiGlob
[NX v21.1.2 Daemon Server] - 2025-06-04T16:05:57.952Z - Done responding to the client handleHashMultiGlob
[NX v21.1.2 Daemon Server] - 2025-06-04T16:05:57.952Z - Handled HASH_GLOB. Handling time: 0. Response time: 0.
[NX v21.1.2 Daemon Server] - 2025-06-04T16:05:57.954Z - [REQUEST]: Responding to the client. handleHashGlob
[NX v21.1.2 Daemon Server] - 2025-06-04T16:05:57.954Z - Done responding to the client handleHashGlob
[NX v21.1.2 Daemon Server] - 2025-06-04T16:05:57.954Z - Handled HASH_GLOB. Handling time: 1. Response time: 0.
[NX v21.1.2 Daemon Server] - 2025-06-04T16:05:57.956Z - [REQUEST]: Responding to the client. handleHashMultiGlob
[NX v21.1.2 Daemon Server] - 2025-06-04T16:05:57.956Z - Done responding to the client handleHashMultiGlob
[NX v21.1.2 Daemon Server] - 2025-06-04T16:05:57.956Z - Handled HASH_GLOB. Handling time: 2. Response time: 0.
[NX v21.1.2 Daemon Server] - 2025-06-04T16:05:57.957Z - [REQUEST]: Responding to the client. handleHashGlob
[NX v21.1.2 Daemon Server] - 2025-06-04T16:05:57.957Z - Done responding to the client handleHashGlob
[NX v21.1.2 Daemon Server] - 2025-06-04T16:05:57.957Z - Handled HASH_GLOB. Handling time: 1. Response time: 0.
[NX v21.1.2 Daemon Server] - 2025-06-04T16:05:57.982Z - Time taken for 'build-project-configs' 26.47066300001461ms
[NX v21.1.2 Daemon Server] - 2025-06-04T16:05:57.985Z - Time taken for '@nx/vite/plugin:createDependencies' 5.139022000017576ms
[NX v21.1.2 Daemon Server] - 2025-06-04T16:05:57.985Z - Time taken for '@nx/js/typescript:createDependencies' 7.534587000031024ms
[NX v21.1.2 Daemon Server] - 2025-06-04T16:05:58.006Z - [SYNC]: collect registered sync generators
[NX v21.1.2 Daemon Server] - 2025-06-04T16:05:58.006Z - [SYNC]: project graph hash is the same, not collecting task sync generators
[NX v21.1.2 Daemon Server] - 2025-06-04T16:05:58.006Z - [SYNC]: nx.json hash is the same, not collecting global sync generators
[NX v21.1.2 Daemon Server] - 2025-06-04T16:05:58.007Z - [SYNC]: scheduling: ["@nx/js:typescript-sync"]
[NX v21.1.2 Daemon Server] - 2025-06-04T16:05:58.007Z - Time taken for 'total execution time for createProjectGraph()' 23.547932000015862ms
[NX v21.1.2 Daemon Server] - 2025-06-04T16:05:58.806Z - [SYNC]: running scheduled generator @nx/js:typescript-sync
[NX v21.1.2 Daemon Server] - 2025-06-04T16:05:58.810Z - [REQUEST]: Client Request for Project Graph Received
[NX v21.1.2 Daemon Server] - 2025-06-04T16:05:58.810Z - [REQUEST]: Responding to the client. project-graph
[NX v21.1.2 Daemon Server] - 2025-06-04T16:05:58.811Z - Time taken for 'total for creating and serializing project graph' 0.3108840000350028ms
[NX v21.1.2 Daemon Server] - 2025-06-04T16:05:58.814Z - Done responding to the client project-graph
[NX v21.1.2 Daemon Server] - 2025-06-04T16:05:58.814Z - Handled REQUEST_PROJECT_GRAPH. Handling time: 0. Response time: 4.
[NX v21.1.2 Daemon Server] - 2025-06-04T16:05:58.833Z - [SYNC]: @nx/js:typescript-sync changes: 
[NX v21.1.2 Daemon Server] - 2025-06-04T16:05:58.833Z - Time taken for 'run-sync-generator:@nx/js:typescript-sync' 26.44636599998921ms
[NX v21.1.2 Daemon Server] - 2025-06-04T16:05:58.848Z - Established a connection. Number of open connections: 8
[NX v21.1.2 Daemon Server] - 2025-06-04T16:05:58.849Z - [REQUEST]: Client Request for Project Graph Received
[NX v21.1.2 Daemon Server] - 2025-06-04T16:05:58.849Z - [REQUEST]: Responding to the client. project-graph
[NX v21.1.2 Daemon Server] - 2025-06-04T16:05:58.850Z - Time taken for 'total for creating and serializing project graph' 0.21235200006049126ms
[NX v21.1.2 Daemon Server] - 2025-06-04T16:05:58.850Z - Closed a connection. Number of open connections: 7
[NX v21.1.2 Daemon Server] - 2025-06-04T16:05:58.851Z - Done responding to the client project-graph
[NX v21.1.2 Daemon Server] - 2025-06-04T16:05:58.851Z - Handled REQUEST_PROJECT_GRAPH. Handling time: 0. Response time: 2.
[NX v21.1.2 Daemon Server] - 2025-06-04T16:05:58.854Z - [REQUEST]: Responding to the client. handleContextFileData
[NX v21.1.2 Daemon Server] - 2025-06-04T16:05:58.854Z - Done responding to the client handleContextFileData
[NX v21.1.2 Daemon Server] - 2025-06-04T16:05:58.854Z - Handled GET_CONTEXT_FILE_DATA. Handling time: 0. Response time: 0.
[NX v21.1.2 Daemon Server] - 2025-06-04T16:05:58.854Z - Closed a connection. Number of open connections: 6
[NX v21.1.2 Daemon Server] - 2025-06-04T16:05:58.892Z - Closed a connection. Number of open connections: 5
[NX v21.1.2 Daemon Server] - 2025-06-04T16:05:58.893Z - Established a connection. Number of open connections: 6
[NX v21.1.2 Daemon Server] - 2025-06-04T16:05:58.893Z - Established a connection. Number of open connections: 7
[NX v21.1.2 Daemon Server] - 2025-06-04T16:05:58.893Z - Closed a connection. Number of open connections: 6
[NX v21.1.2 Daemon Server] - 2025-06-04T16:05:58.893Z - [REQUEST]: Client Request for Project Graph Received
[NX v21.1.2 Daemon Server] - 2025-06-04T16:05:58.894Z - [REQUEST]: Responding to the client. project-graph
[NX v21.1.2 Daemon Server] - 2025-06-04T16:05:58.894Z - Time taken for 'total for creating and serializing project graph' 0.21677399997133762ms
[NX v21.1.2 Daemon Server] - 2025-06-04T16:05:58.895Z - Done responding to the client project-graph
[NX v21.1.2 Daemon Server] - 2025-06-04T16:05:58.895Z - Handled REQUEST_PROJECT_GRAPH. Handling time: 1. Response time: 1.
[NX v21.1.2 Daemon Server] - 2025-06-04T16:05:58.898Z - [REQUEST]: Client Request for Project Graph Received
[NX v21.1.2 Daemon Server] - 2025-06-04T16:05:58.898Z - [REQUEST]: Responding to the client. project-graph
[NX v21.1.2 Daemon Server] - 2025-06-04T16:05:58.898Z - Time taken for 'total for creating and serializing project graph' 0.21907699992880225ms
[NX v21.1.2 Daemon Server] - 2025-06-04T16:05:58.899Z - Done responding to the client project-graph
[NX v21.1.2 Daemon Server] - 2025-06-04T16:05:58.900Z - Handled REQUEST_PROJECT_GRAPH. Handling time: 0. Response time: 2.
[NX v21.1.2 Daemon Server] - 2025-06-04T16:05:58.902Z - Established a connection. Number of open connections: 7
[NX v21.1.2 Daemon Server] - 2025-06-04T16:06:11.722Z - [WATCHER]: apps/second-app/src/app/app.tsx was modified
[NX v21.1.2 Daemon Server] - 2025-06-04T16:06:11.722Z - [REQUEST]: Responding to the client. File watch changed
[NX v21.1.2 Daemon Server] - 2025-06-04T16:06:11.722Z - Done responding to the client File watch changed
[NX v21.1.2 Daemon Server] - 2025-06-04T16:06:11.723Z - Handled FILE-WATCH-CHANGED. Handling time: 0. Response time: 1.
[NX v21.1.2 Daemon Server] - 2025-06-04T16:06:11.723Z - [WATCHER]: Processing file changes in outputs
[NX v21.1.2 Daemon Server] - 2025-06-04T16:06:11.723Z - Time taken for 'changed-projects' 0.07849300000816584ms
[NX v21.1.2 Daemon Server] - 2025-06-04T16:06:11.822Z - [REQUEST]: Updated workspace context based on watched changes, recomputing project graph...
[NX v21.1.2 Daemon Server] - 2025-06-04T16:06:11.822Z - [REQUEST]: apps/second-app/src/app/app.tsx
[NX v21.1.2 Daemon Server] - 2025-06-04T16:06:11.822Z - [REQUEST]: 
[NX v21.1.2 Daemon Server] - 2025-06-04T16:06:11.828Z - [REQUEST]: Responding to the client. handleHashMultiGlob
[NX v21.1.2 Daemon Server] - 2025-06-04T16:06:11.829Z - Done responding to the client handleHashMultiGlob
[NX v21.1.2 Daemon Server] - 2025-06-04T16:06:11.829Z - Handled HASH_GLOB. Handling time: 0. Response time: 1.
[NX v21.1.2 Daemon Server] - 2025-06-04T16:06:11.830Z - [REQUEST]: Responding to the client. handleHashGlob
[NX v21.1.2 Daemon Server] - 2025-06-04T16:06:11.830Z - Done responding to the client handleHashGlob
[NX v21.1.2 Daemon Server] - 2025-06-04T16:06:11.830Z - Handled HASH_GLOB. Handling time: 1. Response time: 0.
[NX v21.1.2 Daemon Server] - 2025-06-04T16:06:11.830Z - Time taken for 'hash changed files from watcher' 0.15334799990523607ms
[NX v21.1.2 Daemon Server] - 2025-06-04T16:06:11.832Z - [REQUEST]: Responding to the client. handleHashMultiGlob
[NX v21.1.2 Daemon Server] - 2025-06-04T16:06:11.832Z - Done responding to the client handleHashMultiGlob
[NX v21.1.2 Daemon Server] - 2025-06-04T16:06:11.832Z - Handled HASH_GLOB. Handling time: 1. Response time: 0.
[NX v21.1.2 Daemon Server] - 2025-06-04T16:06:11.833Z - [REQUEST]: Responding to the client. handleHashGlob
[NX v21.1.2 Daemon Server] - 2025-06-04T16:06:11.833Z - Done responding to the client handleHashGlob
[NX v21.1.2 Daemon Server] - 2025-06-04T16:06:11.833Z - Handled HASH_GLOB. Handling time: 1. Response time: 0.
[NX v21.1.2 Daemon Server] - 2025-06-04T16:06:11.853Z - Time taken for 'build-project-configs' 21.501344999996945ms
[NX v21.1.2 Daemon Server] - 2025-06-04T16:06:11.857Z - Time taken for '@nx/js/typescript:createDependencies' 8.71975399996154ms
[NX v21.1.2 Daemon Server] - 2025-06-04T16:06:11.858Z - Time taken for '@nx/vite/plugin:createDependencies' 8.123261999920942ms
[NX v21.1.2 Daemon Server] - 2025-06-04T16:06:11.885Z - [SYNC]: collect registered sync generators
[NX v21.1.2 Daemon Server] - 2025-06-04T16:06:11.885Z - [SYNC]: project graph hash is the same, not collecting task sync generators
[NX v21.1.2 Daemon Server] - 2025-06-04T16:06:11.885Z - [SYNC]: nx.json hash is the same, not collecting global sync generators
[NX v21.1.2 Daemon Server] - 2025-06-04T16:06:11.885Z - [SYNC]: scheduling: ["@nx/js:typescript-sync"]
[NX v21.1.2 Daemon Server] - 2025-06-04T16:06:11.886Z - Time taken for 'total execution time for createProjectGraph()' 30.381269000004977ms
[NX v21.1.2 Daemon Server] - 2025-06-04T16:06:12.734Z - Established a connection. Number of open connections: 8
[NX v21.1.2 Daemon Server] - 2025-06-04T16:06:12.735Z - [REQUEST]: Client Request for Project Graph Received
[NX v21.1.2 Daemon Server] - 2025-06-04T16:06:12.736Z - [REQUEST]: Responding to the client. project-graph
[NX v21.1.2 Daemon Server] - 2025-06-04T16:06:12.738Z - Time taken for 'total for creating and serializing project graph' 0.5435840000864118ms
[NX v21.1.2 Daemon Server] - 2025-06-04T16:06:12.738Z - Closed a connection. Number of open connections: 7
[NX v21.1.2 Daemon Server] - 2025-06-04T16:06:12.763Z - Done responding to the client project-graph
[NX v21.1.2 Daemon Server] - 2025-06-04T16:06:12.763Z - Handled REQUEST_PROJECT_GRAPH. Handling time: 1. Response time: 27.
[NX v21.1.2 Daemon Server] - 2025-06-04T16:06:12.771Z - [REQUEST]: Responding to the client. handleContextFileData
[NX v21.1.2 Daemon Server] - 2025-06-04T16:06:12.771Z - Done responding to the client handleContextFileData
[NX v21.1.2 Daemon Server] - 2025-06-04T16:06:12.771Z - Handled GET_CONTEXT_FILE_DATA. Handling time: 1. Response time: 0.
[NX v21.1.2 Daemon Server] - 2025-06-04T16:06:12.774Z - Closed a connection. Number of open connections: 6
[NX v21.1.2 Daemon Server] - 2025-06-04T16:06:12.847Z - Closed a connection. Number of open connections: 5
[NX v21.1.2 Daemon Server] - 2025-06-04T16:06:12.848Z - Established a connection. Number of open connections: 6
[NX v21.1.2 Daemon Server] - 2025-06-04T16:06:12.849Z - Established a connection. Number of open connections: 7
[NX v21.1.2 Daemon Server] - 2025-06-04T16:06:12.849Z - Closed a connection. Number of open connections: 6
[NX v21.1.2 Daemon Server] - 2025-06-04T16:06:12.849Z - [REQUEST]: Client Request for Project Graph Received
[NX v21.1.2 Daemon Server] - 2025-06-04T16:06:12.850Z - [REQUEST]: Responding to the client. project-graph
[NX v21.1.2 Daemon Server] - 2025-06-04T16:06:12.850Z - Time taken for 'total for creating and serializing project graph' 0.2725609999615699ms
[NX v21.1.2 Daemon Server] - 2025-06-04T16:06:12.852Z - Done responding to the client project-graph
[NX v21.1.2 Daemon Server] - 2025-06-04T16:06:12.852Z - Handled REQUEST_PROJECT_GRAPH. Handling time: 1. Response time: 2.
[NX v21.1.2 Daemon Server] - 2025-06-04T16:06:12.856Z - [REQUEST]: Client Request for Project Graph Received
[NX v21.1.2 Daemon Server] - 2025-06-04T16:06:12.856Z - [REQUEST]: Responding to the client. project-graph
[NX v21.1.2 Daemon Server] - 2025-06-04T16:06:12.857Z - Time taken for 'total for creating and serializing project graph' 0.35508800006937236ms
[NX v21.1.2 Daemon Server] - 2025-06-04T16:06:12.859Z - Done responding to the client project-graph
[NX v21.1.2 Daemon Server] - 2025-06-04T16:06:12.859Z - Handled REQUEST_PROJECT_GRAPH. Handling time: 0. Response time: 3.
[NX v21.1.2 Daemon Server] - 2025-06-04T16:06:12.862Z - Established a connection. Number of open connections: 7
[NX v21.1.2 Daemon Server] - 2025-06-04T16:06:13.486Z - [SYNC]: running scheduled generator @nx/js:typescript-sync
[NX v21.1.2 Daemon Server] - 2025-06-04T16:06:13.489Z - [REQUEST]: Client Request for Project Graph Received
[NX v21.1.2 Daemon Server] - 2025-06-04T16:06:13.489Z - [REQUEST]: Responding to the client. project-graph
[NX v21.1.2 Daemon Server] - 2025-06-04T16:06:13.490Z - Time taken for 'total for creating and serializing project graph' 0.3273699999554083ms
[NX v21.1.2 Daemon Server] - 2025-06-04T16:06:13.492Z - Done responding to the client project-graph
[NX v21.1.2 Daemon Server] - 2025-06-04T16:06:13.492Z - Handled REQUEST_PROJECT_GRAPH. Handling time: 0. Response time: 3.
[NX v21.1.2 Daemon Server] - 2025-06-04T16:06:13.516Z - [SYNC]: @nx/js:typescript-sync changes: 
[NX v21.1.2 Daemon Server] - 2025-06-04T16:06:13.516Z - Time taken for 'run-sync-generator:@nx/js:typescript-sync' 29.192948000039905ms
[NX v21.1.2 Daemon Server] - 2025-06-04T16:06:19.824Z - [REQUEST]: Responding to the client. handleRecordTaskRuns
[NX v21.1.2 Daemon Server] - 2025-06-04T16:06:19.824Z - Done responding to the client handleRecordTaskRuns
[NX v21.1.2 Daemon Server] - 2025-06-04T16:06:19.824Z - Handled RECORD_TASK_RUNS. Handling time: 1. Response time: 0.
[NX v21.1.2 Daemon Server] - 2025-06-04T16:06:19.825Z - [REQUEST]: Responding to the client. handleGetFlakyTasks
[NX v21.1.2 Daemon Server] - 2025-06-04T16:06:19.826Z - Done responding to the client handleGetFlakyTasks
[NX v21.1.2 Daemon Server] - 2025-06-04T16:06:19.826Z - Handled GET_FLAKY_TASKS. Handling time: 0. Response time: 1.
[NX v21.1.2 Daemon Server] - 2025-06-04T16:06:19.965Z - [REQUEST]: Responding to the client. handleRunPostTasksExecution
[NX v21.1.2 Daemon Server] - 2025-06-04T16:06:19.966Z - Done responding to the client handleRunPostTasksExecution
[NX v21.1.2 Daemon Server] - 2025-06-04T16:06:19.966Z - Handled POST_TASKS_EXECUTION. Handling time: 0. Response time: 1.
[NX v21.1.2 Daemon Server] - 2025-06-04T16:06:19.966Z - Time taken for 'postTasksExecution' 0.20378800004255027ms
[NX v21.1.2 Daemon Server] - 2025-06-04T16:06:19.979Z - Closed a connection. Number of open connections: 6
[NX v21.1.2 Daemon Server] - 2025-06-04T16:06:24.396Z - Established a connection. Number of open connections: 7
[NX v21.1.2 Daemon Server] - 2025-06-04T16:06:24.397Z - Closed a connection. Number of open connections: 6
[NX v21.1.2 Daemon Server] - 2025-06-04T16:06:24.398Z - Established a connection. Number of open connections: 7
[NX v21.1.2 Daemon Server] - 2025-06-04T16:06:24.401Z - [REQUEST]: Client Request for Project Graph Received
[NX v21.1.2 Daemon Server] - 2025-06-04T16:06:24.402Z - [REQUEST]: Responding to the client. project-graph
[NX v21.1.2 Daemon Server] - 2025-06-04T16:06:24.402Z - Time taken for 'total for creating and serializing project graph' 0.36792099999729544ms
[NX v21.1.2 Daemon Server] - 2025-06-04T16:06:24.407Z - Done responding to the client project-graph
[NX v21.1.2 Daemon Server] - 2025-06-04T16:06:24.407Z - Handled REQUEST_PROJECT_GRAPH. Handling time: 1. Response time: 5.
[NX v21.1.2 Daemon Server] - 2025-06-04T16:06:24.412Z - [REQUEST]: Responding to the client. handleRunPreTasksExecution
[NX v21.1.2 Daemon Server] - 2025-06-04T16:06:24.412Z - Done responding to the client handleRunPreTasksExecution
[NX v21.1.2 Daemon Server] - 2025-06-04T16:06:24.412Z - Handled PRE_TASKS_EXECUTION. Handling time: 0. Response time: 0.
[NX v21.1.2 Daemon Server] - 2025-06-04T16:06:24.412Z - Time taken for 'preTasksExecution' 0.21405300009064376ms
[NX v21.1.2 Daemon Server] - 2025-06-04T16:06:24.415Z - [SYNC]: get sync generators changes on demand ["@nx/js:typescript-sync"]
[NX v21.1.2 Daemon Server] - 2025-06-04T16:06:24.415Z - [SYNC]: @nx/js:typescript-sync not scheduled and has cached result, returning cached result
[NX v21.1.2 Daemon Server] - 2025-06-04T16:06:24.415Z - [REQUEST]: Responding to the client. handleGetSyncGeneratorChanges
[NX v21.1.2 Daemon Server] - 2025-06-04T16:06:24.415Z - Done responding to the client handleGetSyncGeneratorChanges
[NX v21.1.2 Daemon Server] - 2025-06-04T16:06:24.415Z - Handled GET_SYNC_GENERATOR_CHANGES. Handling time: 0. Response time: 0.
[NX v21.1.2 Daemon Server] - 2025-06-04T16:06:24.496Z - [REQUEST]: Responding to the client. handleHashTasks
[NX v21.1.2 Daemon Server] - 2025-06-04T16:06:24.497Z - Done responding to the client handleHashTasks
[NX v21.1.2 Daemon Server] - 2025-06-04T16:06:24.497Z - Handled HASH_TASKS. Handling time: 13. Response time: 1.
[NX v21.1.2 Daemon Server] - 2025-06-04T16:06:24.563Z - [REQUEST]: Responding to the client. handleGetEstimatedTaskTimings
[NX v21.1.2 Daemon Server] - 2025-06-04T16:06:24.563Z - Done responding to the client handleGetEstimatedTaskTimings
[NX v21.1.2 Daemon Server] - 2025-06-04T16:06:24.563Z - Handled GET_ESTIMATED_TASK_TIMINGS. Handling time: 1. Response time: 0.
[NX v21.1.2 Daemon Server] - 2025-06-04T16:08:25.981Z - Established a connection. Number of open connections: 8
[NX v21.1.2 Daemon Server] - 2025-06-04T16:08:25.983Z - Closed a connection. Number of open connections: 7
[NX v21.1.2 Daemon Server] - 2025-06-04T16:08:25.983Z - Established a connection. Number of open connections: 8
[NX v21.1.2 Daemon Server] - 2025-06-04T16:08:25.986Z - [REQUEST]: Client Request for Project Graph Received
[NX v21.1.2 Daemon Server] - 2025-06-04T16:08:25.986Z - [REQUEST]: Responding to the client. project-graph
[NX v21.1.2 Daemon Server] - 2025-06-04T16:08:25.987Z - Time taken for 'total for creating and serializing project graph' 0.3047909999731928ms
[NX v21.1.2 Daemon Server] - 2025-06-04T16:08:25.990Z - Done responding to the client project-graph
[NX v21.1.2 Daemon Server] - 2025-06-04T16:08:25.990Z - Handled REQUEST_PROJECT_GRAPH. Handling time: 0. Response time: 4.
[NX v21.1.2 Daemon Server] - 2025-06-04T16:08:26.443Z - [REQUEST]: Client Request for Project Graph Received
[NX v21.1.2 Daemon Server] - 2025-06-04T16:08:26.444Z - [REQUEST]: Responding to the client. project-graph
[NX v21.1.2 Daemon Server] - 2025-06-04T16:08:26.444Z - Time taken for 'total for creating and serializing project graph' 0.2542860000394285ms
[NX v21.1.2 Daemon Server] - 2025-06-04T16:08:26.446Z - Done responding to the client project-graph
[NX v21.1.2 Daemon Server] - 2025-06-04T16:08:26.446Z - Handled REQUEST_PROJECT_GRAPH. Handling time: 1. Response time: 2.
[NX v21.1.2 Daemon Server] - 2025-06-04T16:08:26.450Z - [REQUEST]: Client Request for Project Graph Received
[NX v21.1.2 Daemon Server] - 2025-06-04T16:08:26.450Z - [REQUEST]: Responding to the client. project-graph
[NX v21.1.2 Daemon Server] - 2025-06-04T16:08:26.451Z - Time taken for 'total for creating and serializing project graph' 0.2593429998960346ms
[NX v21.1.2 Daemon Server] - 2025-06-04T16:08:26.453Z - Done responding to the client project-graph
[NX v21.1.2 Daemon Server] - 2025-06-04T16:08:26.453Z - Handled REQUEST_PROJECT_GRAPH. Handling time: 0. Response time: 3.
[NX v21.1.2 Daemon Server] - 2025-06-04T16:08:26.526Z - [REQUEST]: Client Request for Project Graph Received
[NX v21.1.2 Daemon Server] - 2025-06-04T16:08:26.526Z - [REQUEST]: Responding to the client. project-graph
[NX v21.1.2 Daemon Server] - 2025-06-04T16:08:26.527Z - Time taken for 'total for creating and serializing project graph' 0.26841799984686077ms
[NX v21.1.2 Daemon Server] - 2025-06-04T16:08:26.529Z - Done responding to the client project-graph
[NX v21.1.2 Daemon Server] - 2025-06-04T16:08:26.529Z - Handled REQUEST_PROJECT_GRAPH. Handling time: 0. Response time: 3.
[NX v21.1.2 Daemon Server] - 2025-06-04T16:08:26.550Z - [REQUEST]: Client Request for Project Graph Received
[NX v21.1.2 Daemon Server] - 2025-06-04T16:08:26.550Z - [REQUEST]: Responding to the client. project-graph
[NX v21.1.2 Daemon Server] - 2025-06-04T16:08:26.551Z - Time taken for 'total for creating and serializing project graph' 0.2592450000811368ms
[NX v21.1.2 Daemon Server] - 2025-06-04T16:08:26.553Z - Done responding to the client project-graph
[NX v21.1.2 Daemon Server] - 2025-06-04T16:08:26.553Z - Handled REQUEST_PROJECT_GRAPH. Handling time: 0. Response time: 3.
[NX v21.1.2 Daemon Server] - 2025-06-04T16:08:26.564Z - [REQUEST]: Client Request for Project Graph Received
[NX v21.1.2 Daemon Server] - 2025-06-04T16:08:26.565Z - [REQUEST]: Responding to the client. project-graph
[NX v21.1.2 Daemon Server] - 2025-06-04T16:08:26.565Z - Time taken for 'total for creating and serializing project graph' 0.2636140000540763ms
[NX v21.1.2 Daemon Server] - 2025-06-04T16:08:26.567Z - Done responding to the client project-graph
[NX v21.1.2 Daemon Server] - 2025-06-04T16:08:26.568Z - Handled REQUEST_PROJECT_GRAPH. Handling time: 1. Response time: 3.
[NX v21.1.2 Daemon Server] - 2025-06-04T16:08:26.639Z - [REQUEST]: Client Request for Project Graph Received
[NX v21.1.2 Daemon Server] - 2025-06-04T16:08:26.639Z - [REQUEST]: Responding to the client. project-graph
[NX v21.1.2 Daemon Server] - 2025-06-04T16:08:26.640Z - Time taken for 'total for creating and serializing project graph' 0.294181999983266ms
[NX v21.1.2 Daemon Server] - 2025-06-04T16:08:26.643Z - Done responding to the client project-graph
[NX v21.1.2 Daemon Server] - 2025-06-04T16:08:26.643Z - Handled REQUEST_PROJECT_GRAPH. Handling time: 0. Response time: 4.
[NX v21.1.2 Daemon Server] - 2025-06-04T16:08:26.678Z - Closed a connection. Number of open connections: 7
[NX v21.1.2 Daemon Server] - 2025-06-04T16:08:27.952Z - Established a connection. Number of open connections: 8
[NX v21.1.2 Daemon Server] - 2025-06-04T16:08:27.952Z - Closed a connection. Number of open connections: 7
[NX v21.1.2 Daemon Server] - 2025-06-04T16:08:27.953Z - Established a connection. Number of open connections: 8
[NX v21.1.2 Daemon Server] - 2025-06-04T16:08:27.955Z - [REQUEST]: Client Request for Project Graph Received
[NX v21.1.2 Daemon Server] - 2025-06-04T16:08:27.955Z - [REQUEST]: Responding to the client. project-graph
[NX v21.1.2 Daemon Server] - 2025-06-04T16:08:27.956Z - Time taken for 'total for creating and serializing project graph' 0.23844999982975423ms
[NX v21.1.2 Daemon Server] - 2025-06-04T16:08:27.959Z - Done responding to the client project-graph
[NX v21.1.2 Daemon Server] - 2025-06-04T16:08:27.959Z - Handled REQUEST_PROJECT_GRAPH. Handling time: 0. Response time: 4.
[NX v21.1.2 Daemon Server] - 2025-06-04T16:08:28.316Z - Closed a connection. Number of open connections: 7
[NX v21.1.2 Daemon Server] - 2025-06-04T16:08:29.552Z - Established a connection. Number of open connections: 8
[NX v21.1.2 Daemon Server] - 2025-06-04T16:08:29.552Z - Closed a connection. Number of open connections: 7
[NX v21.1.2 Daemon Server] - 2025-06-04T16:08:29.553Z - Established a connection. Number of open connections: 8
[NX v21.1.2 Daemon Server] - 2025-06-04T16:08:29.555Z - [REQUEST]: Client Request for Project Graph Received
[NX v21.1.2 Daemon Server] - 2025-06-04T16:08:29.555Z - [REQUEST]: Responding to the client. project-graph
[NX v21.1.2 Daemon Server] - 2025-06-04T16:08:29.556Z - Time taken for 'total for creating and serializing project graph' 0.23975100019015372ms
[NX v21.1.2 Daemon Server] - 2025-06-04T16:08:29.559Z - Done responding to the client project-graph
[NX v21.1.2 Daemon Server] - 2025-06-04T16:08:29.559Z - Handled REQUEST_PROJECT_GRAPH. Handling time: 0. Response time: 4.
[NX v21.1.2 Daemon Server] - 2025-06-04T16:08:29.916Z - [REQUEST]: Client Request for Project Graph Received
[NX v21.1.2 Daemon Server] - 2025-06-04T16:08:29.917Z - [REQUEST]: Responding to the client. project-graph
[NX v21.1.2 Daemon Server] - 2025-06-04T16:08:29.917Z - Time taken for 'total for creating and serializing project graph' 0.3168480000458658ms
[NX v21.1.2 Daemon Server] - 2025-06-04T16:08:29.920Z - Done responding to the client project-graph
[NX v21.1.2 Daemon Server] - 2025-06-04T16:08:29.920Z - Handled REQUEST_PROJECT_GRAPH. Handling time: 1. Response time: 3.
[NX v21.1.2 Daemon Server] - 2025-06-04T16:08:29.924Z - [REQUEST]: Client Request for Project Graph Received
[NX v21.1.2 Daemon Server] - 2025-06-04T16:08:29.924Z - [REQUEST]: Responding to the client. project-graph
[NX v21.1.2 Daemon Server] - 2025-06-04T16:08:29.925Z - Time taken for 'total for creating and serializing project graph' 0.27047099987976253ms
[NX v21.1.2 Daemon Server] - 2025-06-04T16:08:29.927Z - Done responding to the client project-graph
[NX v21.1.2 Daemon Server] - 2025-06-04T16:08:29.927Z - Handled REQUEST_PROJECT_GRAPH. Handling time: 0. Response time: 3.
[NX v21.1.2 Daemon Server] - 2025-06-04T16:08:29.988Z - [REQUEST]: Client Request for Project Graph Received
[NX v21.1.2 Daemon Server] - 2025-06-04T16:08:29.988Z - [REQUEST]: Responding to the client. project-graph
[NX v21.1.2 Daemon Server] - 2025-06-04T16:08:29.988Z - Time taken for 'total for creating and serializing project graph' 0.27639200002886355ms
[NX v21.1.2 Daemon Server] - 2025-06-04T16:08:29.990Z - Done responding to the client project-graph
[NX v21.1.2 Daemon Server] - 2025-06-04T16:08:29.990Z - Handled REQUEST_PROJECT_GRAPH. Handling time: 1. Response time: 2.
[NX v21.1.2 Daemon Server] - 2025-06-04T16:08:30.011Z - [REQUEST]: Client Request for Project Graph Received
[NX v21.1.2 Daemon Server] - 2025-06-04T16:08:30.011Z - [REQUEST]: Responding to the client. project-graph
[NX v21.1.2 Daemon Server] - 2025-06-04T16:08:30.012Z - Time taken for 'total for creating and serializing project graph' 0.26931599993258715ms
[NX v21.1.2 Daemon Server] - 2025-06-04T16:08:30.014Z - Done responding to the client project-graph
[NX v21.1.2 Daemon Server] - 2025-06-04T16:08:30.014Z - Handled REQUEST_PROJECT_GRAPH. Handling time: 0. Response time: 3.
[NX v21.1.2 Daemon Server] - 2025-06-04T16:08:30.027Z - [REQUEST]: Client Request for Project Graph Received
[NX v21.1.2 Daemon Server] - 2025-06-04T16:08:30.027Z - [REQUEST]: Responding to the client. project-graph
[NX v21.1.2 Daemon Server] - 2025-06-04T16:08:30.027Z - Time taken for 'total for creating and serializing project graph' 0.25320699997246265ms
[NX v21.1.2 Daemon Server] - 2025-06-04T16:08:30.030Z - Done responding to the client project-graph
[NX v21.1.2 Daemon Server] - 2025-06-04T16:08:30.030Z - Handled REQUEST_PROJECT_GRAPH. Handling time: 0. Response time: 3.
[NX v21.1.2 Daemon Server] - 2025-06-04T16:08:30.093Z - [REQUEST]: Client Request for Project Graph Received
[NX v21.1.2 Daemon Server] - 2025-06-04T16:08:30.094Z - [REQUEST]: Responding to the client. project-graph
[NX v21.1.2 Daemon Server] - 2025-06-04T16:08:30.095Z - Time taken for 'total for creating and serializing project graph' 0.3301480000372976ms
[NX v21.1.2 Daemon Server] - 2025-06-04T16:08:30.099Z - Done responding to the client project-graph
[NX v21.1.2 Daemon Server] - 2025-06-04T16:08:30.099Z - Handled REQUEST_PROJECT_GRAPH. Handling time: 1. Response time: 5.
[NX v21.1.2 Daemon Server] - 2025-06-04T16:08:30.133Z - Closed a connection. Number of open connections: 7
[NX v21.1.2 Daemon Server] - 2025-06-04T16:08:36.531Z - Established a connection. Number of open connections: 8
[NX v21.1.2 Daemon Server] - 2025-06-04T16:08:36.532Z - Closed a connection. Number of open connections: 7
[NX v21.1.2 Daemon Server] - 2025-06-04T16:08:36.532Z - Established a connection. Number of open connections: 8
[NX v21.1.2 Daemon Server] - 2025-06-04T16:08:36.533Z - [REQUEST]: Client Request for Project Graph Received
[NX v21.1.2 Daemon Server] - 2025-06-04T16:08:36.534Z - [REQUEST]: Responding to the client. project-graph
[NX v21.1.2 Daemon Server] - 2025-06-04T16:08:36.534Z - Time taken for 'total for creating and serializing project graph' 0.2701540000271052ms
[NX v21.1.2 Daemon Server] - 2025-06-04T16:08:36.537Z - Done responding to the client project-graph
[NX v21.1.2 Daemon Server] - 2025-06-04T16:08:36.537Z - Handled REQUEST_PROJECT_GRAPH. Handling time: 1. Response time: 3.
[NX v21.1.2 Daemon Server] - 2025-06-04T16:08:36.892Z - [REQUEST]: Client Request for Project Graph Received
[NX v21.1.2 Daemon Server] - 2025-06-04T16:08:36.892Z - [REQUEST]: Responding to the client. project-graph
[NX v21.1.2 Daemon Server] - 2025-06-04T16:08:36.893Z - Time taken for 'total for creating and serializing project graph' 0.25813500001095235ms
[NX v21.1.2 Daemon Server] - 2025-06-04T16:08:36.894Z - Done responding to the client project-graph
[NX v21.1.2 Daemon Server] - 2025-06-04T16:08:36.894Z - Handled REQUEST_PROJECT_GRAPH. Handling time: 0. Response time: 2.
[NX v21.1.2 Daemon Server] - 2025-06-04T16:08:36.899Z - [REQUEST]: Client Request for Project Graph Received
[NX v21.1.2 Daemon Server] - 2025-06-04T16:08:36.899Z - [REQUEST]: Responding to the client. project-graph
[NX v21.1.2 Daemon Server] - 2025-06-04T16:08:36.900Z - Time taken for 'total for creating and serializing project graph' 0.22452499996870756ms
[NX v21.1.2 Daemon Server] - 2025-06-04T16:08:36.902Z - Done responding to the client project-graph
[NX v21.1.2 Daemon Server] - 2025-06-04T16:08:36.902Z - Handled REQUEST_PROJECT_GRAPH. Handling time: 0. Response time: 3.
[NX v21.1.2 Daemon Server] - 2025-06-04T16:08:36.960Z - [REQUEST]: Client Request for Project Graph Received
[NX v21.1.2 Daemon Server] - 2025-06-04T16:08:36.960Z - [REQUEST]: Responding to the client. project-graph
[NX v21.1.2 Daemon Server] - 2025-06-04T16:08:36.960Z - Time taken for 'total for creating and serializing project graph' 0.2496009999886155ms
[NX v21.1.2 Daemon Server] - 2025-06-04T16:08:36.962Z - Done responding to the client project-graph
[NX v21.1.2 Daemon Server] - 2025-06-04T16:08:36.962Z - Handled REQUEST_PROJECT_GRAPH. Handling time: 0. Response time: 2.
[NX v21.1.2 Daemon Server] - 2025-06-04T16:08:36.986Z - [REQUEST]: Client Request for Project Graph Received
[NX v21.1.2 Daemon Server] - 2025-06-04T16:08:36.986Z - [REQUEST]: Responding to the client. project-graph
[NX v21.1.2 Daemon Server] - 2025-06-04T16:08:36.987Z - Time taken for 'total for creating and serializing project graph' 0.24398099980317056ms
[NX v21.1.2 Daemon Server] - 2025-06-04T16:08:36.989Z - Done responding to the client project-graph
[NX v21.1.2 Daemon Server] - 2025-06-04T16:08:36.989Z - Handled REQUEST_PROJECT_GRAPH. Handling time: 0. Response time: 3.
[NX v21.1.2 Daemon Server] - 2025-06-04T16:08:36.999Z - [REQUEST]: Client Request for Project Graph Received
[NX v21.1.2 Daemon Server] - 2025-06-04T16:08:37.000Z - [REQUEST]: Responding to the client. project-graph
[NX v21.1.2 Daemon Server] - 2025-06-04T16:08:37.000Z - Time taken for 'total for creating and serializing project graph' 0.2429990000091493ms
[NX v21.1.2 Daemon Server] - 2025-06-04T16:08:37.002Z - Done responding to the client project-graph
[NX v21.1.2 Daemon Server] - 2025-06-04T16:08:37.002Z - Handled REQUEST_PROJECT_GRAPH. Handling time: 1. Response time: 2.
[NX v21.1.2 Daemon Server] - 2025-06-04T16:08:37.019Z - [REQUEST]: Client Request for Project Graph Received
[NX v21.1.2 Daemon Server] - 2025-06-04T16:08:37.019Z - [REQUEST]: Responding to the client. project-graph
[NX v21.1.2 Daemon Server] - 2025-06-04T16:08:37.020Z - Time taken for 'total for creating and serializing project graph' 0.27877299999818206ms
[NX v21.1.2 Daemon Server] - 2025-06-04T16:08:37.024Z - Done responding to the client project-graph
[NX v21.1.2 Daemon Server] - 2025-06-04T16:08:37.024Z - Handled REQUEST_PROJECT_GRAPH. Handling time: 0. Response time: 5.
[NX v21.1.2 Daemon Server] - 2025-06-04T16:08:37.031Z - [REQUEST]: Client Request for Project Graph Received
[NX v21.1.2 Daemon Server] - 2025-06-04T16:08:37.032Z - [REQUEST]: Responding to the client. project-graph
[NX v21.1.2 Daemon Server] - 2025-06-04T16:08:37.032Z - Time taken for 'total for creating and serializing project graph' 0.4451519998256117ms
[NX v21.1.2 Daemon Server] - 2025-06-04T16:08:37.035Z - Done responding to the client project-graph
[NX v21.1.2 Daemon Server] - 2025-06-04T16:08:37.035Z - Handled REQUEST_PROJECT_GRAPH. Handling time: 1. Response time: 3.
[NX v21.1.2 Daemon Server] - 2025-06-04T16:08:37.064Z - [REQUEST]: Client Request for Project Graph Received
[NX v21.1.2 Daemon Server] - 2025-06-04T16:08:37.064Z - [REQUEST]: Responding to the client. project-graph
[NX v21.1.2 Daemon Server] - 2025-06-04T16:08:37.065Z - Time taken for 'total for creating and serializing project graph' 0.4292220000643283ms
[NX v21.1.2 Daemon Server] - 2025-06-04T16:08:37.068Z - Done responding to the client project-graph
[NX v21.1.2 Daemon Server] - 2025-06-04T16:08:37.068Z - Handled REQUEST_PROJECT_GRAPH. Handling time: 0. Response time: 4.
[NX v21.1.2 Daemon Server] - 2025-06-04T16:08:37.105Z - Closed a connection. Number of open connections: 7
[NX v21.1.2 Daemon Server] - 2025-06-04T16:08:39.508Z - Established a connection. Number of open connections: 8
[NX v21.1.2 Daemon Server] - 2025-06-04T16:08:39.508Z - Closed a connection. Number of open connections: 7
[NX v21.1.2 Daemon Server] - 2025-06-04T16:08:39.509Z - Established a connection. Number of open connections: 8
[NX v21.1.2 Daemon Server] - 2025-06-04T16:08:39.511Z - [REQUEST]: Client Request for Project Graph Received
[NX v21.1.2 Daemon Server] - 2025-06-04T16:08:39.511Z - [REQUEST]: Responding to the client. project-graph
[NX v21.1.2 Daemon Server] - 2025-06-04T16:08:39.512Z - Time taken for 'total for creating and serializing project graph' 0.41050200001336634ms
[NX v21.1.2 Daemon Server] - 2025-06-04T16:08:39.516Z - Done responding to the client project-graph
[NX v21.1.2 Daemon Server] - 2025-06-04T16:08:39.516Z - Handled REQUEST_PROJECT_GRAPH. Handling time: 0. Response time: 5.
[NX v21.1.2 Daemon Server] - 2025-06-04T16:08:39.885Z - [REQUEST]: Client Request for Project Graph Received
[NX v21.1.2 Daemon Server] - 2025-06-04T16:08:39.885Z - [REQUEST]: Responding to the client. project-graph
[NX v21.1.2 Daemon Server] - 2025-06-04T16:08:39.886Z - Time taken for 'total for creating and serializing project graph' 0.2492210001219064ms
[NX v21.1.2 Daemon Server] - 2025-06-04T16:08:39.887Z - Done responding to the client project-graph
[NX v21.1.2 Daemon Server] - 2025-06-04T16:08:39.888Z - Handled REQUEST_PROJECT_GRAPH. Handling time: 0. Response time: 3.
[NX v21.1.2 Daemon Server] - 2025-06-04T16:08:39.891Z - [REQUEST]: Client Request for Project Graph Received
[NX v21.1.2 Daemon Server] - 2025-06-04T16:08:39.892Z - [REQUEST]: Responding to the client. project-graph
[NX v21.1.2 Daemon Server] - 2025-06-04T16:08:39.893Z - Time taken for 'total for creating and serializing project graph' 0.23676400003023446ms
[NX v21.1.2 Daemon Server] - 2025-06-04T16:08:39.895Z - Done responding to the client project-graph
[NX v21.1.2 Daemon Server] - 2025-06-04T16:08:39.895Z - Handled REQUEST_PROJECT_GRAPH. Handling time: 1. Response time: 3.
[NX v21.1.2 Daemon Server] - 2025-06-04T16:08:39.953Z - [REQUEST]: Client Request for Project Graph Received
[NX v21.1.2 Daemon Server] - 2025-06-04T16:08:39.953Z - [REQUEST]: Responding to the client. project-graph
[NX v21.1.2 Daemon Server] - 2025-06-04T16:08:39.954Z - Time taken for 'total for creating and serializing project graph' 0.25136399990879ms
[NX v21.1.2 Daemon Server] - 2025-06-04T16:08:39.955Z - Done responding to the client project-graph
[NX v21.1.2 Daemon Server] - 2025-06-04T16:08:39.955Z - Handled REQUEST_PROJECT_GRAPH. Handling time: 0. Response time: 2.
[NX v21.1.2 Daemon Server] - 2025-06-04T16:08:39.979Z - [REQUEST]: Client Request for Project Graph Received
[NX v21.1.2 Daemon Server] - 2025-06-04T16:08:39.979Z - [REQUEST]: Responding to the client. project-graph
[NX v21.1.2 Daemon Server] - 2025-06-04T16:08:39.981Z - Time taken for 'total for creating and serializing project graph' 0.25833199988119304ms
[NX v21.1.2 Daemon Server] - 2025-06-04T16:08:39.983Z - Done responding to the client project-graph
[NX v21.1.2 Daemon Server] - 2025-06-04T16:08:39.983Z - Handled REQUEST_PROJECT_GRAPH. Handling time: 0. Response time: 4.
[NX v21.1.2 Daemon Server] - 2025-06-04T16:08:39.993Z - [REQUEST]: Client Request for Project Graph Received
[NX v21.1.2 Daemon Server] - 2025-06-04T16:08:39.993Z - [REQUEST]: Responding to the client. project-graph
[NX v21.1.2 Daemon Server] - 2025-06-04T16:08:39.993Z - Time taken for 'total for creating and serializing project graph' 0.26425600005313754ms
[NX v21.1.2 Daemon Server] - 2025-06-04T16:08:39.995Z - Done responding to the client project-graph
[NX v21.1.2 Daemon Server] - 2025-06-04T16:08:39.995Z - Handled REQUEST_PROJECT_GRAPH. Handling time: 0. Response time: 2.
[NX v21.1.2 Daemon Server] - 2025-06-04T16:08:40.019Z - [REQUEST]: Client Request for Project Graph Received
[NX v21.1.2 Daemon Server] - 2025-06-04T16:08:40.019Z - [REQUEST]: Responding to the client. project-graph
[NX v21.1.2 Daemon Server] - 2025-06-04T16:08:40.021Z - Time taken for 'total for creating and serializing project graph' 0.39994999999180436ms
[NX v21.1.2 Daemon Server] - 2025-06-04T16:08:40.028Z - Done responding to the client project-graph
[NX v21.1.2 Daemon Server] - 2025-06-04T16:08:40.028Z - Handled REQUEST_PROJECT_GRAPH. Handling time: 0. Response time: 9.
[NX v21.1.2 Daemon Server] - 2025-06-04T16:08:40.037Z - [REQUEST]: Client Request for Project Graph Received
[NX v21.1.2 Daemon Server] - 2025-06-04T16:08:40.037Z - [REQUEST]: Responding to the client. project-graph
[NX v21.1.2 Daemon Server] - 2025-06-04T16:08:40.038Z - Time taken for 'total for creating and serializing project graph' 0.2922380000818521ms
[NX v21.1.2 Daemon Server] - 2025-06-04T16:08:40.042Z - Done responding to the client project-graph
[NX v21.1.2 Daemon Server] - 2025-06-04T16:08:40.043Z - Handled REQUEST_PROJECT_GRAPH. Handling time: 0. Response time: 6.
[NX v21.1.2 Daemon Server] - 2025-06-04T16:08:40.075Z - [REQUEST]: Client Request for Project Graph Received
[NX v21.1.2 Daemon Server] - 2025-06-04T16:08:40.076Z - [REQUEST]: Responding to the client. project-graph
[NX v21.1.2 Daemon Server] - 2025-06-04T16:08:40.077Z - Time taken for 'total for creating and serializing project graph' 0.43457800010219216ms
[NX v21.1.2 Daemon Server] - 2025-06-04T16:08:40.079Z - Done responding to the client project-graph
[NX v21.1.2 Daemon Server] - 2025-06-04T16:08:40.080Z - Handled REQUEST_PROJECT_GRAPH. Handling time: 1. Response time: 4.
[NX v21.1.2 Daemon Server] - 2025-06-04T16:08:40.118Z - Closed a connection. Number of open connections: 7
[NX v21.1.2 Daemon Server] - 2025-06-04T16:09:04.330Z - Established a connection. Number of open connections: 8
[NX v21.1.2 Daemon Server] - 2025-06-04T16:09:04.331Z - Closed a connection. Number of open connections: 7
[NX v21.1.2 Daemon Server] - 2025-06-04T16:09:04.332Z - Established a connection. Number of open connections: 8
[NX v21.1.2 Daemon Server] - 2025-06-04T16:09:04.334Z - [REQUEST]: Client Request for Project Graph Received
[NX v21.1.2 Daemon Server] - 2025-06-04T16:09:04.334Z - [REQUEST]: Responding to the client. project-graph
[NX v21.1.2 Daemon Server] - 2025-06-04T16:09:04.335Z - Time taken for 'total for creating and serializing project graph' 0.3909579999744892ms
[NX v21.1.2 Daemon Server] - 2025-06-04T16:09:04.338Z - Done responding to the client project-graph
[NX v21.1.2 Daemon Server] - 2025-06-04T16:09:04.338Z - Handled REQUEST_PROJECT_GRAPH. Handling time: 0. Response time: 4.
[NX v21.1.2 Daemon Server] - 2025-06-04T16:09:04.815Z - [REQUEST]: Client Request for Project Graph Received
[NX v21.1.2 Daemon Server] - 2025-06-04T16:09:04.815Z - [REQUEST]: Responding to the client. project-graph
[NX v21.1.2 Daemon Server] - 2025-06-04T16:09:04.816Z - Time taken for 'total for creating and serializing project graph' 0.25391700002364814ms
[NX v21.1.2 Daemon Server] - 2025-06-04T16:09:04.818Z - Done responding to the client project-graph
[NX v21.1.2 Daemon Server] - 2025-06-04T16:09:04.818Z - Handled REQUEST_PROJECT_GRAPH. Handling time: 0. Response time: 3.
[NX v21.1.2 Daemon Server] - 2025-06-04T16:09:04.822Z - [REQUEST]: Client Request for Project Graph Received
[NX v21.1.2 Daemon Server] - 2025-06-04T16:09:04.823Z - [REQUEST]: Responding to the client. project-graph
[NX v21.1.2 Daemon Server] - 2025-06-04T16:09:04.823Z - Time taken for 'total for creating and serializing project graph' 0.34353199996985495ms
[NX v21.1.2 Daemon Server] - 2025-06-04T16:09:04.827Z - Done responding to the client project-graph
[NX v21.1.2 Daemon Server] - 2025-06-04T16:09:04.827Z - Handled REQUEST_PROJECT_GRAPH. Handling time: 1. Response time: 4.
[NX v21.1.2 Daemon Server] - 2025-06-04T16:09:04.897Z - [REQUEST]: Client Request for Project Graph Received
[NX v21.1.2 Daemon Server] - 2025-06-04T16:09:04.897Z - [REQUEST]: Responding to the client. project-graph
[NX v21.1.2 Daemon Server] - 2025-06-04T16:09:04.898Z - Time taken for 'total for creating and serializing project graph' 0.24568699998781085ms
[NX v21.1.2 Daemon Server] - 2025-06-04T16:09:04.899Z - Done responding to the client project-graph
[NX v21.1.2 Daemon Server] - 2025-06-04T16:09:04.900Z - Handled REQUEST_PROJECT_GRAPH. Handling time: 0. Response time: 3.
[NX v21.1.2 Daemon Server] - 2025-06-04T16:09:04.924Z - [REQUEST]: Client Request for Project Graph Received
[NX v21.1.2 Daemon Server] - 2025-06-04T16:09:04.925Z - [REQUEST]: Responding to the client. project-graph
[NX v21.1.2 Daemon Server] - 2025-06-04T16:09:04.925Z - Time taken for 'total for creating and serializing project graph' 0.2626559999771416ms
[NX v21.1.2 Daemon Server] - 2025-06-04T16:09:04.928Z - Done responding to the client project-graph
[NX v21.1.2 Daemon Server] - 2025-06-04T16:09:04.928Z - Handled REQUEST_PROJECT_GRAPH. Handling time: 1. Response time: 3.
[NX v21.1.2 Daemon Server] - 2025-06-04T16:09:04.938Z - [REQUEST]: Client Request for Project Graph Received
[NX v21.1.2 Daemon Server] - 2025-06-04T16:09:04.938Z - [REQUEST]: Responding to the client. project-graph
[NX v21.1.2 Daemon Server] - 2025-06-04T16:09:04.939Z - Time taken for 'total for creating and serializing project graph' 0.22616600012406707ms
[NX v21.1.2 Daemon Server] - 2025-06-04T16:09:04.941Z - Done responding to the client project-graph
[NX v21.1.2 Daemon Server] - 2025-06-04T16:09:04.941Z - Handled REQUEST_PROJECT_GRAPH. Handling time: 0. Response time: 3.
[NX v21.1.2 Daemon Server] - 2025-06-04T16:09:04.958Z - [REQUEST]: Client Request for Project Graph Received
[NX v21.1.2 Daemon Server] - 2025-06-04T16:09:04.958Z - [REQUEST]: Responding to the client. project-graph
[NX v21.1.2 Daemon Server] - 2025-06-04T16:09:04.959Z - Time taken for 'total for creating and serializing project graph' 0.3273809999227524ms
[NX v21.1.2 Daemon Server] - 2025-06-04T16:09:04.963Z - Done responding to the client project-graph
[NX v21.1.2 Daemon Server] - 2025-06-04T16:09:04.963Z - Handled REQUEST_PROJECT_GRAPH. Handling time: 0. Response time: 5.
[NX v21.1.2 Daemon Server] - 2025-06-04T16:09:04.973Z - [REQUEST]: Client Request for Project Graph Received
[NX v21.1.2 Daemon Server] - 2025-06-04T16:09:04.973Z - [REQUEST]: Responding to the client. project-graph
[NX v21.1.2 Daemon Server] - 2025-06-04T16:09:04.974Z - Time taken for 'total for creating and serializing project graph' 0.5240520001389086ms
[NX v21.1.2 Daemon Server] - 2025-06-04T16:09:04.977Z - Done responding to the client project-graph
[NX v21.1.2 Daemon Server] - 2025-06-04T16:09:04.977Z - Handled REQUEST_PROJECT_GRAPH. Handling time: 0. Response time: 4.
[NX v21.1.2 Daemon Server] - 2025-06-04T16:09:05.005Z - [REQUEST]: Client Request for Project Graph Received
[NX v21.1.2 Daemon Server] - 2025-06-04T16:09:05.005Z - [REQUEST]: Responding to the client. project-graph
[NX v21.1.2 Daemon Server] - 2025-06-04T16:09:05.005Z - Time taken for 'total for creating and serializing project graph' 0.25101400003768504ms
[NX v21.1.2 Daemon Server] - 2025-06-04T16:09:05.007Z - Done responding to the client project-graph
[NX v21.1.2 Daemon Server] - 2025-06-04T16:09:05.008Z - Handled REQUEST_PROJECT_GRAPH. Handling time: 0. Response time: 3.
[NX v21.1.2 Daemon Server] - 2025-06-04T16:09:05.045Z - Closed a connection. Number of open connections: 7
[NX v21.1.2 Daemon Server] - 2025-06-04T16:09:26.484Z - Established a connection. Number of open connections: 8
[NX v21.1.2 Daemon Server] - 2025-06-04T16:09:26.485Z - Closed a connection. Number of open connections: 7
[NX v21.1.2 Daemon Server] - 2025-06-04T16:09:26.485Z - Established a connection. Number of open connections: 8
[NX v21.1.2 Daemon Server] - 2025-06-04T16:09:26.487Z - [REQUEST]: Client Request for Project Graph Received
[NX v21.1.2 Daemon Server] - 2025-06-04T16:09:26.487Z - [REQUEST]: Responding to the client. project-graph
[NX v21.1.2 Daemon Server] - 2025-06-04T16:09:26.488Z - Time taken for 'total for creating and serializing project graph' 0.2299909999128431ms
[NX v21.1.2 Daemon Server] - 2025-06-04T16:09:26.491Z - Done responding to the client project-graph
[NX v21.1.2 Daemon Server] - 2025-06-04T16:09:26.491Z - Handled REQUEST_PROJECT_GRAPH. Handling time: 0. Response time: 4.
[NX v21.1.2 Daemon Server] - 2025-06-04T16:09:26.850Z - [REQUEST]: Client Request for Project Graph Received
[NX v21.1.2 Daemon Server] - 2025-06-04T16:09:26.851Z - [REQUEST]: Responding to the client. project-graph
[NX v21.1.2 Daemon Server] - 2025-06-04T16:09:26.851Z - Time taken for 'total for creating and serializing project graph' 0.4928930001333356ms
[NX v21.1.2 Daemon Server] - 2025-06-04T16:09:26.853Z - Done responding to the client project-graph
[NX v21.1.2 Daemon Server] - 2025-06-04T16:09:26.853Z - Handled REQUEST_PROJECT_GRAPH. Handling time: 1. Response time: 2.
[NX v21.1.2 Daemon Server] - 2025-06-04T16:09:26.857Z - [REQUEST]: Client Request for Project Graph Received
[NX v21.1.2 Daemon Server] - 2025-06-04T16:09:26.857Z - [REQUEST]: Responding to the client. project-graph
[NX v21.1.2 Daemon Server] - 2025-06-04T16:09:26.858Z - Time taken for 'total for creating and serializing project graph' 0.20630499999970198ms
[NX v21.1.2 Daemon Server] - 2025-06-04T16:09:26.861Z - Done responding to the client project-graph
[NX v21.1.2 Daemon Server] - 2025-06-04T16:09:26.861Z - Handled REQUEST_PROJECT_GRAPH. Handling time: 0. Response time: 4.
[NX v21.1.2 Daemon Server] - 2025-06-04T16:09:26.929Z - [REQUEST]: Client Request for Project Graph Received
[NX v21.1.2 Daemon Server] - 2025-06-04T16:09:26.929Z - [REQUEST]: Responding to the client. project-graph
[NX v21.1.2 Daemon Server] - 2025-06-04T16:09:26.929Z - Time taken for 'total for creating and serializing project graph' 0.3176739998161793ms
[NX v21.1.2 Daemon Server] - 2025-06-04T16:09:26.931Z - Done responding to the client project-graph
[NX v21.1.2 Daemon Server] - 2025-06-04T16:09:26.931Z - Handled REQUEST_PROJECT_GRAPH. Handling time: 0. Response time: 2.
[NX v21.1.2 Daemon Server] - 2025-06-04T16:09:26.952Z - [REQUEST]: Client Request for Project Graph Received
[NX v21.1.2 Daemon Server] - 2025-06-04T16:09:26.952Z - [REQUEST]: Responding to the client. project-graph
[NX v21.1.2 Daemon Server] - 2025-06-04T16:09:26.953Z - Time taken for 'total for creating and serializing project graph' 0.24570000008679926ms
[NX v21.1.2 Daemon Server] - 2025-06-04T16:09:26.955Z - Done responding to the client project-graph
[NX v21.1.2 Daemon Server] - 2025-06-04T16:09:26.955Z - Handled REQUEST_PROJECT_GRAPH. Handling time: 0. Response time: 3.
[NX v21.1.2 Daemon Server] - 2025-06-04T16:09:26.965Z - [REQUEST]: Client Request for Project Graph Received
[NX v21.1.2 Daemon Server] - 2025-06-04T16:09:26.966Z - [REQUEST]: Responding to the client. project-graph
[NX v21.1.2 Daemon Server] - 2025-06-04T16:09:26.966Z - Time taken for 'total for creating and serializing project graph' 0.30200499994680285ms
[NX v21.1.2 Daemon Server] - 2025-06-04T16:09:26.968Z - Done responding to the client project-graph
[NX v21.1.2 Daemon Server] - 2025-06-04T16:09:26.969Z - Handled REQUEST_PROJECT_GRAPH. Handling time: 1. Response time: 3.
[NX v21.1.2 Daemon Server] - 2025-06-04T16:09:26.985Z - [REQUEST]: Client Request for Project Graph Received
[NX v21.1.2 Daemon Server] - 2025-06-04T16:09:26.986Z - [REQUEST]: Responding to the client. project-graph
[NX v21.1.2 Daemon Server] - 2025-06-04T16:09:26.987Z - Time taken for 'total for creating and serializing project graph' 0.2637129998765886ms
[NX v21.1.2 Daemon Server] - 2025-06-04T16:09:27.000Z - Done responding to the client project-graph
[NX v21.1.2 Daemon Server] - 2025-06-04T16:09:27.000Z - Handled REQUEST_PROJECT_GRAPH. Handling time: 1. Response time: 14.
[NX v21.1.2 Daemon Server] - 2025-06-04T16:09:27.007Z - [REQUEST]: Client Request for Project Graph Received
[NX v21.1.2 Daemon Server] - 2025-06-04T16:09:27.008Z - [REQUEST]: Responding to the client. project-graph
[NX v21.1.2 Daemon Server] - 2025-06-04T16:09:27.008Z - Time taken for 'total for creating and serializing project graph' 0.3465929999947548ms
[NX v21.1.2 Daemon Server] - 2025-06-04T16:09:27.010Z - Done responding to the client project-graph
[NX v21.1.2 Daemon Server] - 2025-06-04T16:09:27.010Z - Handled REQUEST_PROJECT_GRAPH. Handling time: 1. Response time: 2.
[NX v21.1.2 Daemon Server] - 2025-06-04T16:09:27.038Z - [REQUEST]: Client Request for Project Graph Received
[NX v21.1.2 Daemon Server] - 2025-06-04T16:09:27.039Z - [REQUEST]: Responding to the client. project-graph
[NX v21.1.2 Daemon Server] - 2025-06-04T16:09:27.039Z - Time taken for 'total for creating and serializing project graph' 0.2535880000796169ms
[NX v21.1.2 Daemon Server] - 2025-06-04T16:09:27.041Z - Done responding to the client project-graph
[NX v21.1.2 Daemon Server] - 2025-06-04T16:09:27.041Z - Handled REQUEST_PROJECT_GRAPH. Handling time: 1. Response time: 2.
[NX v21.1.2 Daemon Server] - 2025-06-04T16:09:27.079Z - Closed a connection. Number of open connections: 7
[NX v21.1.2 Daemon Server] - 2025-06-04T16:10:05.744Z - [REQUEST]: Responding to the client. handleRecordTaskRuns
[NX v21.1.2 Daemon Server] - 2025-06-04T16:10:05.744Z - Done responding to the client handleRecordTaskRuns
[NX v21.1.2 Daemon Server] - 2025-06-04T16:10:05.744Z - Handled RECORD_TASK_RUNS. Handling time: 0. Response time: 0.
[NX v21.1.2 Daemon Server] - 2025-06-04T16:10:05.746Z - [REQUEST]: Responding to the client. handleGetFlakyTasks
[NX v21.1.2 Daemon Server] - 2025-06-04T16:10:05.746Z - Done responding to the client handleGetFlakyTasks
[NX v21.1.2 Daemon Server] - 2025-06-04T16:10:05.746Z - Handled GET_FLAKY_TASKS. Handling time: 1. Response time: 0.
[NX v21.1.2 Daemon Server] - 2025-06-04T16:10:05.878Z - [REQUEST]: Responding to the client. handleRunPostTasksExecution
[NX v21.1.2 Daemon Server] - 2025-06-04T16:10:05.878Z - Done responding to the client handleRunPostTasksExecution
[NX v21.1.2 Daemon Server] - 2025-06-04T16:10:05.878Z - Handled POST_TASKS_EXECUTION. Handling time: 0. Response time: 0.
[NX v21.1.2 Daemon Server] - 2025-06-04T16:10:05.878Z - Time taken for 'postTasksExecution' 0.1834269999526441ms
[NX v21.1.2 Daemon Server] - 2025-06-04T16:10:05.889Z - Closed a connection. Number of open connections: 6
[NX v21.1.2 Daemon Server] - 2025-06-04T16:10:16.050Z - Established a connection. Number of open connections: 7
[NX v21.1.2 Daemon Server] - 2025-06-04T16:10:16.051Z - Closed a connection. Number of open connections: 6
[NX v21.1.2 Daemon Server] - 2025-06-04T16:10:16.051Z - Established a connection. Number of open connections: 7
[NX v21.1.2 Daemon Server] - 2025-06-04T16:10:16.053Z - [REQUEST]: Client Request for Project Graph Received
[NX v21.1.2 Daemon Server] - 2025-06-04T16:10:16.053Z - [REQUEST]: Responding to the client. project-graph
[NX v21.1.2 Daemon Server] - 2025-06-04T16:10:16.054Z - Time taken for 'total for creating and serializing project graph' 0.2485970000270754ms
[NX v21.1.2 Daemon Server] - 2025-06-04T16:10:16.057Z - Done responding to the client project-graph
[NX v21.1.2 Daemon Server] - 2025-06-04T16:10:16.057Z - Handled REQUEST_PROJECT_GRAPH. Handling time: 0. Response time: 4.
[NX v21.1.2 Daemon Server] - 2025-06-04T16:10:16.421Z - [REQUEST]: Client Request for Project Graph Received
[NX v21.1.2 Daemon Server] - 2025-06-04T16:10:16.421Z - [REQUEST]: Responding to the client. project-graph
[NX v21.1.2 Daemon Server] - 2025-06-04T16:10:16.422Z - Time taken for 'total for creating and serializing project graph' 0.23493200005032122ms
[NX v21.1.2 Daemon Server] - 2025-06-04T16:10:16.424Z - Done responding to the client project-graph
[NX v21.1.2 Daemon Server] - 2025-06-04T16:10:16.424Z - Handled REQUEST_PROJECT_GRAPH. Handling time: 0. Response time: 3.
[NX v21.1.2 Daemon Server] - 2025-06-04T16:10:16.428Z - [REQUEST]: Client Request for Project Graph Received
[NX v21.1.2 Daemon Server] - 2025-06-04T16:10:16.428Z - [REQUEST]: Responding to the client. project-graph
[NX v21.1.2 Daemon Server] - 2025-06-04T16:10:16.429Z - Time taken for 'total for creating and serializing project graph' 0.21012800000607967ms
[NX v21.1.2 Daemon Server] - 2025-06-04T16:10:16.430Z - Done responding to the client project-graph
[NX v21.1.2 Daemon Server] - 2025-06-04T16:10:16.431Z - Handled REQUEST_PROJECT_GRAPH. Handling time: 0. Response time: 3.
[NX v21.1.2 Daemon Server] - 2025-06-04T16:10:16.490Z - [REQUEST]: Client Request for Project Graph Received
[NX v21.1.2 Daemon Server] - 2025-06-04T16:10:16.490Z - [REQUEST]: Responding to the client. project-graph
[NX v21.1.2 Daemon Server] - 2025-06-04T16:10:16.491Z - Time taken for 'total for creating and serializing project graph' 0.22733999998308718ms
[NX v21.1.2 Daemon Server] - 2025-06-04T16:10:16.493Z - Done responding to the client project-graph
[NX v21.1.2 Daemon Server] - 2025-06-04T16:10:16.493Z - Handled REQUEST_PROJECT_GRAPH. Handling time: 0. Response time: 3.
[NX v21.1.2 Daemon Server] - 2025-06-04T16:10:16.519Z - [REQUEST]: Client Request for Project Graph Received
[NX v21.1.2 Daemon Server] - 2025-06-04T16:10:16.519Z - [REQUEST]: Responding to the client. project-graph
[NX v21.1.2 Daemon Server] - 2025-06-04T16:10:16.520Z - Time taken for 'total for creating and serializing project graph' 0.25650799996219575ms
[NX v21.1.2 Daemon Server] - 2025-06-04T16:10:16.522Z - Done responding to the client project-graph
[NX v21.1.2 Daemon Server] - 2025-06-04T16:10:16.522Z - Handled REQUEST_PROJECT_GRAPH. Handling time: 0. Response time: 3.
[NX v21.1.2 Daemon Server] - 2025-06-04T16:10:16.532Z - [REQUEST]: Client Request for Project Graph Received
[NX v21.1.2 Daemon Server] - 2025-06-04T16:10:16.532Z - [REQUEST]: Responding to the client. project-graph
[NX v21.1.2 Daemon Server] - 2025-06-04T16:10:16.533Z - Time taken for 'total for creating and serializing project graph' 0.2716169999912381ms
[NX v21.1.2 Daemon Server] - 2025-06-04T16:10:16.534Z - Done responding to the client project-graph
[NX v21.1.2 Daemon Server] - 2025-06-04T16:10:16.535Z - Handled REQUEST_PROJECT_GRAPH. Handling time: 0. Response time: 2.
[NX v21.1.2 Daemon Server] - 2025-06-04T16:10:16.552Z - [REQUEST]: Client Request for Project Graph Received
[NX v21.1.2 Daemon Server] - 2025-06-04T16:10:16.552Z - [REQUEST]: Responding to the client. project-graph
[NX v21.1.2 Daemon Server] - 2025-06-04T16:10:16.552Z - Time taken for 'total for creating and serializing project graph' 0.24432800011709332ms
[NX v21.1.2 Daemon Server] - 2025-06-04T16:10:16.554Z - Done responding to the client project-graph
[NX v21.1.2 Daemon Server] - 2025-06-04T16:10:16.554Z - Handled REQUEST_PROJECT_GRAPH. Handling time: 0. Response time: 2.
[NX v21.1.2 Daemon Server] - 2025-06-04T16:10:16.560Z - [REQUEST]: Client Request for Project Graph Received
[NX v21.1.2 Daemon Server] - 2025-06-04T16:10:16.561Z - [REQUEST]: Responding to the client. project-graph
[NX v21.1.2 Daemon Server] - 2025-06-04T16:10:16.561Z - Time taken for 'total for creating and serializing project graph' 0.2046890000347048ms
[NX v21.1.2 Daemon Server] - 2025-06-04T16:10:16.563Z - Done responding to the client project-graph
[NX v21.1.2 Daemon Server] - 2025-06-04T16:10:16.563Z - Handled REQUEST_PROJECT_GRAPH. Handling time: 1. Response time: 2.
[NX v21.1.2 Daemon Server] - 2025-06-04T16:10:16.591Z - [REQUEST]: Client Request for Project Graph Received
[NX v21.1.2 Daemon Server] - 2025-06-04T16:10:16.591Z - [REQUEST]: Responding to the client. project-graph
[NX v21.1.2 Daemon Server] - 2025-06-04T16:10:16.591Z - Time taken for 'total for creating and serializing project graph' 0.22991700004786253ms
[NX v21.1.2 Daemon Server] - 2025-06-04T16:10:16.593Z - Done responding to the client project-graph
[NX v21.1.2 Daemon Server] - 2025-06-04T16:10:16.593Z - Handled REQUEST_PROJECT_GRAPH. Handling time: 0. Response time: 2.
[NX v21.1.2 Daemon Server] - 2025-06-04T16:10:16.625Z - Closed a connection. Number of open connections: 6
[NX v21.1.2 Daemon Server] - 2025-06-04T16:10:32.501Z - Established a connection. Number of open connections: 7
[NX v21.1.2 Daemon Server] - 2025-06-04T16:10:32.502Z - Closed a connection. Number of open connections: 6
[NX v21.1.2 Daemon Server] - 2025-06-04T16:10:32.503Z - Established a connection. Number of open connections: 7
[NX v21.1.2 Daemon Server] - 2025-06-04T16:10:32.505Z - [REQUEST]: Client Request for Project Graph Received
[NX v21.1.2 Daemon Server] - 2025-06-04T16:10:32.505Z - [REQUEST]: Responding to the client. project-graph
[NX v21.1.2 Daemon Server] - 2025-06-04T16:10:32.506Z - Time taken for 'total for creating and serializing project graph' 0.3478110001888126ms
[NX v21.1.2 Daemon Server] - 2025-06-04T16:10:32.508Z - Done responding to the client project-graph
[NX v21.1.2 Daemon Server] - 2025-06-04T16:10:32.508Z - Handled REQUEST_PROJECT_GRAPH. Handling time: 0. Response time: 3.
[NX v21.1.2 Daemon Server] - 2025-06-04T16:10:32.824Z - Closed a connection. Number of open connections: 6
[NX v21.1.2 Daemon Server] - 2025-06-04T16:13:06.555Z - [WATCHER]: apps/second-app/tailwind.config.js was modified
[NX v21.1.2 Daemon Server] - 2025-06-04T16:13:06.556Z - [REQUEST]: Responding to the client. File watch changed
[NX v21.1.2 Daemon Server] - 2025-06-04T16:13:06.556Z - Done responding to the client File watch changed
[NX v21.1.2 Daemon Server] - 2025-06-04T16:13:06.556Z - Handled FILE-WATCH-CHANGED. Handling time: 0. Response time: 0.
[NX v21.1.2 Daemon Server] - 2025-06-04T16:13:06.556Z - [WATCHER]: Processing file changes in outputs
[NX v21.1.2 Daemon Server] - 2025-06-04T16:13:06.556Z - Time taken for 'changed-projects' 0.06650199997238815ms
[NX v21.1.2 Daemon Server] - 2025-06-04T16:13:06.657Z - [REQUEST]: Updated workspace context based on watched changes, recomputing project graph...
[NX v21.1.2 Daemon Server] - 2025-06-04T16:13:06.657Z - [REQUEST]: apps/second-app/tailwind.config.js
[NX v21.1.2 Daemon Server] - 2025-06-04T16:13:06.657Z - [REQUEST]: 
[NX v21.1.2 Daemon Server] - 2025-06-04T16:13:06.666Z - Time taken for 'hash changed files from watcher' 0.22320000012405217ms
[NX v21.1.2 Daemon Server] - 2025-06-04T16:13:06.679Z - [REQUEST]: Responding to the client. handleHashMultiGlob
[NX v21.1.2 Daemon Server] - 2025-06-04T16:13:06.679Z - Done responding to the client handleHashMultiGlob
[NX v21.1.2 Daemon Server] - 2025-06-04T16:13:06.679Z - Handled HASH_GLOB. Handling time: 0. Response time: 0.
[NX v21.1.2 Daemon Server] - 2025-06-04T16:13:06.680Z - [REQUEST]: Responding to the client. handleHashGlob
[NX v21.1.2 Daemon Server] - 2025-06-04T16:13:06.680Z - Done responding to the client handleHashGlob
[NX v21.1.2 Daemon Server] - 2025-06-04T16:13:06.680Z - Handled HASH_GLOB. Handling time: 0. Response time: 0.
[NX v21.1.2 Daemon Server] - 2025-06-04T16:13:06.682Z - [REQUEST]: Responding to the client. handleHashMultiGlob
[NX v21.1.2 Daemon Server] - 2025-06-04T16:13:06.683Z - Done responding to the client handleHashMultiGlob
[NX v21.1.2 Daemon Server] - 2025-06-04T16:13:06.683Z - Handled HASH_GLOB. Handling time: 1. Response time: 1.
[NX v21.1.2 Daemon Server] - 2025-06-04T16:13:06.684Z - [REQUEST]: Responding to the client. handleHashGlob
[NX v21.1.2 Daemon Server] - 2025-06-04T16:13:06.684Z - Done responding to the client handleHashGlob
[NX v21.1.2 Daemon Server] - 2025-06-04T16:13:06.684Z - Handled HASH_GLOB. Handling time: 1. Response time: 0.
[NX v21.1.2 Daemon Server] - 2025-06-04T16:13:06.717Z - Time taken for 'build-project-configs' 48.56810299982317ms
[NX v21.1.2 Daemon Server] - 2025-06-04T16:13:06.724Z - Time taken for '@nx/vite/plugin:createDependencies' 9.713328999932855ms
[NX v21.1.2 Daemon Server] - 2025-06-04T16:13:06.724Z - Time taken for '@nx/js/typescript:createDependencies' 11.315406000008807ms
[NX v21.1.2 Daemon Server] - 2025-06-04T16:13:06.745Z - [SYNC]: collect registered sync generators
[NX v21.1.2 Daemon Server] - 2025-06-04T16:13:06.745Z - [SYNC]: project graph hash is the same, not collecting task sync generators
[NX v21.1.2 Daemon Server] - 2025-06-04T16:13:06.745Z - [SYNC]: nx.json hash is the same, not collecting global sync generators
[NX v21.1.2 Daemon Server] - 2025-06-04T16:13:06.745Z - [SYNC]: scheduling: ["@nx/js:typescript-sync"]
[NX v21.1.2 Daemon Server] - 2025-06-04T16:13:06.745Z - Time taken for 'total execution time for createProjectGraph()' 26.560368000064045ms
[NX v21.1.2 Daemon Server] - 2025-06-04T16:13:06.845Z - [SYNC]: running scheduled generator @nx/js:typescript-sync
[NX v21.1.2 Daemon Server] - 2025-06-04T16:13:06.848Z - [REQUEST]: Client Request for Project Graph Received
[NX v21.1.2 Daemon Server] - 2025-06-04T16:13:06.848Z - [REQUEST]: Responding to the client. project-graph
[NX v21.1.2 Daemon Server] - 2025-06-04T16:13:06.848Z - Time taken for 'total for creating and serializing project graph' 0.21149900020100176ms
[NX v21.1.2 Daemon Server] - 2025-06-04T16:13:06.849Z - Done responding to the client project-graph
[NX v21.1.2 Daemon Server] - 2025-06-04T16:13:06.849Z - Handled REQUEST_PROJECT_GRAPH. Handling time: 0. Response time: 1.
[NX v21.1.2 Daemon Server] - 2025-06-04T16:13:06.871Z - [SYNC]: @nx/js:typescript-sync changes: 
[NX v21.1.2 Daemon Server] - 2025-06-04T16:13:06.875Z - Time taken for 'run-sync-generator:@nx/js:typescript-sync' 25.902885999996215ms
[NX v21.1.2 Daemon Server] - 2025-06-04T16:13:07.559Z - Established a connection. Number of open connections: 7
[NX v21.1.2 Daemon Server] - 2025-06-04T16:13:07.560Z - [REQUEST]: Client Request for Project Graph Received
[NX v21.1.2 Daemon Server] - 2025-06-04T16:13:07.560Z - [REQUEST]: Responding to the client. project-graph
[NX v21.1.2 Daemon Server] - 2025-06-04T16:13:07.561Z - Time taken for 'total for creating and serializing project graph' 0.22258300008252263ms
[NX v21.1.2 Daemon Server] - 2025-06-04T16:13:07.561Z - Closed a connection. Number of open connections: 6
[NX v21.1.2 Daemon Server] - 2025-06-04T16:13:07.563Z - Done responding to the client project-graph
[NX v21.1.2 Daemon Server] - 2025-06-04T16:13:07.563Z - Handled REQUEST_PROJECT_GRAPH. Handling time: 0. Response time: 3.
[NX v21.1.2 Daemon Server] - 2025-06-04T16:13:07.566Z - [REQUEST]: Responding to the client. handleContextFileData
[NX v21.1.2 Daemon Server] - 2025-06-04T16:13:07.566Z - Done responding to the client handleContextFileData
[NX v21.1.2 Daemon Server] - 2025-06-04T16:13:07.566Z - Handled GET_CONTEXT_FILE_DATA. Handling time: 0. Response time: 0.
[NX v21.1.2 Daemon Server] - 2025-06-04T16:13:07.567Z - Closed a connection. Number of open connections: 5
[NX v21.1.2 Daemon Server] - 2025-06-04T16:13:07.617Z - Closed a connection. Number of open connections: 4
[NX v21.1.2 Daemon Server] - 2025-06-04T16:13:07.619Z - Established a connection. Number of open connections: 5
[NX v21.1.2 Daemon Server] - 2025-06-04T16:13:07.625Z - Closed a connection. Number of open connections: 4
[NX v21.1.2 Daemon Server] - 2025-06-04T16:13:07.626Z - Established a connection. Number of open connections: 5
[NX v21.1.2 Daemon Server] - 2025-06-04T16:13:07.626Z - [REQUEST]: Client Request for Project Graph Received
[NX v21.1.2 Daemon Server] - 2025-06-04T16:13:07.626Z - [REQUEST]: Responding to the client. project-graph
[NX v21.1.2 Daemon Server] - 2025-06-04T16:13:07.627Z - Time taken for 'total for creating and serializing project graph' 0.23476499994285405ms
[NX v21.1.2 Daemon Server] - 2025-06-04T16:13:07.629Z - Done responding to the client project-graph
[NX v21.1.2 Daemon Server] - 2025-06-04T16:13:07.629Z - Handled REQUEST_PROJECT_GRAPH. Handling time: 0. Response time: 3.
[NX v21.1.2 Daemon Server] - 2025-06-04T16:13:07.632Z - [REQUEST]: Client Request for Project Graph Received
[NX v21.1.2 Daemon Server] - 2025-06-04T16:13:07.632Z - [REQUEST]: Responding to the client. project-graph
[NX v21.1.2 Daemon Server] - 2025-06-04T16:13:07.633Z - Time taken for 'total for creating and serializing project graph' 0.28224999993108213ms
[NX v21.1.2 Daemon Server] - 2025-06-04T16:13:07.634Z - Done responding to the client project-graph
[NX v21.1.2 Daemon Server] - 2025-06-04T16:13:07.634Z - Handled REQUEST_PROJECT_GRAPH. Handling time: 0. Response time: 2.
[NX v21.1.2 Daemon Server] - 2025-06-04T16:13:07.637Z - Established a connection. Number of open connections: 6
[NX v21.1.2 Daemon Server] - 2025-06-04T16:13:18.383Z - Established a connection. Number of open connections: 7
[NX v21.1.2 Daemon Server] - 2025-06-04T16:13:18.384Z - Closed a connection. Number of open connections: 6
[NX v21.1.2 Daemon Server] - 2025-06-04T16:13:18.385Z - Established a connection. Number of open connections: 7
[NX v21.1.2 Daemon Server] - 2025-06-04T16:13:18.387Z - [REQUEST]: Client Request for Project Graph Received
[NX v21.1.2 Daemon Server] - 2025-06-04T16:13:18.387Z - [REQUEST]: Responding to the client. project-graph
[NX v21.1.2 Daemon Server] - 2025-06-04T16:13:18.388Z - Time taken for 'total for creating and serializing project graph' 0.2269690001849085ms
[NX v21.1.2 Daemon Server] - 2025-06-04T16:13:18.393Z - Done responding to the client project-graph
[NX v21.1.2 Daemon Server] - 2025-06-04T16:13:18.393Z - Handled REQUEST_PROJECT_GRAPH. Handling time: 0. Response time: 6.
[NX v21.1.2 Daemon Server] - 2025-06-04T16:13:18.398Z - [REQUEST]: Responding to the client. handleRunPreTasksExecution
[NX v21.1.2 Daemon Server] - 2025-06-04T16:13:18.399Z - Done responding to the client handleRunPreTasksExecution
[NX v21.1.2 Daemon Server] - 2025-06-04T16:13:18.399Z - Handled PRE_TASKS_EXECUTION. Handling time: 0. Response time: 1.
[NX v21.1.2 Daemon Server] - 2025-06-04T16:13:18.399Z - Time taken for 'preTasksExecution' 0.1660820001270622ms
[NX v21.1.2 Daemon Server] - 2025-06-04T16:13:18.401Z - [SYNC]: get sync generators changes on demand ["@nx/js:typescript-sync"]
[NX v21.1.2 Daemon Server] - 2025-06-04T16:13:18.402Z - [SYNC]: @nx/js:typescript-sync not scheduled and has cached result, returning cached result
[NX v21.1.2 Daemon Server] - 2025-06-04T16:13:18.402Z - [REQUEST]: Responding to the client. handleGetSyncGeneratorChanges
[NX v21.1.2 Daemon Server] - 2025-06-04T16:13:18.402Z - Done responding to the client handleGetSyncGeneratorChanges
[NX v21.1.2 Daemon Server] - 2025-06-04T16:13:18.402Z - Handled GET_SYNC_GENERATOR_CHANGES. Handling time: 1. Response time: 0.
[NX v21.1.2 Daemon Server] - 2025-06-04T16:13:18.478Z - [REQUEST]: Responding to the client. handleHashTasks
[NX v21.1.2 Daemon Server] - 2025-06-04T16:13:18.479Z - Done responding to the client handleHashTasks
[NX v21.1.2 Daemon Server] - 2025-06-04T16:13:18.479Z - Handled HASH_TASKS. Handling time: 20. Response time: 1.
[NX v21.1.2 Daemon Server] - 2025-06-04T16:13:18.556Z - [REQUEST]: Responding to the client. handleGetEstimatedTaskTimings
[NX v21.1.2 Daemon Server] - 2025-06-04T16:13:18.556Z - Done responding to the client handleGetEstimatedTaskTimings
[NX v21.1.2 Daemon Server] - 2025-06-04T16:13:18.556Z - Handled GET_ESTIMATED_TASK_TIMINGS. Handling time: 0. Response time: 0.
[NX v21.1.2 Daemon Server] - 2025-06-04T16:13:55.013Z - [WATCHER]: apps/second-app/tailwind.config.js was modified
[NX v21.1.2 Daemon Server] - 2025-06-04T16:13:55.014Z - [REQUEST]: Responding to the client. File watch changed
[NX v21.1.2 Daemon Server] - 2025-06-04T16:13:55.014Z - Done responding to the client File watch changed
[NX v21.1.2 Daemon Server] - 2025-06-04T16:13:55.014Z - Handled FILE-WATCH-CHANGED. Handling time: 0. Response time: 0.
[NX v21.1.2 Daemon Server] - 2025-06-04T16:13:55.014Z - [WATCHER]: Processing file changes in outputs
[NX v21.1.2 Daemon Server] - 2025-06-04T16:13:55.014Z - Time taken for 'changed-projects' 0.11266999994404614ms
[NX v21.1.2 Daemon Server] - 2025-06-04T16:13:55.114Z - [REQUEST]: Updated workspace context based on watched changes, recomputing project graph...
[NX v21.1.2 Daemon Server] - 2025-06-04T16:13:55.114Z - [REQUEST]: apps/second-app/tailwind.config.js
[NX v21.1.2 Daemon Server] - 2025-06-04T16:13:55.114Z - [REQUEST]: 
[NX v21.1.2 Daemon Server] - 2025-06-04T16:13:55.123Z - [REQUEST]: Responding to the client. handleHashMultiGlob
[NX v21.1.2 Daemon Server] - 2025-06-04T16:13:55.123Z - Done responding to the client handleHashMultiGlob
[NX v21.1.2 Daemon Server] - 2025-06-04T16:13:55.123Z - Handled HASH_GLOB. Handling time: 0. Response time: 0.
[NX v21.1.2 Daemon Server] - 2025-06-04T16:13:55.124Z - [REQUEST]: Responding to the client. handleHashGlob
[NX v21.1.2 Daemon Server] - 2025-06-04T16:13:55.124Z - Done responding to the client handleHashGlob
[NX v21.1.2 Daemon Server] - 2025-06-04T16:13:55.124Z - Handled HASH_GLOB. Handling time: 1. Response time: 0.
[NX v21.1.2 Daemon Server] - 2025-06-04T16:13:55.124Z - Time taken for 'hash changed files from watcher' 0.1158200001809746ms
[NX v21.1.2 Daemon Server] - 2025-06-04T16:13:55.126Z - [REQUEST]: Responding to the client. handleHashMultiGlob
[NX v21.1.2 Daemon Server] - 2025-06-04T16:13:55.126Z - Done responding to the client handleHashMultiGlob
[NX v21.1.2 Daemon Server] - 2025-06-04T16:13:55.126Z - Handled HASH_GLOB. Handling time: 1. Response time: 0.
[NX v21.1.2 Daemon Server] - 2025-06-04T16:13:55.128Z - [REQUEST]: Responding to the client. handleHashGlob
[NX v21.1.2 Daemon Server] - 2025-06-04T16:13:55.128Z - Done responding to the client handleHashGlob
[NX v21.1.2 Daemon Server] - 2025-06-04T16:13:55.128Z - Handled HASH_GLOB. Handling time: 1. Response time: 0.
[NX v21.1.2 Daemon Server] - 2025-06-04T16:13:55.148Z - Time taken for 'build-project-configs' 24.156702999956906ms
[NX v21.1.2 Daemon Server] - 2025-06-04T16:13:55.153Z - Time taken for '@nx/js/typescript:createDependencies' 9.345981999998912ms
[NX v21.1.2 Daemon Server] - 2025-06-04T16:13:55.154Z - Time taken for '@nx/vite/plugin:createDependencies' 8.726044999901205ms
[NX v21.1.2 Daemon Server] - 2025-06-04T16:13:55.174Z - [SYNC]: collect registered sync generators
[NX v21.1.2 Daemon Server] - 2025-06-04T16:13:55.174Z - [SYNC]: project graph hash is the same, not collecting task sync generators
[NX v21.1.2 Daemon Server] - 2025-06-04T16:13:55.174Z - [SYNC]: nx.json hash is the same, not collecting global sync generators
[NX v21.1.2 Daemon Server] - 2025-06-04T16:13:55.174Z - [SYNC]: scheduling: ["@nx/js:typescript-sync"]
[NX v21.1.2 Daemon Server] - 2025-06-04T16:13:55.174Z - Time taken for 'total execution time for createProjectGraph()' 24.90793400001712ms
[NX v21.1.2 Daemon Server] - 2025-06-04T16:13:55.274Z - [SYNC]: running scheduled generator @nx/js:typescript-sync
[NX v21.1.2 Daemon Server] - 2025-06-04T16:13:55.276Z - [REQUEST]: Client Request for Project Graph Received
[NX v21.1.2 Daemon Server] - 2025-06-04T16:13:55.276Z - [REQUEST]: Responding to the client. project-graph
[NX v21.1.2 Daemon Server] - 2025-06-04T16:13:55.277Z - Time taken for 'total for creating and serializing project graph' 0.2137349999975413ms
[NX v21.1.2 Daemon Server] - 2025-06-04T16:13:55.279Z - Done responding to the client project-graph
[NX v21.1.2 Daemon Server] - 2025-06-04T16:13:55.279Z - Handled REQUEST_PROJECT_GRAPH. Handling time: 0. Response time: 3.
[NX v21.1.2 Daemon Server] - 2025-06-04T16:13:55.300Z - [SYNC]: @nx/js:typescript-sync changes: 
[NX v21.1.2 Daemon Server] - 2025-06-04T16:13:55.300Z - Time taken for 'run-sync-generator:@nx/js:typescript-sync' 26.260284999851137ms
[NX v21.1.2 Daemon Server] - 2025-06-04T16:13:56.023Z - Established a connection. Number of open connections: 8
[NX v21.1.2 Daemon Server] - 2025-06-04T16:13:56.025Z - [REQUEST]: Client Request for Project Graph Received
[NX v21.1.2 Daemon Server] - 2025-06-04T16:13:56.026Z - [REQUEST]: Responding to the client. project-graph
[NX v21.1.2 Daemon Server] - 2025-06-04T16:13:56.028Z - Time taken for 'total for creating and serializing project graph' 0.869522999972105ms
[NX v21.1.2 Daemon Server] - 2025-06-04T16:13:56.028Z - Closed a connection. Number of open connections: 7
[NX v21.1.2 Daemon Server] - 2025-06-04T16:13:56.033Z - Done responding to the client project-graph
[NX v21.1.2 Daemon Server] - 2025-06-04T16:13:56.033Z - Handled REQUEST_PROJECT_GRAPH. Handling time: 1. Response time: 7.
[NX v21.1.2 Daemon Server] - 2025-06-04T16:13:56.042Z - [REQUEST]: Responding to the client. handleContextFileData
[NX v21.1.2 Daemon Server] - 2025-06-04T16:13:56.042Z - Done responding to the client handleContextFileData
[NX v21.1.2 Daemon Server] - 2025-06-04T16:13:56.042Z - Handled GET_CONTEXT_FILE_DATA. Handling time: 1. Response time: 0.
[NX v21.1.2 Daemon Server] - 2025-06-04T16:13:56.044Z - Closed a connection. Number of open connections: 6
[NX v21.1.2 Daemon Server] - 2025-06-04T16:13:56.125Z - Closed a connection. Number of open connections: 5
[NX v21.1.2 Daemon Server] - 2025-06-04T16:13:56.127Z - Established a connection. Number of open connections: 6
[NX v21.1.2 Daemon Server] - 2025-06-04T16:13:56.127Z - Established a connection. Number of open connections: 7
[NX v21.1.2 Daemon Server] - 2025-06-04T16:13:56.127Z - Closed a connection. Number of open connections: 6
[NX v21.1.2 Daemon Server] - 2025-06-04T16:13:56.128Z - [REQUEST]: Client Request for Project Graph Received
[NX v21.1.2 Daemon Server] - 2025-06-04T16:13:56.128Z - [REQUEST]: Responding to the client. project-graph
[NX v21.1.2 Daemon Server] - 2025-06-04T16:13:56.129Z - Time taken for 'total for creating and serializing project graph' 0.40467699989676476ms
[NX v21.1.2 Daemon Server] - 2025-06-04T16:13:56.131Z - Done responding to the client project-graph
[NX v21.1.2 Daemon Server] - 2025-06-04T16:13:56.131Z - Handled REQUEST_PROJECT_GRAPH. Handling time: 0. Response time: 3.
[NX v21.1.2 Daemon Server] - 2025-06-04T16:13:56.135Z - [REQUEST]: Client Request for Project Graph Received
[NX v21.1.2 Daemon Server] - 2025-06-04T16:13:56.136Z - [REQUEST]: Responding to the client. project-graph
[NX v21.1.2 Daemon Server] - 2025-06-04T16:13:56.137Z - Time taken for 'total for creating and serializing project graph' 0.8141079999040812ms
[NX v21.1.2 Daemon Server] - 2025-06-04T16:13:56.139Z - Done responding to the client project-graph
[NX v21.1.2 Daemon Server] - 2025-06-04T16:13:56.139Z - Handled REQUEST_PROJECT_GRAPH. Handling time: 1. Response time: 3.
[NX v21.1.2 Daemon Server] - 2025-06-04T16:13:56.142Z - Established a connection. Number of open connections: 7
[NX v21.1.2 Daemon Server] - 2025-06-04T16:14:15.778Z - [WATCHER]: Processing file changes in outputs
[NX v21.1.2 Daemon Server] - 2025-06-04T16:14:15.780Z - [WATCHER]: apps/second-app/tailwind.config.js was modified
[NX v21.1.2 Daemon Server] - 2025-06-04T16:14:15.780Z - [REQUEST]: Responding to the client. File watch changed
[NX v21.1.2 Daemon Server] - 2025-06-04T16:14:15.780Z - Done responding to the client File watch changed
[NX v21.1.2 Daemon Server] - 2025-06-04T16:14:15.780Z - Handled FILE-WATCH-CHANGED. Handling time: 0. Response time: 0.
[NX v21.1.2 Daemon Server] - 2025-06-04T16:14:15.780Z - Time taken for 'changed-projects' 0.10758400009945035ms
[NX v21.1.2 Daemon Server] - 2025-06-04T16:14:15.881Z - [REQUEST]: Updated workspace context based on watched changes, recomputing project graph...
[NX v21.1.2 Daemon Server] - 2025-06-04T16:14:15.881Z - [REQUEST]: apps/second-app/tailwind.config.js
[NX v21.1.2 Daemon Server] - 2025-06-04T16:14:15.881Z - [REQUEST]: 
[NX v21.1.2 Daemon Server] - 2025-06-04T16:14:15.889Z - [REQUEST]: Responding to the client. handleHashMultiGlob
[NX v21.1.2 Daemon Server] - 2025-06-04T16:14:15.889Z - Done responding to the client handleHashMultiGlob
[NX v21.1.2 Daemon Server] - 2025-06-04T16:14:15.889Z - Handled HASH_GLOB. Handling time: 0. Response time: 0.
[NX v21.1.2 Daemon Server] - 2025-06-04T16:14:15.889Z - Time taken for 'hash changed files from watcher' 0.11427100002765656ms
[NX v21.1.2 Daemon Server] - 2025-06-04T16:14:15.890Z - [REQUEST]: Responding to the client. handleHashGlob
[NX v21.1.2 Daemon Server] - 2025-06-04T16:14:15.890Z - Done responding to the client handleHashGlob
[NX v21.1.2 Daemon Server] - 2025-06-04T16:14:15.890Z - Handled HASH_GLOB. Handling time: 0. Response time: 0.
[NX v21.1.2 Daemon Server] - 2025-06-04T16:14:15.892Z - [REQUEST]: Responding to the client. handleHashMultiGlob
[NX v21.1.2 Daemon Server] - 2025-06-04T16:14:15.892Z - Done responding to the client handleHashMultiGlob
[NX v21.1.2 Daemon Server] - 2025-06-04T16:14:15.892Z - Handled HASH_GLOB. Handling time: 1. Response time: 0.
[NX v21.1.2 Daemon Server] - 2025-06-04T16:14:15.893Z - [REQUEST]: Responding to the client. handleHashGlob
[NX v21.1.2 Daemon Server] - 2025-06-04T16:14:15.893Z - Done responding to the client handleHashGlob
[NX v21.1.2 Daemon Server] - 2025-06-04T16:14:15.893Z - Handled HASH_GLOB. Handling time: 0. Response time: 0.
[NX v21.1.2 Daemon Server] - 2025-06-04T16:14:15.913Z - Time taken for 'build-project-configs' 22.968186000129208ms
[NX v21.1.2 Daemon Server] - 2025-06-04T16:14:15.917Z - Time taken for '@nx/vite/plugin:createDependencies' 6.2740880001802ms
[NX v21.1.2 Daemon Server] - 2025-06-04T16:14:15.917Z - Time taken for '@nx/js/typescript:createDependencies' 7.647966000018641ms
[NX v21.1.2 Daemon Server] - 2025-06-04T16:14:15.949Z - [SYNC]: collect registered sync generators
[NX v21.1.2 Daemon Server] - 2025-06-04T16:14:15.950Z - [SYNC]: project graph hash is the same, not collecting task sync generators
[NX v21.1.2 Daemon Server] - 2025-06-04T16:14:15.950Z - [SYNC]: nx.json hash is the same, not collecting global sync generators
[NX v21.1.2 Daemon Server] - 2025-06-04T16:14:15.950Z - [SYNC]: scheduling: ["@nx/js:typescript-sync"]
[NX v21.1.2 Daemon Server] - 2025-06-04T16:14:15.950Z - Time taken for 'total execution time for createProjectGraph()' 35.188581000082195ms
[NX v21.1.2 Daemon Server] - 2025-06-04T16:14:16.150Z - [SYNC]: running scheduled generator @nx/js:typescript-sync
[NX v21.1.2 Daemon Server] - 2025-06-04T16:14:16.152Z - [REQUEST]: Client Request for Project Graph Received
[NX v21.1.2 Daemon Server] - 2025-06-04T16:14:16.153Z - [REQUEST]: Responding to the client. project-graph
[NX v21.1.2 Daemon Server] - 2025-06-04T16:14:16.154Z - Time taken for 'total for creating and serializing project graph' 0.4579080000985414ms
[NX v21.1.2 Daemon Server] - 2025-06-04T16:14:16.157Z - Done responding to the client project-graph
[NX v21.1.2 Daemon Server] - 2025-06-04T16:14:16.175Z - Handled REQUEST_PROJECT_GRAPH. Handling time: 1. Response time: 22.
[NX v21.1.2 Daemon Server] - 2025-06-04T16:14:16.201Z - [SYNC]: @nx/js:typescript-sync changes: 
[NX v21.1.2 Daemon Server] - 2025-06-04T16:14:16.201Z - Time taken for 'run-sync-generator:@nx/js:typescript-sync' 51.151599999982864ms
[NX v21.1.2 Daemon Server] - 2025-06-04T16:14:16.803Z - Established a connection. Number of open connections: 8
[NX v21.1.2 Daemon Server] - 2025-06-04T16:14:16.806Z - [REQUEST]: Client Request for Project Graph Received
[NX v21.1.2 Daemon Server] - 2025-06-04T16:14:16.807Z - [REQUEST]: Responding to the client. project-graph
[NX v21.1.2 Daemon Server] - 2025-06-04T16:14:16.809Z - Time taken for 'total for creating and serializing project graph' 0.8918579998426139ms
[NX v21.1.2 Daemon Server] - 2025-06-04T16:14:16.809Z - Closed a connection. Number of open connections: 7
[NX v21.1.2 Daemon Server] - 2025-06-04T16:14:16.817Z - Done responding to the client project-graph
[NX v21.1.2 Daemon Server] - 2025-06-04T16:14:16.817Z - Handled REQUEST_PROJECT_GRAPH. Handling time: 0. Response time: 11.
[NX v21.1.2 Daemon Server] - 2025-06-04T16:14:16.829Z - [REQUEST]: Responding to the client. handleContextFileData
[NX v21.1.2 Daemon Server] - 2025-06-04T16:14:16.829Z - Done responding to the client handleContextFileData
[NX v21.1.2 Daemon Server] - 2025-06-04T16:14:16.829Z - Handled GET_CONTEXT_FILE_DATA. Handling time: 1. Response time: 0.
[NX v21.1.2 Daemon Server] - 2025-06-04T16:14:16.833Z - Closed a connection. Number of open connections: 6
[NX v21.1.2 Daemon Server] - 2025-06-04T16:14:16.905Z - Closed a connection. Number of open connections: 5
[NX v21.1.2 Daemon Server] - 2025-06-04T16:14:16.906Z - Established a connection. Number of open connections: 6
[NX v21.1.2 Daemon Server] - 2025-06-04T16:14:16.906Z - Established a connection. Number of open connections: 7
[NX v21.1.2 Daemon Server] - 2025-06-04T16:14:16.907Z - Closed a connection. Number of open connections: 6
[NX v21.1.2 Daemon Server] - 2025-06-04T16:14:16.907Z - [REQUEST]: Client Request for Project Graph Received
[NX v21.1.2 Daemon Server] - 2025-06-04T16:14:16.907Z - [REQUEST]: Responding to the client. project-graph
[NX v21.1.2 Daemon Server] - 2025-06-04T16:14:16.908Z - Time taken for 'total for creating and serializing project graph' 0.2520600000862032ms
[NX v21.1.2 Daemon Server] - 2025-06-04T16:14:16.914Z - Done responding to the client project-graph
[NX v21.1.2 Daemon Server] - 2025-06-04T16:14:16.915Z - Handled REQUEST_PROJECT_GRAPH. Handling time: 0. Response time: 8.
[NX v21.1.2 Daemon Server] - 2025-06-04T16:14:16.919Z - [REQUEST]: Client Request for Project Graph Received
[NX v21.1.2 Daemon Server] - 2025-06-04T16:14:16.920Z - [REQUEST]: Responding to the client. project-graph
[NX v21.1.2 Daemon Server] - 2025-06-04T16:14:16.921Z - Time taken for 'total for creating and serializing project graph' 0.8610739998985082ms
[NX v21.1.2 Daemon Server] - 2025-06-04T16:14:16.927Z - Done responding to the client project-graph
[NX v21.1.2 Daemon Server] - 2025-06-04T16:14:16.927Z - Handled REQUEST_PROJECT_GRAPH. Handling time: 1. Response time: 7.
[NX v21.1.2 Daemon Server] - 2025-06-04T16:14:16.931Z - Established a connection. Number of open connections: 7
[NX v21.1.2 Daemon Server] - 2025-06-04T16:14:20.120Z - [REQUEST]: Responding to the client. handleRecordTaskRuns
[NX v21.1.2 Daemon Server] - 2025-06-04T16:14:20.121Z - Done responding to the client handleRecordTaskRuns
[NX v21.1.2 Daemon Server] - 2025-06-04T16:14:20.121Z - Handled RECORD_TASK_RUNS. Handling time: 0. Response time: 1.
[NX v21.1.2 Daemon Server] - 2025-06-04T16:14:20.122Z - [REQUEST]: Responding to the client. handleGetFlakyTasks
[NX v21.1.2 Daemon Server] - 2025-06-04T16:14:20.122Z - Done responding to the client handleGetFlakyTasks
[NX v21.1.2 Daemon Server] - 2025-06-04T16:14:20.122Z - Handled GET_FLAKY_TASKS. Handling time: 1. Response time: 0.
[NX v21.1.2 Daemon Server] - 2025-06-04T16:14:20.255Z - [REQUEST]: Responding to the client. handleRunPostTasksExecution
[NX v21.1.2 Daemon Server] - 2025-06-04T16:14:20.255Z - Done responding to the client handleRunPostTasksExecution
[NX v21.1.2 Daemon Server] - 2025-06-04T16:14:20.255Z - Handled POST_TASKS_EXECUTION. Handling time: 0. Response time: 0.
[NX v21.1.2 Daemon Server] - 2025-06-04T16:14:20.255Z - Time taken for 'postTasksExecution' 0.1473499999847263ms
[NX v21.1.2 Daemon Server] - 2025-06-04T16:14:20.265Z - Closed a connection. Number of open connections: 6
[NX v21.1.2 Daemon Server] - 2025-06-04T16:14:28.657Z - Established a connection. Number of open connections: 7
[NX v21.1.2 Daemon Server] - 2025-06-04T16:14:28.659Z - Closed a connection. Number of open connections: 6
[NX v21.1.2 Daemon Server] - 2025-06-04T16:14:28.660Z - Established a connection. Number of open connections: 7
[NX v21.1.2 Daemon Server] - 2025-06-04T16:14:28.662Z - [REQUEST]: Client Request for Project Graph Received
[NX v21.1.2 Daemon Server] - 2025-06-04T16:14:28.662Z - [REQUEST]: Responding to the client. project-graph
[NX v21.1.2 Daemon Server] - 2025-06-04T16:14:28.663Z - Time taken for 'total for creating and serializing project graph' 0.3462460001464933ms
[NX v21.1.2 Daemon Server] - 2025-06-04T16:14:28.667Z - Done responding to the client project-graph
[NX v21.1.2 Daemon Server] - 2025-06-04T16:14:28.667Z - Handled REQUEST_PROJECT_GRAPH. Handling time: 0. Response time: 5.
[NX v21.1.2 Daemon Server] - 2025-06-04T16:14:28.673Z - [REQUEST]: Responding to the client. handleRunPreTasksExecution
[NX v21.1.2 Daemon Server] - 2025-06-04T16:14:28.673Z - Done responding to the client handleRunPreTasksExecution
[NX v21.1.2 Daemon Server] - 2025-06-04T16:14:28.673Z - Handled PRE_TASKS_EXECUTION. Handling time: 0. Response time: 0.
[NX v21.1.2 Daemon Server] - 2025-06-04T16:14:28.673Z - Time taken for 'preTasksExecution' 0.12942599994130433ms
[NX v21.1.2 Daemon Server] - 2025-06-04T16:14:28.676Z - [SYNC]: get sync generators changes on demand ["@nx/js:typescript-sync"]
[NX v21.1.2 Daemon Server] - 2025-06-04T16:14:28.676Z - [SYNC]: @nx/js:typescript-sync not scheduled and has cached result, returning cached result
[NX v21.1.2 Daemon Server] - 2025-06-04T16:14:28.676Z - [REQUEST]: Responding to the client. handleGetSyncGeneratorChanges
[NX v21.1.2 Daemon Server] - 2025-06-04T16:14:28.676Z - Done responding to the client handleGetSyncGeneratorChanges
[NX v21.1.2 Daemon Server] - 2025-06-04T16:14:28.676Z - Handled GET_SYNC_GENERATOR_CHANGES. Handling time: 0. Response time: 0.
[NX v21.1.2 Daemon Server] - 2025-06-04T16:14:28.751Z - [REQUEST]: Responding to the client. handleHashTasks
[NX v21.1.2 Daemon Server] - 2025-06-04T16:14:28.752Z - Done responding to the client handleHashTasks
[NX v21.1.2 Daemon Server] - 2025-06-04T16:14:28.752Z - Handled HASH_TASKS. Handling time: 15. Response time: 1.
[NX v21.1.2 Daemon Server] - 2025-06-04T16:14:28.818Z - [REQUEST]: Responding to the client. handleGetEstimatedTaskTimings
[NX v21.1.2 Daemon Server] - 2025-06-04T16:14:28.818Z - Done responding to the client handleGetEstimatedTaskTimings
[NX v21.1.2 Daemon Server] - 2025-06-04T16:14:28.818Z - Handled GET_ESTIMATED_TASK_TIMINGS. Handling time: 1. Response time: 0.
[NX v21.1.2 Daemon Server] - 2025-06-04T16:14:56.577Z - [WATCHER]: apps/second-app/tailwind.config.js was modified
[NX v21.1.2 Daemon Server] - 2025-06-04T16:14:56.577Z - [REQUEST]: Responding to the client. File watch changed
[NX v21.1.2 Daemon Server] - 2025-06-04T16:14:56.577Z - Done responding to the client File watch changed
[NX v21.1.2 Daemon Server] - 2025-06-04T16:14:56.577Z - Handled FILE-WATCH-CHANGED. Handling time: 0. Response time: 0.
[NX v21.1.2 Daemon Server] - 2025-06-04T16:14:56.577Z - [WATCHER]: Processing file changes in outputs
[NX v21.1.2 Daemon Server] - 2025-06-04T16:14:56.578Z - Time taken for 'changed-projects' 0.08633699989877641ms
[NX v21.1.2 Daemon Server] - 2025-06-04T16:14:56.677Z - [REQUEST]: Updated workspace context based on watched changes, recomputing project graph...
[NX v21.1.2 Daemon Server] - 2025-06-04T16:14:56.677Z - [REQUEST]: apps/second-app/tailwind.config.js
[NX v21.1.2 Daemon Server] - 2025-06-04T16:14:56.677Z - [REQUEST]: 
[NX v21.1.2 Daemon Server] - 2025-06-04T16:14:56.688Z - [REQUEST]: Responding to the client. handleHashMultiGlob
[NX v21.1.2 Daemon Server] - 2025-06-04T16:14:56.688Z - Done responding to the client handleHashMultiGlob
[NX v21.1.2 Daemon Server] - 2025-06-04T16:14:56.688Z - Handled HASH_GLOB. Handling time: 1. Response time: 0.
[NX v21.1.2 Daemon Server] - 2025-06-04T16:14:56.688Z - Time taken for 'hash changed files from watcher' 0.20480299997143447ms
[NX v21.1.2 Daemon Server] - 2025-06-04T16:14:56.690Z - [REQUEST]: Responding to the client. handleHashGlob
[NX v21.1.2 Daemon Server] - 2025-06-04T16:14:56.690Z - Done responding to the client handleHashGlob
[NX v21.1.2 Daemon Server] - 2025-06-04T16:14:56.690Z - Handled HASH_GLOB. Handling time: 1. Response time: 0.
[NX v21.1.2 Daemon Server] - 2025-06-04T16:14:56.692Z - [REQUEST]: Responding to the client. handleHashGlob
[NX v21.1.2 Daemon Server] - 2025-06-04T16:14:56.692Z - Done responding to the client handleHashGlob
[NX v21.1.2 Daemon Server] - 2025-06-04T16:14:56.692Z - Handled HASH_GLOB. Handling time: 1. Response time: 0.
[NX v21.1.2 Daemon Server] - 2025-06-04T16:14:56.694Z - [REQUEST]: Responding to the client. handleHashMultiGlob
[NX v21.1.2 Daemon Server] - 2025-06-04T16:14:56.694Z - Done responding to the client handleHashMultiGlob
[NX v21.1.2 Daemon Server] - 2025-06-04T16:14:56.694Z - Handled HASH_GLOB. Handling time: 2. Response time: 0.
[NX v21.1.2 Daemon Server] - 2025-06-04T16:14:56.717Z - Time taken for 'build-project-configs' 29.763203999958932ms
[NX v21.1.2 Daemon Server] - 2025-06-04T16:14:56.721Z - Time taken for '@nx/js/typescript:createDependencies' 8.086230000015348ms
[NX v21.1.2 Daemon Server] - 2025-06-04T16:14:56.743Z - [SYNC]: collect registered sync generators
[NX v21.1.2 Daemon Server] - 2025-06-04T16:14:56.743Z - [SYNC]: project graph hash is the same, not collecting task sync generators
[NX v21.1.2 Daemon Server] - 2025-06-04T16:14:56.743Z - [SYNC]: nx.json hash is the same, not collecting global sync generators
[NX v21.1.2 Daemon Server] - 2025-06-04T16:14:56.743Z - [SYNC]: scheduling: ["@nx/js:typescript-sync"]
[NX v21.1.2 Daemon Server] - 2025-06-04T16:14:56.743Z - Time taken for 'total execution time for createProjectGraph()' 24.011643999954686ms
[NX v21.1.2 Daemon Server] - 2025-06-04T16:14:56.843Z - [SYNC]: running scheduled generator @nx/js:typescript-sync
[NX v21.1.2 Daemon Server] - 2025-06-04T16:14:56.845Z - [REQUEST]: Client Request for Project Graph Received
[NX v21.1.2 Daemon Server] - 2025-06-04T16:14:56.845Z - [REQUEST]: Responding to the client. project-graph
[NX v21.1.2 Daemon Server] - 2025-06-04T16:14:56.846Z - Time taken for 'total for creating and serializing project graph' 0.1955180000513792ms
[NX v21.1.2 Daemon Server] - 2025-06-04T16:14:56.847Z - Done responding to the client project-graph
[NX v21.1.2 Daemon Server] - 2025-06-04T16:14:56.847Z - Handled REQUEST_PROJECT_GRAPH. Handling time: 0. Response time: 2.
[NX v21.1.2 Daemon Server] - 2025-06-04T16:14:56.867Z - [SYNC]: @nx/js:typescript-sync changes: 
[NX v21.1.2 Daemon Server] - 2025-06-04T16:14:56.867Z - Time taken for 'run-sync-generator:@nx/js:typescript-sync' 24.255329999839887ms
[NX v21.1.2 Daemon Server] - 2025-06-04T16:14:57.583Z - Established a connection. Number of open connections: 8
[NX v21.1.2 Daemon Server] - 2025-06-04T16:14:57.585Z - [REQUEST]: Client Request for Project Graph Received
[NX v21.1.2 Daemon Server] - 2025-06-04T16:14:57.585Z - [REQUEST]: Responding to the client. project-graph
[NX v21.1.2 Daemon Server] - 2025-06-04T16:14:57.586Z - Time taken for 'total for creating and serializing project graph' 0.3410360000561923ms
[NX v21.1.2 Daemon Server] - 2025-06-04T16:14:57.586Z - Closed a connection. Number of open connections: 7
[NX v21.1.2 Daemon Server] - 2025-06-04T16:14:57.590Z - Done responding to the client project-graph
[NX v21.1.2 Daemon Server] - 2025-06-04T16:14:57.590Z - Handled REQUEST_PROJECT_GRAPH. Handling time: 0. Response time: 5.
[NX v21.1.2 Daemon Server] - 2025-06-04T16:14:57.598Z - [REQUEST]: Responding to the client. handleContextFileData
[NX v21.1.2 Daemon Server] - 2025-06-04T16:14:57.599Z - Done responding to the client handleContextFileData
[NX v21.1.2 Daemon Server] - 2025-06-04T16:14:57.599Z - Handled GET_CONTEXT_FILE_DATA. Handling time: 0. Response time: 1.
[NX v21.1.2 Daemon Server] - 2025-06-04T16:14:57.600Z - Closed a connection. Number of open connections: 6
[NX v21.1.2 Daemon Server] - 2025-06-04T16:14:57.701Z - Closed a connection. Number of open connections: 5
[NX v21.1.2 Daemon Server] - 2025-06-04T16:14:57.704Z - Established a connection. Number of open connections: 6
[NX v21.1.2 Daemon Server] - 2025-06-04T16:14:57.704Z - Established a connection. Number of open connections: 7
[NX v21.1.2 Daemon Server] - 2025-06-04T16:14:57.705Z - Closed a connection. Number of open connections: 6
[NX v21.1.2 Daemon Server] - 2025-06-04T16:14:57.708Z - [REQUEST]: Client Request for Project Graph Received
[NX v21.1.2 Daemon Server] - 2025-06-04T16:14:57.710Z - [REQUEST]: Responding to the client. project-graph
[NX v21.1.2 Daemon Server] - 2025-06-04T16:14:57.711Z - Time taken for 'total for creating and serializing project graph' 2.0940989998634905ms
[NX v21.1.2 Daemon Server] - 2025-06-04T16:14:57.718Z - Done responding to the client project-graph
[NX v21.1.2 Daemon Server] - 2025-06-04T16:14:57.718Z - Handled REQUEST_PROJECT_GRAPH. Handling time: 2. Response time: 8.
[NX v21.1.2 Daemon Server] - 2025-06-04T16:14:57.725Z - [REQUEST]: Client Request for Project Graph Received
[NX v21.1.2 Daemon Server] - 2025-06-04T16:14:57.725Z - [REQUEST]: Responding to the client. project-graph
[NX v21.1.2 Daemon Server] - 2025-06-04T16:14:57.726Z - Time taken for 'total for creating and serializing project graph' 0.5016009998507798ms
[NX v21.1.2 Daemon Server] - 2025-06-04T16:14:57.729Z - Done responding to the client project-graph
[NX v21.1.2 Daemon Server] - 2025-06-04T16:14:57.729Z - Handled REQUEST_PROJECT_GRAPH. Handling time: 0. Response time: 4.
[NX v21.1.2 Daemon Server] - 2025-06-04T16:14:57.734Z - Established a connection. Number of open connections: 7
[NX v21.1.2 Daemon Server] - 2025-06-04T16:15:19.592Z - [WATCHER]: apps/second-app/tailwind.config.js was modified
[NX v21.1.2 Daemon Server] - 2025-06-04T16:15:19.593Z - [REQUEST]: Responding to the client. File watch changed
[NX v21.1.2 Daemon Server] - 2025-06-04T16:15:19.593Z - Done responding to the client File watch changed
[NX v21.1.2 Daemon Server] - 2025-06-04T16:15:19.593Z - Handled FILE-WATCH-CHANGED. Handling time: 0. Response time: 0.
[NX v21.1.2 Daemon Server] - 2025-06-04T16:15:19.593Z - [WATCHER]: Processing file changes in outputs
[NX v21.1.2 Daemon Server] - 2025-06-04T16:15:19.593Z - Time taken for 'changed-projects' 0.09572399989701807ms
[NX v21.1.2 Daemon Server] - 2025-06-04T16:15:19.693Z - [REQUEST]: Updated workspace context based on watched changes, recomputing project graph...
[NX v21.1.2 Daemon Server] - 2025-06-04T16:15:19.693Z - [REQUEST]: apps/second-app/tailwind.config.js
[NX v21.1.2 Daemon Server] - 2025-06-04T16:15:19.693Z - [REQUEST]: 
[NX v21.1.2 Daemon Server] - 2025-06-04T16:15:19.699Z - Time taken for 'hash changed files from watcher' 0.1261840001679957ms
[NX v21.1.2 Daemon Server] - 2025-06-04T16:15:19.701Z - [REQUEST]: Responding to the client. handleHashGlob
[NX v21.1.2 Daemon Server] - 2025-06-04T16:15:19.701Z - Done responding to the client handleHashGlob
[NX v21.1.2 Daemon Server] - 2025-06-04T16:15:19.701Z - Handled HASH_GLOB. Handling time: 1. Response time: 0.
[NX v21.1.2 Daemon Server] - 2025-06-04T16:15:19.702Z - [REQUEST]: Responding to the client. handleHashMultiGlob
[NX v21.1.2 Daemon Server] - 2025-06-04T16:15:19.702Z - Done responding to the client handleHashMultiGlob
[NX v21.1.2 Daemon Server] - 2025-06-04T16:15:19.702Z - Handled HASH_GLOB. Handling time: 1. Response time: 0.
[NX v21.1.2 Daemon Server] - 2025-06-04T16:15:19.703Z - [REQUEST]: Responding to the client. handleHashGlob
[NX v21.1.2 Daemon Server] - 2025-06-04T16:15:19.703Z - Done responding to the client handleHashGlob
[NX v21.1.2 Daemon Server] - 2025-06-04T16:15:19.703Z - Handled HASH_GLOB. Handling time: 1. Response time: 0.
[NX v21.1.2 Daemon Server] - 2025-06-04T16:15:19.705Z - [REQUEST]: Responding to the client. handleHashMultiGlob
[NX v21.1.2 Daemon Server] - 2025-06-04T16:15:19.705Z - Done responding to the client handleHashMultiGlob
[NX v21.1.2 Daemon Server] - 2025-06-04T16:15:19.705Z - Handled HASH_GLOB. Handling time: 2. Response time: 0.
[NX v21.1.2 Daemon Server] - 2025-06-04T16:15:19.726Z - Time taken for 'build-project-configs' 22.922469000099227ms
[NX v21.1.2 Daemon Server] - 2025-06-04T16:15:19.730Z - Time taken for '@nx/js/typescript:createDependencies' 9.028301999904215ms
[NX v21.1.2 Daemon Server] - 2025-06-04T16:15:19.730Z - Time taken for '@nx/vite/plugin:createDependencies' 7.131952999858186ms
[NX v21.1.2 Daemon Server] - 2025-06-04T16:15:19.752Z - [SYNC]: collect registered sync generators
[NX v21.1.2 Daemon Server] - 2025-06-04T16:15:19.753Z - [SYNC]: project graph hash is the same, not collecting task sync generators
[NX v21.1.2 Daemon Server] - 2025-06-04T16:15:19.753Z - [SYNC]: nx.json hash is the same, not collecting global sync generators
[NX v21.1.2 Daemon Server] - 2025-06-04T16:15:19.753Z - [SYNC]: scheduling: ["@nx/js:typescript-sync"]
[NX v21.1.2 Daemon Server] - 2025-06-04T16:15:19.753Z - Time taken for 'total execution time for createProjectGraph()' 25.566306999884546ms
[NX v21.1.2 Daemon Server] - 2025-06-04T16:15:19.953Z - [SYNC]: running scheduled generator @nx/js:typescript-sync
[NX v21.1.2 Daemon Server] - 2025-06-04T16:15:19.954Z - [REQUEST]: Client Request for Project Graph Received
[NX v21.1.2 Daemon Server] - 2025-06-04T16:15:19.955Z - [REQUEST]: Responding to the client. project-graph
[NX v21.1.2 Daemon Server] - 2025-06-04T16:15:19.955Z - Time taken for 'total for creating and serializing project graph' 0.20331700006499887ms
[NX v21.1.2 Daemon Server] - 2025-06-04T16:15:19.956Z - Done responding to the client project-graph
[NX v21.1.2 Daemon Server] - 2025-06-04T16:15:19.957Z - Handled REQUEST_PROJECT_GRAPH. Handling time: 1. Response time: 2.
[NX v21.1.2 Daemon Server] - 2025-06-04T16:15:19.991Z - [SYNC]: @nx/js:typescript-sync changes: 
[NX v21.1.2 Daemon Server] - 2025-06-04T16:15:19.991Z - Time taken for 'run-sync-generator:@nx/js:typescript-sync' 37.61622999981046ms
[NX v21.1.2 Daemon Server] - 2025-06-04T16:15:20.605Z - Established a connection. Number of open connections: 8
[NX v21.1.2 Daemon Server] - 2025-06-04T16:15:20.605Z - [REQUEST]: Client Request for Project Graph Received
[NX v21.1.2 Daemon Server] - 2025-06-04T16:15:20.606Z - [REQUEST]: Responding to the client. project-graph
[NX v21.1.2 Daemon Server] - 2025-06-04T16:15:20.607Z - Time taken for 'total for creating and serializing project graph' 0.3929630001075566ms
[NX v21.1.2 Daemon Server] - 2025-06-04T16:15:20.608Z - Closed a connection. Number of open connections: 7
[NX v21.1.2 Daemon Server] - 2025-06-04T16:15:20.612Z - Done responding to the client project-graph
[NX v21.1.2 Daemon Server] - 2025-06-04T16:15:20.612Z - Handled REQUEST_PROJECT_GRAPH. Handling time: 1. Response time: 6.
[NX v21.1.2 Daemon Server] - 2025-06-04T16:15:20.620Z - [REQUEST]: Responding to the client. handleContextFileData
[NX v21.1.2 Daemon Server] - 2025-06-04T16:15:20.621Z - Done responding to the client handleContextFileData
[NX v21.1.2 Daemon Server] - 2025-06-04T16:15:20.621Z - Handled GET_CONTEXT_FILE_DATA. Handling time: 0. Response time: 1.
[NX v21.1.2 Daemon Server] - 2025-06-04T16:15:20.622Z - Closed a connection. Number of open connections: 6
[NX v21.1.2 Daemon Server] - 2025-06-04T16:15:20.726Z - Closed a connection. Number of open connections: 5
[NX v21.1.2 Daemon Server] - 2025-06-04T16:15:20.728Z - Established a connection. Number of open connections: 6
[NX v21.1.2 Daemon Server] - 2025-06-04T16:15:20.728Z - Established a connection. Number of open connections: 7
[NX v21.1.2 Daemon Server] - 2025-06-04T16:15:20.728Z - Closed a connection. Number of open connections: 6
[NX v21.1.2 Daemon Server] - 2025-06-04T16:15:20.729Z - [REQUEST]: Client Request for Project Graph Received
[NX v21.1.2 Daemon Server] - 2025-06-04T16:15:20.729Z - [REQUEST]: Responding to the client. project-graph
[NX v21.1.2 Daemon Server] - 2025-06-04T16:15:20.729Z - Time taken for 'total for creating and serializing project graph' 0.2288180000614375ms
[NX v21.1.2 Daemon Server] - 2025-06-04T16:15:20.731Z - Done responding to the client project-graph
[NX v21.1.2 Daemon Server] - 2025-06-04T16:15:20.732Z - Handled REQUEST_PROJECT_GRAPH. Handling time: 0. Response time: 3.
[NX v21.1.2 Daemon Server] - 2025-06-04T16:15:20.735Z - [REQUEST]: Client Request for Project Graph Received
[NX v21.1.2 Daemon Server] - 2025-06-04T16:15:20.736Z - [REQUEST]: Responding to the client. project-graph
[NX v21.1.2 Daemon Server] - 2025-06-04T16:15:20.736Z - Time taken for 'total for creating and serializing project graph' 0.30789100006222725ms
[NX v21.1.2 Daemon Server] - 2025-06-04T16:15:20.738Z - Done responding to the client project-graph
[NX v21.1.2 Daemon Server] - 2025-06-04T16:15:20.738Z - Handled REQUEST_PROJECT_GRAPH. Handling time: 1. Response time: 2.
[NX v21.1.2 Daemon Server] - 2025-06-04T16:15:20.741Z - Established a connection. Number of open connections: 7
[NX v21.1.2 Daemon Server] - 2025-06-04T16:15:26.325Z - [WATCHER]: apps/first-app/tailwind.config.js was modified
[NX v21.1.2 Daemon Server] - 2025-06-04T16:15:26.325Z - [REQUEST]: Responding to the client. File watch changed
[NX v21.1.2 Daemon Server] - 2025-06-04T16:15:26.326Z - Done responding to the client File watch changed
[NX v21.1.2 Daemon Server] - 2025-06-04T16:15:26.326Z - Handled FILE-WATCH-CHANGED. Handling time: 0. Response time: 1.
[NX v21.1.2 Daemon Server] - 2025-06-04T16:15:26.326Z - [WATCHER]: Processing file changes in outputs
[NX v21.1.2 Daemon Server] - 2025-06-04T16:15:26.326Z - Time taken for 'changed-projects' 0.0538119999691844ms
[NX v21.1.2 Daemon Server] - 2025-06-04T16:15:26.426Z - [REQUEST]: Updated workspace context based on watched changes, recomputing project graph...
[NX v21.1.2 Daemon Server] - 2025-06-04T16:15:26.426Z - [REQUEST]: apps/first-app/tailwind.config.js
[NX v21.1.2 Daemon Server] - 2025-06-04T16:15:26.426Z - [REQUEST]: 
[NX v21.1.2 Daemon Server] - 2025-06-04T16:15:26.435Z - [REQUEST]: Responding to the client. handleHashMultiGlob
[NX v21.1.2 Daemon Server] - 2025-06-04T16:15:26.435Z - Done responding to the client handleHashMultiGlob
[NX v21.1.2 Daemon Server] - 2025-06-04T16:15:26.435Z - Handled HASH_GLOB. Handling time: 0. Response time: 0.
[NX v21.1.2 Daemon Server] - 2025-06-04T16:15:26.436Z - [REQUEST]: Responding to the client. handleHashGlob
[NX v21.1.2 Daemon Server] - 2025-06-04T16:15:26.436Z - Done responding to the client handleHashGlob
[NX v21.1.2 Daemon Server] - 2025-06-04T16:15:26.437Z - Handled HASH_GLOB. Handling time: 0. Response time: 1.
[NX v21.1.2 Daemon Server] - 2025-06-04T16:15:26.437Z - Time taken for 'hash changed files from watcher' 0.1272589999716729ms
[NX v21.1.2 Daemon Server] - 2025-06-04T16:15:26.439Z - [REQUEST]: Responding to the client. handleHashMultiGlob
[NX v21.1.2 Daemon Server] - 2025-06-04T16:15:26.439Z - Done responding to the client handleHashMultiGlob
[NX v21.1.2 Daemon Server] - 2025-06-04T16:15:26.439Z - Handled HASH_GLOB. Handling time: 2. Response time: 0.
[NX v21.1.2 Daemon Server] - 2025-06-04T16:15:26.440Z - [REQUEST]: Responding to the client. handleHashGlob
[NX v21.1.2 Daemon Server] - 2025-06-04T16:15:26.440Z - Done responding to the client handleHashGlob
[NX v21.1.2 Daemon Server] - 2025-06-04T16:15:26.440Z - Handled HASH_GLOB. Handling time: 1. Response time: 0.
[NX v21.1.2 Daemon Server] - 2025-06-04T16:15:26.463Z - Time taken for 'build-project-configs' 27.68421999993734ms
[NX v21.1.2 Daemon Server] - 2025-06-04T16:15:26.468Z - Time taken for '@nx/vite/plugin:createDependencies' 8.272607000079006ms
[NX v21.1.2 Daemon Server] - 2025-06-04T16:15:26.469Z - Time taken for '@nx/js/typescript:createDependencies' 9.95449999999255ms
[NX v21.1.2 Daemon Server] - 2025-06-04T16:15:26.502Z - [SYNC]: collect registered sync generators
[NX v21.1.2 Daemon Server] - 2025-06-04T16:15:26.503Z - [SYNC]: project graph hash is the same, not collecting task sync generators
[NX v21.1.2 Daemon Server] - 2025-06-04T16:15:26.503Z - [SYNC]: nx.json hash is the same, not collecting global sync generators
[NX v21.1.2 Daemon Server] - 2025-06-04T16:15:26.503Z - [SYNC]: scheduling: ["@nx/js:typescript-sync"]
[NX v21.1.2 Daemon Server] - 2025-06-04T16:15:26.503Z - Time taken for 'total execution time for createProjectGraph()' 34.567786999978125ms
[NX v21.1.2 Daemon Server] - 2025-06-04T16:15:26.903Z - [SYNC]: running scheduled generator @nx/js:typescript-sync
[NX v21.1.2 Daemon Server] - 2025-06-04T16:15:26.904Z - [REQUEST]: Client Request for Project Graph Received
[NX v21.1.2 Daemon Server] - 2025-06-04T16:15:26.905Z - [REQUEST]: Responding to the client. project-graph
[NX v21.1.2 Daemon Server] - 2025-06-04T16:15:26.905Z - Time taken for 'total for creating and serializing project graph' 0.21435500006191432ms
[NX v21.1.2 Daemon Server] - 2025-06-04T16:15:26.906Z - Done responding to the client project-graph
[NX v21.1.2 Daemon Server] - 2025-06-04T16:15:26.906Z - Handled REQUEST_PROJECT_GRAPH. Handling time: 1. Response time: 1.
[NX v21.1.2 Daemon Server] - 2025-06-04T16:15:26.918Z - [SYNC]: @nx/js:typescript-sync changes: 
[NX v21.1.2 Daemon Server] - 2025-06-04T16:15:26.918Z - Time taken for 'run-sync-generator:@nx/js:typescript-sync' 14.771169999847189ms
[NX v21.1.2 Daemon Server] - 2025-06-04T16:15:27.328Z - Established a connection. Number of open connections: 8
[NX v21.1.2 Daemon Server] - 2025-06-04T16:15:27.329Z - [REQUEST]: Client Request for Project Graph Received
[NX v21.1.2 Daemon Server] - 2025-06-04T16:15:27.329Z - [REQUEST]: Responding to the client. project-graph
[NX v21.1.2 Daemon Server] - 2025-06-04T16:15:27.330Z - Time taken for 'total for creating and serializing project graph' 0.32119300006888807ms
[NX v21.1.2 Daemon Server] - 2025-06-04T16:15:27.330Z - Closed a connection. Number of open connections: 7
[NX v21.1.2 Daemon Server] - 2025-06-04T16:15:27.331Z - Done responding to the client project-graph
[NX v21.1.2 Daemon Server] - 2025-06-04T16:15:27.331Z - Handled REQUEST_PROJECT_GRAPH. Handling time: 0. Response time: 2.
[NX v21.1.2 Daemon Server] - 2025-06-04T16:15:27.334Z - [REQUEST]: Responding to the client. handleContextFileData
[NX v21.1.2 Daemon Server] - 2025-06-04T16:15:27.334Z - Done responding to the client handleContextFileData
[NX v21.1.2 Daemon Server] - 2025-06-04T16:15:27.334Z - Handled GET_CONTEXT_FILE_DATA. Handling time: 0. Response time: 0.
[NX v21.1.2 Daemon Server] - 2025-06-04T16:15:27.335Z - Closed a connection. Number of open connections: 6
[NX v21.1.2 Daemon Server] - 2025-06-04T16:15:27.375Z - Closed a connection. Number of open connections: 5
[NX v21.1.2 Daemon Server] - 2025-06-04T16:15:27.376Z - Established a connection. Number of open connections: 6
[NX v21.1.2 Daemon Server] - 2025-06-04T16:15:27.376Z - Established a connection. Number of open connections: 7
[NX v21.1.2 Daemon Server] - 2025-06-04T16:15:27.376Z - Closed a connection. Number of open connections: 6
[NX v21.1.2 Daemon Server] - 2025-06-04T16:15:27.377Z - [REQUEST]: Client Request for Project Graph Received
[NX v21.1.2 Daemon Server] - 2025-06-04T16:15:27.377Z - [REQUEST]: Responding to the client. project-graph
[NX v21.1.2 Daemon Server] - 2025-06-04T16:15:27.377Z - Time taken for 'total for creating and serializing project graph' 0.3099190001375973ms
[NX v21.1.2 Daemon Server] - 2025-06-04T16:15:27.384Z - Done responding to the client project-graph
[NX v21.1.2 Daemon Server] - 2025-06-04T16:15:27.384Z - Handled REQUEST_PROJECT_GRAPH. Handling time: 0. Response time: 7.
[NX v21.1.2 Daemon Server] - 2025-06-04T16:15:27.387Z - [REQUEST]: Client Request for Project Graph Received
[NX v21.1.2 Daemon Server] - 2025-06-04T16:15:27.387Z - [REQUEST]: Responding to the client. project-graph
[NX v21.1.2 Daemon Server] - 2025-06-04T16:15:27.388Z - Time taken for 'total for creating and serializing project graph' 0.27246599993668497ms
[NX v21.1.2 Daemon Server] - 2025-06-04T16:15:27.389Z - Done responding to the client project-graph
[NX v21.1.2 Daemon Server] - 2025-06-04T16:15:27.389Z - Handled REQUEST_PROJECT_GRAPH. Handling time: 0. Response time: 2.
[NX v21.1.2 Daemon Server] - 2025-06-04T16:15:27.392Z - Established a connection. Number of open connections: 7
[NX v21.1.2 Daemon Server] - 2025-06-04T16:15:52.382Z - Established a connection. Number of open connections: 8
[NX v21.1.2 Daemon Server] - 2025-06-04T16:15:52.383Z - Closed a connection. Number of open connections: 7
[NX v21.1.2 Daemon Server] - 2025-06-04T16:15:52.384Z - Established a connection. Number of open connections: 8
[NX v21.1.2 Daemon Server] - 2025-06-04T16:15:52.386Z - [REQUEST]: Client Request for Project Graph Received
[NX v21.1.2 Daemon Server] - 2025-06-04T16:15:52.386Z - [REQUEST]: Responding to the client. project-graph
[NX v21.1.2 Daemon Server] - 2025-06-04T16:15:52.386Z - Time taken for 'total for creating and serializing project graph' 0.24795800005085766ms
[NX v21.1.2 Daemon Server] - 2025-06-04T16:15:52.389Z - Done responding to the client project-graph
[NX v21.1.2 Daemon Server] - 2025-06-04T16:15:52.389Z - Handled REQUEST_PROJECT_GRAPH. Handling time: 1. Response time: 3.
[NX v21.1.2 Daemon Server] - 2025-06-04T16:15:52.398Z - [REQUEST]: Responding to the client. handleRunPreTasksExecution
[NX v21.1.2 Daemon Server] - 2025-06-04T16:15:52.398Z - Done responding to the client handleRunPreTasksExecution
[NX v21.1.2 Daemon Server] - 2025-06-04T16:15:52.398Z - Handled PRE_TASKS_EXECUTION. Handling time: 0. Response time: 0.
[NX v21.1.2 Daemon Server] - 2025-06-04T16:15:52.398Z - Time taken for 'preTasksExecution' 0.16802499978803098ms
[NX v21.1.2 Daemon Server] - 2025-06-04T16:15:52.401Z - [SYNC]: get sync generators changes on demand ["@nx/js:typescript-sync"]
[NX v21.1.2 Daemon Server] - 2025-06-04T16:15:52.401Z - [SYNC]: @nx/js:typescript-sync not scheduled and has cached result, returning cached result
[NX v21.1.2 Daemon Server] - 2025-06-04T16:15:52.401Z - [REQUEST]: Responding to the client. handleGetSyncGeneratorChanges
[NX v21.1.2 Daemon Server] - 2025-06-04T16:15:52.401Z - Done responding to the client handleGetSyncGeneratorChanges
[NX v21.1.2 Daemon Server] - 2025-06-04T16:15:52.401Z - Handled GET_SYNC_GENERATOR_CHANGES. Handling time: 0. Response time: 0.
[NX v21.1.2 Daemon Server] - 2025-06-04T16:15:52.475Z - [REQUEST]: Responding to the client. handleHashTasks
[NX v21.1.2 Daemon Server] - 2025-06-04T16:15:52.476Z - Done responding to the client handleHashTasks
[NX v21.1.2 Daemon Server] - 2025-06-04T16:15:52.476Z - Handled HASH_TASKS. Handling time: 15. Response time: 1.
[NX v21.1.2 Daemon Server] - 2025-06-04T16:15:52.553Z - [REQUEST]: Responding to the client. handleGetEstimatedTaskTimings
[NX v21.1.2 Daemon Server] - 2025-06-04T16:15:52.553Z - Done responding to the client handleGetEstimatedTaskTimings
[NX v21.1.2 Daemon Server] - 2025-06-04T16:15:52.553Z - Handled GET_ESTIMATED_TASK_TIMINGS. Handling time: 0. Response time: 0.
[NX v21.1.2 Daemon Server] - 2025-06-04T16:16:29.962Z - [WATCHER]: Processing file changes in outputs
[NX v21.1.2 Daemon Server] - 2025-06-04T16:16:29.964Z - [WATCHER]: apps/first-app/src/app/app.tsx was modified
[NX v21.1.2 Daemon Server] - 2025-06-04T16:16:29.965Z - [REQUEST]: Responding to the client. File watch changed
[NX v21.1.2 Daemon Server] - 2025-06-04T16:16:29.966Z - Done responding to the client File watch changed
[NX v21.1.2 Daemon Server] - 2025-06-04T16:16:29.966Z - Handled FILE-WATCH-CHANGED. Handling time: 0. Response time: 1.
[NX v21.1.2 Daemon Server] - 2025-06-04T16:16:29.966Z - Time taken for 'changed-projects' 0.20971399988047779ms
[NX v21.1.2 Daemon Server] - 2025-06-04T16:16:30.066Z - [REQUEST]: Updated workspace context based on watched changes, recomputing project graph...
[NX v21.1.2 Daemon Server] - 2025-06-04T16:16:30.066Z - [REQUEST]: apps/first-app/src/app/app.tsx
[NX v21.1.2 Daemon Server] - 2025-06-04T16:16:30.066Z - [REQUEST]: 
[NX v21.1.2 Daemon Server] - 2025-06-04T16:16:30.074Z - [REQUEST]: Responding to the client. handleHashMultiGlob
[NX v21.1.2 Daemon Server] - 2025-06-04T16:16:30.074Z - Done responding to the client handleHashMultiGlob
[NX v21.1.2 Daemon Server] - 2025-06-04T16:16:30.074Z - Handled HASH_GLOB. Handling time: 0. Response time: 0.
[NX v21.1.2 Daemon Server] - 2025-06-04T16:16:30.076Z - [REQUEST]: Responding to the client. handleHashGlob
[NX v21.1.2 Daemon Server] - 2025-06-04T16:16:30.076Z - Done responding to the client handleHashGlob
[NX v21.1.2 Daemon Server] - 2025-06-04T16:16:30.076Z - Handled HASH_GLOB. Handling time: 1. Response time: 0.
[NX v21.1.2 Daemon Server] - 2025-06-04T16:16:30.076Z - Time taken for 'hash changed files from watcher' 0.12331299996003509ms
[NX v21.1.2 Daemon Server] - 2025-06-04T16:16:30.078Z - [REQUEST]: Responding to the client. handleHashMultiGlob
[NX v21.1.2 Daemon Server] - 2025-06-04T16:16:30.078Z - Done responding to the client handleHashMultiGlob
[NX v21.1.2 Daemon Server] - 2025-06-04T16:16:30.078Z - Handled HASH_GLOB. Handling time: 2. Response time: 0.
[NX v21.1.2 Daemon Server] - 2025-06-04T16:16:30.080Z - [REQUEST]: Responding to the client. handleHashGlob
[NX v21.1.2 Daemon Server] - 2025-06-04T16:16:30.080Z - Done responding to the client handleHashGlob
[NX v21.1.2 Daemon Server] - 2025-06-04T16:16:30.080Z - Handled HASH_GLOB. Handling time: 1. Response time: 0.
[NX v21.1.2 Daemon Server] - 2025-06-04T16:16:30.107Z - Time taken for 'build-project-configs' 31.035526999970898ms
[NX v21.1.2 Daemon Server] - 2025-06-04T16:16:30.110Z - Time taken for '@nx/js/typescript:createDependencies' 7.158282999880612ms
[NX v21.1.2 Daemon Server] - 2025-06-04T16:16:30.137Z - [SYNC]: collect registered sync generators
[NX v21.1.2 Daemon Server] - 2025-06-04T16:16:30.138Z - [SYNC]: project graph hash is the same, not collecting task sync generators
[NX v21.1.2 Daemon Server] - 2025-06-04T16:16:30.138Z - [SYNC]: nx.json hash is the same, not collecting global sync generators
[NX v21.1.2 Daemon Server] - 2025-06-04T16:16:30.138Z - [SYNC]: scheduling: ["@nx/js:typescript-sync"]
[NX v21.1.2 Daemon Server] - 2025-06-04T16:16:30.138Z - Time taken for 'total execution time for createProjectGraph()' 28.237183999968693ms
[NX v21.1.2 Daemon Server] - 2025-06-04T16:16:30.237Z - [SYNC]: running scheduled generator @nx/js:typescript-sync
[NX v21.1.2 Daemon Server] - 2025-06-04T16:16:30.240Z - [REQUEST]: Client Request for Project Graph Received
[NX v21.1.2 Daemon Server] - 2025-06-04T16:16:30.241Z - [REQUEST]: Responding to the client. project-graph
[NX v21.1.2 Daemon Server] - 2025-06-04T16:16:30.241Z - Time taken for 'total for creating and serializing project graph' 0.23237500013783574ms
[NX v21.1.2 Daemon Server] - 2025-06-04T16:16:30.242Z - Done responding to the client project-graph
[NX v21.1.2 Daemon Server] - 2025-06-04T16:16:30.242Z - Handled REQUEST_PROJECT_GRAPH. Handling time: 1. Response time: 1.
[NX v21.1.2 Daemon Server] - 2025-06-04T16:16:30.264Z - [SYNC]: @nx/js:typescript-sync changes: 
[NX v21.1.2 Daemon Server] - 2025-06-04T16:16:30.281Z - Time taken for 'run-sync-generator:@nx/js:typescript-sync' 26.405201999936253ms
[NX v21.1.2 Daemon Server] - 2025-06-04T16:16:30.970Z - Established a connection. Number of open connections: 9
[NX v21.1.2 Daemon Server] - 2025-06-04T16:16:30.971Z - [REQUEST]: Client Request for Project Graph Received
[NX v21.1.2 Daemon Server] - 2025-06-04T16:16:30.971Z - [REQUEST]: Responding to the client. project-graph
[NX v21.1.2 Daemon Server] - 2025-06-04T16:16:30.972Z - Time taken for 'total for creating and serializing project graph' 0.523847000207752ms
[NX v21.1.2 Daemon Server] - 2025-06-04T16:16:30.973Z - Closed a connection. Number of open connections: 8
[NX v21.1.2 Daemon Server] - 2025-06-04T16:16:30.976Z - Done responding to the client project-graph
[NX v21.1.2 Daemon Server] - 2025-06-04T16:16:30.976Z - Handled REQUEST_PROJECT_GRAPH. Handling time: 0. Response time: 5.
[NX v21.1.2 Daemon Server] - 2025-06-04T16:16:30.986Z - [REQUEST]: Responding to the client. handleContextFileData
[NX v21.1.2 Daemon Server] - 2025-06-04T16:16:30.987Z - Done responding to the client handleContextFileData
[NX v21.1.2 Daemon Server] - 2025-06-04T16:16:30.987Z - Handled GET_CONTEXT_FILE_DATA. Handling time: 0. Response time: 1.
[NX v21.1.2 Daemon Server] - 2025-06-04T16:16:30.988Z - Closed a connection. Number of open connections: 7
[NX v21.1.2 Daemon Server] - 2025-06-04T16:16:31.088Z - Closed a connection. Number of open connections: 6
[NX v21.1.2 Daemon Server] - 2025-06-04T16:16:31.089Z - Established a connection. Number of open connections: 7
[NX v21.1.2 Daemon Server] - 2025-06-04T16:16:31.089Z - Established a connection. Number of open connections: 8
[NX v21.1.2 Daemon Server] - 2025-06-04T16:16:31.089Z - Closed a connection. Number of open connections: 7
[NX v21.1.2 Daemon Server] - 2025-06-04T16:16:31.090Z - [REQUEST]: Client Request for Project Graph Received
[NX v21.1.2 Daemon Server] - 2025-06-04T16:16:31.090Z - [REQUEST]: Responding to the client. project-graph
[NX v21.1.2 Daemon Server] - 2025-06-04T16:16:31.091Z - Time taken for 'total for creating and serializing project graph' 0.3204649998806417ms
[NX v21.1.2 Daemon Server] - 2025-06-04T16:16:31.096Z - Done responding to the client project-graph
[NX v21.1.2 Daemon Server] - 2025-06-04T16:16:31.096Z - Handled REQUEST_PROJECT_GRAPH. Handling time: 0. Response time: 6.
[NX v21.1.2 Daemon Server] - 2025-06-04T16:16:31.101Z - [REQUEST]: Client Request for Project Graph Received
[NX v21.1.2 Daemon Server] - 2025-06-04T16:16:31.101Z - [REQUEST]: Responding to the client. project-graph
[NX v21.1.2 Daemon Server] - 2025-06-04T16:16:31.102Z - Time taken for 'total for creating and serializing project graph' 0.3364160000346601ms
[NX v21.1.2 Daemon Server] - 2025-06-04T16:16:31.104Z - Done responding to the client project-graph
[NX v21.1.2 Daemon Server] - 2025-06-04T16:16:31.104Z - Handled REQUEST_PROJECT_GRAPH. Handling time: 0. Response time: 3.
[NX v21.1.2 Daemon Server] - 2025-06-04T16:16:31.107Z - Established a connection. Number of open connections: 8
[NX v21.1.2 Daemon Server] - 2025-06-04T16:16:36.223Z - [REQUEST]: Responding to the client. handleRecordTaskRuns
[NX v21.1.2 Daemon Server] - 2025-06-04T16:16:36.223Z - Done responding to the client handleRecordTaskRuns
[NX v21.1.2 Daemon Server] - 2025-06-04T16:16:36.223Z - Handled RECORD_TASK_RUNS. Handling time: 1. Response time: 0.
[NX v21.1.2 Daemon Server] - 2025-06-04T16:16:36.224Z - [REQUEST]: Responding to the client. handleGetFlakyTasks
[NX v21.1.2 Daemon Server] - 2025-06-04T16:16:36.224Z - Done responding to the client handleGetFlakyTasks
[NX v21.1.2 Daemon Server] - 2025-06-04T16:16:36.224Z - Handled GET_FLAKY_TASKS. Handling time: 0. Response time: 0.
[NX v21.1.2 Daemon Server] - 2025-06-04T16:16:36.362Z - [REQUEST]: Responding to the client. handleRunPostTasksExecution
[NX v21.1.2 Daemon Server] - 2025-06-04T16:16:36.362Z - Done responding to the client handleRunPostTasksExecution
[NX v21.1.2 Daemon Server] - 2025-06-04T16:16:36.362Z - Handled POST_TASKS_EXECUTION. Handling time: 1. Response time: 0.
[NX v21.1.2 Daemon Server] - 2025-06-04T16:16:36.362Z - Time taken for 'postTasksExecution' 0.1933250001166016ms
[NX v21.1.2 Daemon Server] - 2025-06-04T16:16:36.374Z - Closed a connection. Number of open connections: 7
[NX v21.1.2 Daemon Server] - 2025-06-04T16:25:25.018Z - Established a connection. Number of open connections: 8
[NX v21.1.2 Daemon Server] - 2025-06-04T16:25:25.020Z - Closed a connection. Number of open connections: 7
[NX v21.1.2 Daemon Server] - 2025-06-04T16:25:25.021Z - Established a connection. Number of open connections: 8
[NX v21.1.2 Daemon Server] - 2025-06-04T16:25:25.024Z - [REQUEST]: Client Request for Project Graph Received
[NX v21.1.2 Daemon Server] - 2025-06-04T16:25:25.024Z - [REQUEST]: Responding to the client. project-graph
[NX v21.1.2 Daemon Server] - 2025-06-04T16:25:25.025Z - Time taken for 'total for creating and serializing project graph' 0.44427499966695905ms
[NX v21.1.2 Daemon Server] - 2025-06-04T16:25:25.032Z - Done responding to the client project-graph
[NX v21.1.2 Daemon Server] - 2025-06-04T16:25:25.032Z - Handled REQUEST_PROJECT_GRAPH. Handling time: 0. Response time: 8.
[NX v21.1.2 Daemon Server] - 2025-06-04T16:25:25.054Z - [REQUEST]: Client Request for Project Graph Received
[NX v21.1.2 Daemon Server] - 2025-06-04T16:25:25.055Z - [REQUEST]: Responding to the client. project-graph
[NX v21.1.2 Daemon Server] - 2025-06-04T16:25:25.056Z - Time taken for 'total for creating and serializing project graph' 0.350550000090152ms
[NX v21.1.2 Daemon Server] - 2025-06-04T16:25:25.057Z - Done responding to the client project-graph
[NX v21.1.2 Daemon Server] - 2025-06-04T16:25:25.057Z - Handled REQUEST_PROJECT_GRAPH. Handling time: 1. Response time: 2.
[NX v21.1.2 Daemon Server] - 2025-06-04T16:25:25.061Z - Established a connection. Number of open connections: 9
[NX v21.1.2 Daemon Server] - 2025-06-04T16:25:25.062Z - [REQUEST]: Client Request for Project Graph Received
[NX v21.1.2 Daemon Server] - 2025-06-04T16:25:25.064Z - [REQUEST]: Responding to the client. project-graph
[NX v21.1.2 Daemon Server] - 2025-06-04T16:25:25.066Z - Time taken for 'total for creating and serializing project graph' 2.243125000037253ms
[NX v21.1.2 Daemon Server] - 2025-06-04T16:25:25.068Z - Done responding to the client project-graph
[NX v21.1.2 Daemon Server] - 2025-06-04T16:25:25.068Z - Handled REQUEST_PROJECT_GRAPH. Handling time: 2. Response time: 4.
[NX v21.1.2 Daemon Server] - 2025-06-04T16:25:28.940Z - [REQUEST]: Client Request for Project Graph Received
[NX v21.1.2 Daemon Server] - 2025-06-04T16:25:28.941Z - [REQUEST]: Responding to the client. project-graph
[NX v21.1.2 Daemon Server] - 2025-06-04T16:25:28.942Z - Time taken for 'total for creating and serializing project graph' 0.45175900030881166ms
[NX v21.1.2 Daemon Server] - 2025-06-04T16:25:28.945Z - Done responding to the client project-graph
[NX v21.1.2 Daemon Server] - 2025-06-04T16:25:28.945Z - Handled REQUEST_PROJECT_GRAPH. Handling time: 1. Response time: 4.
[NX v21.1.2 Daemon Server] - 2025-06-04T16:25:31.161Z - [REQUEST]: Client Request for Project Graph Received
[NX v21.1.2 Daemon Server] - 2025-06-04T16:25:31.161Z - [REQUEST]: Responding to the client. project-graph
[NX v21.1.2 Daemon Server] - 2025-06-04T16:25:31.162Z - Time taken for 'total for creating and serializing project graph' 0.27641399996355176ms
[NX v21.1.2 Daemon Server] - 2025-06-04T16:25:31.164Z - Done responding to the client project-graph
[NX v21.1.2 Daemon Server] - 2025-06-04T16:25:31.164Z - Handled REQUEST_PROJECT_GRAPH. Handling time: 0. Response time: 3.
[NX v21.1.2 Daemon Server] - 2025-06-04T16:25:31.306Z - [REQUEST]: Client Request for Project Graph Received
[NX v21.1.2 Daemon Server] - 2025-06-04T16:25:31.306Z - [REQUEST]: Responding to the client. project-graph
[NX v21.1.2 Daemon Server] - 2025-06-04T16:25:31.307Z - Time taken for 'total for creating and serializing project graph' 0.41371800005435944ms
[NX v21.1.2 Daemon Server] - 2025-06-04T16:25:31.311Z - Done responding to the client project-graph
[NX v21.1.2 Daemon Server] - 2025-06-04T16:25:31.311Z - Handled REQUEST_PROJECT_GRAPH. Handling time: 0. Response time: 5.
[NX v21.1.2 Daemon Server] - 2025-06-04T16:25:33.447Z - [REQUEST]: Client Request for Project Graph Received
[NX v21.1.2 Daemon Server] - 2025-06-04T16:25:33.448Z - [REQUEST]: Responding to the client. project-graph
[NX v21.1.2 Daemon Server] - 2025-06-04T16:25:33.449Z - Time taken for 'total for creating and serializing project graph' 0.5104080000892282ms
[NX v21.1.2 Daemon Server] - 2025-06-04T16:25:33.450Z - Done responding to the client project-graph
[NX v21.1.2 Daemon Server] - 2025-06-04T16:25:33.451Z - Handled REQUEST_PROJECT_GRAPH. Handling time: 1. Response time: 3.
[NX v21.1.2 Daemon Server] - 2025-06-04T16:25:35.182Z - [REQUEST]: Client Request for Project Graph Received
[NX v21.1.2 Daemon Server] - 2025-06-04T16:25:35.182Z - [REQUEST]: Responding to the client. project-graph
[NX v21.1.2 Daemon Server] - 2025-06-04T16:25:35.182Z - Time taken for 'total for creating and serializing project graph' 0.32941799983382225ms
[NX v21.1.2 Daemon Server] - 2025-06-04T16:25:35.184Z - Done responding to the client project-graph
[NX v21.1.2 Daemon Server] - 2025-06-04T16:25:35.184Z - Handled REQUEST_PROJECT_GRAPH. Handling time: 1. Response time: 2.
[NX v21.1.2 Daemon Server] - 2025-06-04T16:25:35.318Z - [REQUEST]: Responding to the client. handleContextFileData
[NX v21.1.2 Daemon Server] - 2025-06-04T16:25:35.318Z - Done responding to the client handleContextFileData
[NX v21.1.2 Daemon Server] - 2025-06-04T16:25:35.318Z - Handled GET_CONTEXT_FILE_DATA. Handling time: 0. Response time: 0.
[NX v21.1.2 Daemon Server] - 2025-06-04T16:47:15.847Z - Closed a connection. Number of open connections: 8
[NX v21.1.2 Daemon Server] - 2025-06-04T16:47:15.848Z - Closed a connection. Number of open connections: 7
[NX v21.1.2 Daemon Server] - 2025-06-04T16:59:37.798Z - [WATCHER]: apps/first-app/tailwind.config.js was modified
[NX v21.1.2 Daemon Server] - 2025-06-04T16:59:37.798Z - [REQUEST]: Responding to the client. File watch changed
[NX v21.1.2 Daemon Server] - 2025-06-04T16:59:37.798Z - Done responding to the client File watch changed
[NX v21.1.2 Daemon Server] - 2025-06-04T16:59:37.798Z - Handled FILE-WATCH-CHANGED. Handling time: 0. Response time: 0.
[NX v21.1.2 Daemon Server] - 2025-06-04T16:59:37.798Z - [WATCHER]: Processing file changes in outputs
[NX v21.1.2 Daemon Server] - 2025-06-04T16:59:37.799Z - Time taken for 'changed-projects' 0.06726700020954013ms
[NX v21.1.2 Daemon Server] - 2025-06-04T16:59:37.898Z - [REQUEST]: Updated workspace context based on watched changes, recomputing project graph...
[NX v21.1.2 Daemon Server] - 2025-06-04T16:59:37.899Z - [REQUEST]: apps/first-app/tailwind.config.js
[NX v21.1.2 Daemon Server] - 2025-06-04T16:59:37.899Z - [REQUEST]: 
[NX v21.1.2 Daemon Server] - 2025-06-04T16:59:37.908Z - Time taken for 'hash changed files from watcher' 0.1734579997137189ms
[NX v21.1.2 Daemon Server] - 2025-06-04T16:59:37.919Z - [REQUEST]: Responding to the client. handleHashMultiGlob
[NX v21.1.2 Daemon Server] - 2025-06-04T16:59:37.919Z - Done responding to the client handleHashMultiGlob
[NX v21.1.2 Daemon Server] - 2025-06-04T16:59:37.919Z - Handled HASH_GLOB. Handling time: 0. Response time: 0.
[NX v21.1.2 Daemon Server] - 2025-06-04T16:59:37.921Z - [REQUEST]: Responding to the client. handleHashGlob
[NX v21.1.2 Daemon Server] - 2025-06-04T16:59:37.921Z - Done responding to the client handleHashGlob
[NX v21.1.2 Daemon Server] - 2025-06-04T16:59:37.921Z - Handled HASH_GLOB. Handling time: 1. Response time: 0.
[NX v21.1.2 Daemon Server] - 2025-06-04T16:59:37.924Z - [REQUEST]: Responding to the client. handleHashGlob
[NX v21.1.2 Daemon Server] - 2025-06-04T16:59:37.924Z - Done responding to the client handleHashGlob
[NX v21.1.2 Daemon Server] - 2025-06-04T16:59:37.924Z - Handled HASH_GLOB. Handling time: 1. Response time: 0.
[NX v21.1.2 Daemon Server] - 2025-06-04T16:59:37.927Z - [REQUEST]: Responding to the client. handleHashMultiGlob
[NX v21.1.2 Daemon Server] - 2025-06-04T16:59:37.927Z - Done responding to the client handleHashMultiGlob
[NX v21.1.2 Daemon Server] - 2025-06-04T16:59:37.927Z - Handled HASH_GLOB. Handling time: 1. Response time: 0.
[NX v21.1.2 Daemon Server] - 2025-06-04T16:59:37.976Z - Time taken for 'build-project-configs' 65.62881399970502ms
[NX v21.1.2 Daemon Server] - 2025-06-04T16:59:37.984Z - Time taken for '@nx/vite/plugin:createDependencies' 11.276674000080675ms
[NX v21.1.2 Daemon Server] - 2025-06-04T16:59:37.984Z - Time taken for '@nx/js/typescript:createDependencies' 12.861841999925673ms
[NX v21.1.2 Daemon Server] - 2025-06-04T16:59:38.004Z - [SYNC]: collect registered sync generators
[NX v21.1.2 Daemon Server] - 2025-06-04T16:59:38.005Z - [SYNC]: project graph hash is the same, not collecting task sync generators
[NX v21.1.2 Daemon Server] - 2025-06-04T16:59:38.005Z - [SYNC]: nx.json hash is the same, not collecting global sync generators
[NX v21.1.2 Daemon Server] - 2025-06-04T16:59:38.005Z - [SYNC]: scheduling: ["@nx/js:typescript-sync"]
[NX v21.1.2 Daemon Server] - 2025-06-04T16:59:38.005Z - Time taken for 'total execution time for createProjectGraph()' 26.459621999878436ms
[NX v21.1.2 Daemon Server] - 2025-06-04T16:59:38.205Z - [SYNC]: running scheduled generator @nx/js:typescript-sync
[NX v21.1.2 Daemon Server] - 2025-06-04T16:59:38.212Z - [REQUEST]: Client Request for Project Graph Received
[NX v21.1.2 Daemon Server] - 2025-06-04T16:59:38.212Z - [REQUEST]: Responding to the client. project-graph
[NX v21.1.2 Daemon Server] - 2025-06-04T16:59:38.217Z - Time taken for 'total for creating and serializing project graph' 0.5518860002048314ms
[NX v21.1.2 Daemon Server] - 2025-06-04T16:59:38.225Z - Done responding to the client project-graph
[NX v21.1.2 Daemon Server] - 2025-06-04T16:59:38.225Z - Handled REQUEST_PROJECT_GRAPH. Handling time: 0. Response time: 13.
[NX v21.1.2 Daemon Server] - 2025-06-04T16:59:38.271Z - [SYNC]: @nx/js:typescript-sync changes: 
[NX v21.1.2 Daemon Server] - 2025-06-04T16:59:38.271Z - Time taken for 'run-sync-generator:@nx/js:typescript-sync' 65.35340899974108ms
[NX v21.1.2 Daemon Server] - 2025-06-04T16:59:38.806Z - Established a connection. Number of open connections: 8
[NX v21.1.2 Daemon Server] - 2025-06-04T16:59:38.806Z - Closed a connection. Number of open connections: 7
[NX v21.1.2 Daemon Server] - 2025-06-04T16:59:38.807Z - [REQUEST]: Client Request for Project Graph Received
[NX v21.1.2 Daemon Server] - 2025-06-04T16:59:38.808Z - [REQUEST]: Responding to the client. project-graph
[NX v21.1.2 Daemon Server] - 2025-06-04T16:59:38.808Z - Time taken for 'total for creating and serializing project graph' 0.2830469999462366ms
[NX v21.1.2 Daemon Server] - 2025-06-04T16:59:38.813Z - Done responding to the client project-graph
[NX v21.1.2 Daemon Server] - 2025-06-04T16:59:38.813Z - Handled REQUEST_PROJECT_GRAPH. Handling time: 1. Response time: 5.
[NX v21.1.2 Daemon Server] - 2025-06-04T16:59:38.820Z - [REQUEST]: Responding to the client. handleContextFileData
[NX v21.1.2 Daemon Server] - 2025-06-04T16:59:38.820Z - Done responding to the client handleContextFileData
[NX v21.1.2 Daemon Server] - 2025-06-04T16:59:38.821Z - Handled GET_CONTEXT_FILE_DATA. Handling time: 0. Response time: 1.
[NX v21.1.2 Daemon Server] - 2025-06-04T16:59:38.821Z - Closed a connection. Number of open connections: 6
[NX v21.1.2 Daemon Server] - 2025-06-04T16:59:38.933Z - Closed a connection. Number of open connections: 5
[NX v21.1.2 Daemon Server] - 2025-06-04T16:59:38.934Z - Established a connection. Number of open connections: 6
[NX v21.1.2 Daemon Server] - 2025-06-04T16:59:38.934Z - Established a connection. Number of open connections: 7
[NX v21.1.2 Daemon Server] - 2025-06-04T16:59:38.935Z - Closed a connection. Number of open connections: 6
[NX v21.1.2 Daemon Server] - 2025-06-04T16:59:38.935Z - [REQUEST]: Client Request for Project Graph Received
[NX v21.1.2 Daemon Server] - 2025-06-04T16:59:38.936Z - [REQUEST]: Responding to the client. project-graph
[NX v21.1.2 Daemon Server] - 2025-06-04T16:59:38.936Z - Time taken for 'total for creating and serializing project graph' 0.39696700032800436ms
[NX v21.1.2 Daemon Server] - 2025-06-04T16:59:38.938Z - Done responding to the client project-graph
[NX v21.1.2 Daemon Server] - 2025-06-04T16:59:38.938Z - Handled REQUEST_PROJECT_GRAPH. Handling time: 1. Response time: 2.
[NX v21.1.2 Daemon Server] - 2025-06-04T16:59:38.941Z - [REQUEST]: Client Request for Project Graph Received
[NX v21.1.2 Daemon Server] - 2025-06-04T16:59:38.941Z - [REQUEST]: Responding to the client. project-graph
[NX v21.1.2 Daemon Server] - 2025-06-04T16:59:38.943Z - Time taken for 'total for creating and serializing project graph' 0.2712700003758073ms
[NX v21.1.2 Daemon Server] - 2025-06-04T16:59:38.945Z - Done responding to the client project-graph
[NX v21.1.2 Daemon Server] - 2025-06-04T16:59:38.945Z - Handled REQUEST_PROJECT_GRAPH. Handling time: 0. Response time: 4.
[NX v21.1.2 Daemon Server] - 2025-06-04T16:59:38.949Z - Established a connection. Number of open connections: 7
[NX v21.1.2 Daemon Server] - 2025-06-04T16:59:48.652Z - [WATCHER]: apps/second-app/tailwind.config.js was modified
[NX v21.1.2 Daemon Server] - 2025-06-04T16:59:48.652Z - [REQUEST]: Responding to the client. File watch changed
[NX v21.1.2 Daemon Server] - 2025-06-04T16:59:48.652Z - Done responding to the client File watch changed
[NX v21.1.2 Daemon Server] - 2025-06-04T16:59:48.652Z - Handled FILE-WATCH-CHANGED. Handling time: 0. Response time: 0.
[NX v21.1.2 Daemon Server] - 2025-06-04T16:59:48.652Z - [WATCHER]: Processing file changes in outputs
[NX v21.1.2 Daemon Server] - 2025-06-04T16:59:48.653Z - Time taken for 'changed-projects' 0.02538299933075905ms
[NX v21.1.2 Daemon Server] - 2025-06-04T16:59:48.753Z - [REQUEST]: Updated workspace context based on watched changes, recomputing project graph...
[NX v21.1.2 Daemon Server] - 2025-06-04T16:59:48.753Z - [REQUEST]: apps/second-app/tailwind.config.js
[NX v21.1.2 Daemon Server] - 2025-06-04T16:59:48.753Z - [REQUEST]: 
[NX v21.1.2 Daemon Server] - 2025-06-04T16:59:48.760Z - [REQUEST]: Responding to the client. handleHashMultiGlob
[NX v21.1.2 Daemon Server] - 2025-06-04T16:59:48.760Z - Done responding to the client handleHashMultiGlob
[NX v21.1.2 Daemon Server] - 2025-06-04T16:59:48.760Z - Handled HASH_GLOB. Handling time: 0. Response time: 0.
[NX v21.1.2 Daemon Server] - 2025-06-04T16:59:48.760Z - Time taken for 'hash changed files from watcher' 0.14495400059968233ms
[NX v21.1.2 Daemon Server] - 2025-06-04T16:59:48.762Z - [REQUEST]: Responding to the client. handleHashGlob
[NX v21.1.2 Daemon Server] - 2025-06-04T16:59:48.762Z - Done responding to the client handleHashGlob
[NX v21.1.2 Daemon Server] - 2025-06-04T16:59:48.762Z - Handled HASH_GLOB. Handling time: 1. Response time: 0.
[NX v21.1.2 Daemon Server] - 2025-06-04T16:59:48.764Z - [REQUEST]: Responding to the client. handleHashMultiGlob
[NX v21.1.2 Daemon Server] - 2025-06-04T16:59:48.764Z - Done responding to the client handleHashMultiGlob
[NX v21.1.2 Daemon Server] - 2025-06-04T16:59:48.764Z - Handled HASH_GLOB. Handling time: 2. Response time: 0.
[NX v21.1.2 Daemon Server] - 2025-06-04T16:59:48.765Z - [REQUEST]: Responding to the client. handleHashGlob
[NX v21.1.2 Daemon Server] - 2025-06-04T16:59:48.765Z - Done responding to the client handleHashGlob
[NX v21.1.2 Daemon Server] - 2025-06-04T16:59:48.765Z - Handled HASH_GLOB. Handling time: 1. Response time: 0.
[NX v21.1.2 Daemon Server] - 2025-06-04T16:59:48.784Z - Time taken for 'build-project-configs' 22.55072499997914ms
[NX v21.1.2 Daemon Server] - 2025-06-04T16:59:48.787Z - Time taken for '@nx/js/typescript:createDependencies' 6.91720600053668ms
[NX v21.1.2 Daemon Server] - 2025-06-04T16:59:48.788Z - Time taken for '@nx/vite/plugin:createDependencies' 5.887093000113964ms
[NX v21.1.2 Daemon Server] - 2025-06-04T16:59:48.808Z - [SYNC]: collect registered sync generators
[NX v21.1.2 Daemon Server] - 2025-06-04T16:59:48.808Z - [SYNC]: project graph hash is the same, not collecting task sync generators
[NX v21.1.2 Daemon Server] - 2025-06-04T16:59:48.808Z - [SYNC]: nx.json hash is the same, not collecting global sync generators
[NX v21.1.2 Daemon Server] - 2025-06-04T16:59:48.808Z - [SYNC]: scheduling: ["@nx/js:typescript-sync"]
[NX v21.1.2 Daemon Server] - 2025-06-04T16:59:48.808Z - Time taken for 'total execution time for createProjectGraph()' 22.92121099960059ms
[NX v21.1.2 Daemon Server] - 2025-06-04T16:59:49.208Z - [SYNC]: running scheduled generator @nx/js:typescript-sync
[NX v21.1.2 Daemon Server] - 2025-06-04T16:59:49.210Z - [REQUEST]: Client Request for Project Graph Received
[NX v21.1.2 Daemon Server] - 2025-06-04T16:59:49.210Z - [REQUEST]: Responding to the client. project-graph
[NX v21.1.2 Daemon Server] - 2025-06-04T16:59:49.211Z - Time taken for 'total for creating and serializing project graph' 0.1618309998884797ms
[NX v21.1.2 Daemon Server] - 2025-06-04T16:59:49.212Z - Done responding to the client project-graph
[NX v21.1.2 Daemon Server] - 2025-06-04T16:59:49.212Z - Handled REQUEST_PROJECT_GRAPH. Handling time: 0. Response time: 2.
[NX v21.1.2 Daemon Server] - 2025-06-04T16:59:49.221Z - [SYNC]: @nx/js:typescript-sync changes: 
[NX v21.1.2 Daemon Server] - 2025-06-04T16:59:49.221Z - Time taken for 'run-sync-generator:@nx/js:typescript-sync' 12.767225000075996ms
[NX v21.1.2 Daemon Server] - 2025-06-04T16:59:49.655Z - Established a connection. Number of open connections: 8
[NX v21.1.2 Daemon Server] - 2025-06-04T16:59:49.656Z - [REQUEST]: Client Request for Project Graph Received
[NX v21.1.2 Daemon Server] - 2025-06-04T16:59:49.656Z - [REQUEST]: Responding to the client. project-graph
[NX v21.1.2 Daemon Server] - 2025-06-04T16:59:49.656Z - Time taken for 'total for creating and serializing project graph' 0.23770599998533726ms
[NX v21.1.2 Daemon Server] - 2025-06-04T16:59:49.657Z - Closed a connection. Number of open connections: 7
[NX v21.1.2 Daemon Server] - 2025-06-04T16:59:49.658Z - Done responding to the client project-graph
[NX v21.1.2 Daemon Server] - 2025-06-04T16:59:49.658Z - Handled REQUEST_PROJECT_GRAPH. Handling time: 0. Response time: 2.
[NX v21.1.2 Daemon Server] - 2025-06-04T16:59:49.662Z - [REQUEST]: Responding to the client. handleContextFileData
[NX v21.1.2 Daemon Server] - 2025-06-04T16:59:49.662Z - Done responding to the client handleContextFileData
[NX v21.1.2 Daemon Server] - 2025-06-04T16:59:49.662Z - Handled GET_CONTEXT_FILE_DATA. Handling time: 0. Response time: 0.
[NX v21.1.2 Daemon Server] - 2025-06-04T16:59:49.663Z - Closed a connection. Number of open connections: 6
[NX v21.1.2 Daemon Server] - 2025-06-04T16:59:49.705Z - Closed a connection. Number of open connections: 5
[NX v21.1.2 Daemon Server] - 2025-06-04T16:59:49.705Z - Established a connection. Number of open connections: 6
[NX v21.1.2 Daemon Server] - 2025-06-04T16:59:49.706Z - Established a connection. Number of open connections: 7
[NX v21.1.2 Daemon Server] - 2025-06-04T16:59:49.706Z - Closed a connection. Number of open connections: 6
[NX v21.1.2 Daemon Server] - 2025-06-04T16:59:49.706Z - [REQUEST]: Client Request for Project Graph Received
[NX v21.1.2 Daemon Server] - 2025-06-04T16:59:49.706Z - [REQUEST]: Responding to the client. project-graph
[NX v21.1.2 Daemon Server] - 2025-06-04T16:59:49.707Z - Time taken for 'total for creating and serializing project graph' 0.19154400005936623ms
[NX v21.1.2 Daemon Server] - 2025-06-04T16:59:49.708Z - Done responding to the client project-graph
[NX v21.1.2 Daemon Server] - 2025-06-04T16:59:49.708Z - Handled REQUEST_PROJECT_GRAPH. Handling time: 0. Response time: 2.
[NX v21.1.2 Daemon Server] - 2025-06-04T16:59:49.710Z - [REQUEST]: Client Request for Project Graph Received
[NX v21.1.2 Daemon Server] - 2025-06-04T16:59:49.711Z - [REQUEST]: Responding to the client. project-graph
[NX v21.1.2 Daemon Server] - 2025-06-04T16:59:49.711Z - Time taken for 'total for creating and serializing project graph' 0.18567300029098988ms
[NX v21.1.2 Daemon Server] - 2025-06-04T16:59:49.713Z - Done responding to the client project-graph
[NX v21.1.2 Daemon Server] - 2025-06-04T16:59:49.713Z - Handled REQUEST_PROJECT_GRAPH. Handling time: 1. Response time: 2.
[NX v21.1.2 Daemon Server] - 2025-06-04T16:59:49.716Z - Established a connection. Number of open connections: 7
[NX v21.1.2 Daemon Server] - 2025-06-04T17:00:03.446Z - [WATCHER]: apps/second-app/tailwind.config.js was modified
[NX v21.1.2 Daemon Server] - 2025-06-04T17:00:03.446Z - [REQUEST]: Responding to the client. File watch changed
[NX v21.1.2 Daemon Server] - 2025-06-04T17:00:03.447Z - Done responding to the client File watch changed
[NX v21.1.2 Daemon Server] - 2025-06-04T17:00:03.447Z - Handled FILE-WATCH-CHANGED. Handling time: 0. Response time: 1.
[NX v21.1.2 Daemon Server] - 2025-06-04T17:00:03.447Z - [WATCHER]: Processing file changes in outputs
[NX v21.1.2 Daemon Server] - 2025-06-04T17:00:03.447Z - Time taken for 'changed-projects' 0.13536900002509356ms
[NX v21.1.2 Daemon Server] - 2025-06-04T17:00:03.547Z - [REQUEST]: Updated workspace context based on watched changes, recomputing project graph...
[NX v21.1.2 Daemon Server] - 2025-06-04T17:00:03.547Z - [REQUEST]: apps/second-app/tailwind.config.js
[NX v21.1.2 Daemon Server] - 2025-06-04T17:00:03.547Z - [REQUEST]: 
[NX v21.1.2 Daemon Server] - 2025-06-04T17:00:03.555Z - [REQUEST]: Responding to the client. handleHashMultiGlob
[NX v21.1.2 Daemon Server] - 2025-06-04T17:00:03.555Z - Done responding to the client handleHashMultiGlob
[NX v21.1.2 Daemon Server] - 2025-06-04T17:00:03.555Z - Handled HASH_GLOB. Handling time: 0. Response time: 0.
[NX v21.1.2 Daemon Server] - 2025-06-04T17:00:03.555Z - Time taken for 'hash changed files from watcher' 0.11957400012761354ms
[NX v21.1.2 Daemon Server] - 2025-06-04T17:00:03.557Z - [REQUEST]: Responding to the client. handleHashGlob
[NX v21.1.2 Daemon Server] - 2025-06-04T17:00:03.557Z - Done responding to the client handleHashGlob
[NX v21.1.2 Daemon Server] - 2025-06-04T17:00:03.557Z - Handled HASH_GLOB. Handling time: 1. Response time: 0.
[NX v21.1.2 Daemon Server] - 2025-06-04T17:00:03.560Z - [REQUEST]: Responding to the client. handleHashMultiGlob
[NX v21.1.2 Daemon Server] - 2025-06-04T17:00:03.560Z - Done responding to the client handleHashMultiGlob
[NX v21.1.2 Daemon Server] - 2025-06-04T17:00:03.560Z - Handled HASH_GLOB. Handling time: 2. Response time: 0.
[NX v21.1.2 Daemon Server] - 2025-06-04T17:00:03.561Z - [REQUEST]: Responding to the client. handleHashGlob
[NX v21.1.2 Daemon Server] - 2025-06-04T17:00:03.561Z - Done responding to the client handleHashGlob
[NX v21.1.2 Daemon Server] - 2025-06-04T17:00:03.561Z - Handled HASH_GLOB. Handling time: 0. Response time: 0.
[NX v21.1.2 Daemon Server] - 2025-06-04T17:00:03.584Z - Time taken for 'build-project-configs' 26.22263399977237ms
[NX v21.1.2 Daemon Server] - 2025-06-04T17:00:03.587Z - Time taken for '@nx/vite/plugin:createDependencies' 6.263283000327647ms
[NX v21.1.2 Daemon Server] - 2025-06-04T17:00:03.587Z - Time taken for '@nx/js/typescript:createDependencies' 8.1238730000332ms
[NX v21.1.2 Daemon Server] - 2025-06-04T17:00:03.608Z - [SYNC]: collect registered sync generators
[NX v21.1.2 Daemon Server] - 2025-06-04T17:00:03.609Z - [SYNC]: project graph hash is the same, not collecting task sync generators
[NX v21.1.2 Daemon Server] - 2025-06-04T17:00:03.609Z - [SYNC]: nx.json hash is the same, not collecting global sync generators
[NX v21.1.2 Daemon Server] - 2025-06-04T17:00:03.609Z - [SYNC]: scheduling: ["@nx/js:typescript-sync"]
[NX v21.1.2 Daemon Server] - 2025-06-04T17:00:03.609Z - Time taken for 'total execution time for createProjectGraph()' 24.282165000215173ms
[NX v21.1.2 Daemon Server] - 2025-06-04T17:00:04.409Z - [SYNC]: running scheduled generator @nx/js:typescript-sync
[NX v21.1.2 Daemon Server] - 2025-06-04T17:00:04.411Z - [REQUEST]: Client Request for Project Graph Received
[NX v21.1.2 Daemon Server] - 2025-06-04T17:00:04.411Z - [REQUEST]: Responding to the client. project-graph
[NX v21.1.2 Daemon Server] - 2025-06-04T17:00:04.412Z - Time taken for 'total for creating and serializing project graph' 0.20270799938589334ms
[NX v21.1.2 Daemon Server] - 2025-06-04T17:00:04.413Z - Done responding to the client project-graph
[NX v21.1.2 Daemon Server] - 2025-06-04T17:00:04.413Z - Handled REQUEST_PROJECT_GRAPH. Handling time: 0. Response time: 2.
[NX v21.1.2 Daemon Server] - 2025-06-04T17:00:04.440Z - [SYNC]: @nx/js:typescript-sync changes: 
[NX v21.1.2 Daemon Server] - 2025-06-04T17:00:04.440Z - Time taken for 'run-sync-generator:@nx/js:typescript-sync' 30.66539099998772ms
[NX v21.1.2 Daemon Server] - 2025-06-04T17:00:04.450Z - Established a connection. Number of open connections: 8
[NX v21.1.2 Daemon Server] - 2025-06-04T17:00:04.451Z - [REQUEST]: Client Request for Project Graph Received
[NX v21.1.2 Daemon Server] - 2025-06-04T17:00:04.451Z - [REQUEST]: Responding to the client. project-graph
[NX v21.1.2 Daemon Server] - 2025-06-04T17:00:04.452Z - Time taken for 'total for creating and serializing project graph' 0.21534800063818693ms
[NX v21.1.2 Daemon Server] - 2025-06-04T17:00:04.452Z - Closed a connection. Number of open connections: 7
[NX v21.1.2 Daemon Server] - 2025-06-04T17:00:04.453Z - Done responding to the client project-graph
[NX v21.1.2 Daemon Server] - 2025-06-04T17:00:04.453Z - Handled REQUEST_PROJECT_GRAPH. Handling time: 0. Response time: 2.
[NX v21.1.2 Daemon Server] - 2025-06-04T17:00:04.458Z - [REQUEST]: Responding to the client. handleContextFileData
[NX v21.1.2 Daemon Server] - 2025-06-04T17:00:04.458Z - Done responding to the client handleContextFileData
[NX v21.1.2 Daemon Server] - 2025-06-04T17:00:04.458Z - Handled GET_CONTEXT_FILE_DATA. Handling time: 1. Response time: 0.
[NX v21.1.2 Daemon Server] - 2025-06-04T17:00:04.458Z - Closed a connection. Number of open connections: 6
[NX v21.1.2 Daemon Server] - 2025-06-04T17:00:04.506Z - Closed a connection. Number of open connections: 5
[NX v21.1.2 Daemon Server] - 2025-06-04T17:00:04.507Z - Established a connection. Number of open connections: 6
[NX v21.1.2 Daemon Server] - 2025-06-04T17:00:04.508Z - Established a connection. Number of open connections: 7
[NX v21.1.2 Daemon Server] - 2025-06-04T17:00:04.508Z - Closed a connection. Number of open connections: 6
[NX v21.1.2 Daemon Server] - 2025-06-04T17:00:04.508Z - [REQUEST]: Client Request for Project Graph Received
[NX v21.1.2 Daemon Server] - 2025-06-04T17:00:04.508Z - [REQUEST]: Responding to the client. project-graph
[NX v21.1.2 Daemon Server] - 2025-06-04T17:00:04.509Z - Time taken for 'total for creating and serializing project graph' 0.20222899969667196ms
[NX v21.1.2 Daemon Server] - 2025-06-04T17:00:04.510Z - Done responding to the client project-graph
[NX v21.1.2 Daemon Server] - 2025-06-04T17:00:04.510Z - Handled REQUEST_PROJECT_GRAPH. Handling time: 0. Response time: 2.
[NX v21.1.2 Daemon Server] - 2025-06-04T17:00:04.513Z - [REQUEST]: Client Request for Project Graph Received
[NX v21.1.2 Daemon Server] - 2025-06-04T17:00:04.513Z - [REQUEST]: Responding to the client. project-graph
[NX v21.1.2 Daemon Server] - 2025-06-04T17:00:04.513Z - Time taken for 'total for creating and serializing project graph' 0.20779300015419722ms
[NX v21.1.2 Daemon Server] - 2025-06-04T17:00:04.515Z - Done responding to the client project-graph
[NX v21.1.2 Daemon Server] - 2025-06-04T17:00:04.515Z - Handled REQUEST_PROJECT_GRAPH. Handling time: 0. Response time: 2.
[NX v21.1.2 Daemon Server] - 2025-06-04T17:00:04.517Z - Established a connection. Number of open connections: 7
[NX v21.1.2 Daemon Server] - 2025-06-04T17:00:05.394Z - [WATCHER]: apps/first-app/tailwind.config.js was modified
[NX v21.1.2 Daemon Server] - 2025-06-04T17:00:05.395Z - [REQUEST]: Responding to the client. File watch changed
[NX v21.1.2 Daemon Server] - 2025-06-04T17:00:05.395Z - Done responding to the client File watch changed
[NX v21.1.2 Daemon Server] - 2025-06-04T17:00:05.395Z - Handled FILE-WATCH-CHANGED. Handling time: 0. Response time: 0.
[NX v21.1.2 Daemon Server] - 2025-06-04T17:00:05.395Z - [WATCHER]: Processing file changes in outputs
[NX v21.1.2 Daemon Server] - 2025-06-04T17:00:05.395Z - Time taken for 'changed-projects' 0.028831999748945236ms
[NX v21.1.2 Daemon Server] - 2025-06-04T17:00:05.494Z - [REQUEST]: Updated workspace context based on watched changes, recomputing project graph...
[NX v21.1.2 Daemon Server] - 2025-06-04T17:00:05.494Z - [REQUEST]: apps/first-app/tailwind.config.js
[NX v21.1.2 Daemon Server] - 2025-06-04T17:00:05.494Z - [REQUEST]: 
[NX v21.1.2 Daemon Server] - 2025-06-04T17:00:05.500Z - [REQUEST]: Responding to the client. handleHashMultiGlob
[NX v21.1.2 Daemon Server] - 2025-06-04T17:00:05.500Z - Done responding to the client handleHashMultiGlob
[NX v21.1.2 Daemon Server] - 2025-06-04T17:00:05.500Z - Handled HASH_GLOB. Handling time: 0. Response time: 0.
[NX v21.1.2 Daemon Server] - 2025-06-04T17:00:05.500Z - Time taken for 'hash changed files from watcher' 0.1088270004838705ms
[NX v21.1.2 Daemon Server] - 2025-06-04T17:00:05.501Z - [REQUEST]: Responding to the client. handleHashGlob
[NX v21.1.2 Daemon Server] - 2025-06-04T17:00:05.501Z - Done responding to the client handleHashGlob
[NX v21.1.2 Daemon Server] - 2025-06-04T17:00:05.501Z - Handled HASH_GLOB. Handling time: 0. Response time: 0.
[NX v21.1.2 Daemon Server] - 2025-06-04T17:00:05.504Z - [REQUEST]: Responding to the client. handleHashMultiGlob
[NX v21.1.2 Daemon Server] - 2025-06-04T17:00:05.504Z - Done responding to the client handleHashMultiGlob
[NX v21.1.2 Daemon Server] - 2025-06-04T17:00:05.504Z - Handled HASH_GLOB. Handling time: 2. Response time: 0.
[NX v21.1.2 Daemon Server] - 2025-06-04T17:00:05.511Z - [REQUEST]: Responding to the client. handleHashGlob
[NX v21.1.2 Daemon Server] - 2025-06-04T17:00:05.511Z - Done responding to the client handleHashGlob
[NX v21.1.2 Daemon Server] - 2025-06-04T17:00:05.511Z - Handled HASH_GLOB. Handling time: 0. Response time: 0.
[NX v21.1.2 Daemon Server] - 2025-06-04T17:00:05.526Z - Time taken for 'build-project-configs' 22.702027999795973ms
[NX v21.1.2 Daemon Server] - 2025-06-04T17:00:05.531Z - Time taken for '@nx/vite/plugin:createDependencies' 6.783610000275075ms
[NX v21.1.2 Daemon Server] - 2025-06-04T17:00:05.531Z - Time taken for '@nx/js/typescript:createDependencies' 8.748438999988139ms
[NX v21.1.2 Daemon Server] - 2025-06-04T17:00:05.563Z - [SYNC]: collect registered sync generators
[NX v21.1.2 Daemon Server] - 2025-06-04T17:00:05.564Z - [SYNC]: project graph hash is the same, not collecting task sync generators
[NX v21.1.2 Daemon Server] - 2025-06-04T17:00:05.564Z - [SYNC]: nx.json hash is the same, not collecting global sync generators
[NX v21.1.2 Daemon Server] - 2025-06-04T17:00:05.564Z - [SYNC]: scheduling: ["@nx/js:typescript-sync"]
[NX v21.1.2 Daemon Server] - 2025-06-04T17:00:05.564Z - Time taken for 'total execution time for createProjectGraph()' 36.586352000012994ms
[NX v21.1.2 Daemon Server] - 2025-06-04T17:00:06.397Z - Established a connection. Number of open connections: 8
[NX v21.1.2 Daemon Server] - 2025-06-04T17:00:06.398Z - [REQUEST]: Client Request for Project Graph Received
[NX v21.1.2 Daemon Server] - 2025-06-04T17:00:06.398Z - [REQUEST]: Responding to the client. project-graph
[NX v21.1.2 Daemon Server] - 2025-06-04T17:00:06.399Z - Time taken for 'total for creating and serializing project graph' 0.25247700046747923ms
[NX v21.1.2 Daemon Server] - 2025-06-04T17:00:06.399Z - Closed a connection. Number of open connections: 7
[NX v21.1.2 Daemon Server] - 2025-06-04T17:00:06.401Z - Done responding to the client project-graph
[NX v21.1.2 Daemon Server] - 2025-06-04T17:00:06.401Z - Handled REQUEST_PROJECT_GRAPH. Handling time: 0. Response time: 3.
[NX v21.1.2 Daemon Server] - 2025-06-04T17:00:06.406Z - [REQUEST]: Responding to the client. handleContextFileData
[NX v21.1.2 Daemon Server] - 2025-06-04T17:00:06.407Z - Done responding to the client handleContextFileData
[NX v21.1.2 Daemon Server] - 2025-06-04T17:00:06.407Z - Handled GET_CONTEXT_FILE_DATA. Handling time: 0. Response time: 1.
[NX v21.1.2 Daemon Server] - 2025-06-04T17:00:06.407Z - Closed a connection. Number of open connections: 6
[NX v21.1.2 Daemon Server] - 2025-06-04T17:00:06.480Z - Closed a connection. Number of open connections: 5
[NX v21.1.2 Daemon Server] - 2025-06-04T17:00:06.482Z - Established a connection. Number of open connections: 6
[NX v21.1.2 Daemon Server] - 2025-06-04T17:00:06.483Z - Established a connection. Number of open connections: 7
[NX v21.1.2 Daemon Server] - 2025-06-04T17:00:06.483Z - Closed a connection. Number of open connections: 6
[NX v21.1.2 Daemon Server] - 2025-06-04T17:00:06.483Z - [REQUEST]: Client Request for Project Graph Received
[NX v21.1.2 Daemon Server] - 2025-06-04T17:00:06.484Z - [REQUEST]: Responding to the client. project-graph
[NX v21.1.2 Daemon Server] - 2025-06-04T17:00:06.484Z - Time taken for 'total for creating and serializing project graph' 0.2606570003554225ms
[NX v21.1.2 Daemon Server] - 2025-06-04T17:00:06.486Z - Done responding to the client project-graph
[NX v21.1.2 Daemon Server] - 2025-06-04T17:00:06.486Z - Handled REQUEST_PROJECT_GRAPH. Handling time: 1. Response time: 2.
[NX v21.1.2 Daemon Server] - 2025-06-04T17:00:06.490Z - [REQUEST]: Client Request for Project Graph Received
[NX v21.1.2 Daemon Server] - 2025-06-04T17:00:06.490Z - [REQUEST]: Responding to the client. project-graph
[NX v21.1.2 Daemon Server] - 2025-06-04T17:00:06.491Z - Time taken for 'total for creating and serializing project graph' 0.31347199995070696ms
[NX v21.1.2 Daemon Server] - 2025-06-04T17:00:06.492Z - Done responding to the client project-graph
[NX v21.1.2 Daemon Server] - 2025-06-04T17:00:06.492Z - Handled REQUEST_PROJECT_GRAPH. Handling time: 0. Response time: 2.
[NX v21.1.2 Daemon Server] - 2025-06-04T17:00:06.495Z - Established a connection. Number of open connections: 7
[NX v21.1.2 Daemon Server] - 2025-06-04T17:00:07.165Z - [SYNC]: running scheduled generator @nx/js:typescript-sync
[NX v21.1.2 Daemon Server] - 2025-06-04T17:00:07.166Z - [REQUEST]: Client Request for Project Graph Received
[NX v21.1.2 Daemon Server] - 2025-06-04T17:00:07.167Z - [REQUEST]: Responding to the client. project-graph
[NX v21.1.2 Daemon Server] - 2025-06-04T17:00:07.167Z - Time taken for 'total for creating and serializing project graph' 0.20708199962973595ms
[NX v21.1.2 Daemon Server] - 2025-06-04T17:00:07.168Z - Done responding to the client project-graph
[NX v21.1.2 Daemon Server] - 2025-06-04T17:00:07.168Z - Handled REQUEST_PROJECT_GRAPH. Handling time: 1. Response time: 1.
[NX v21.1.2 Daemon Server] - 2025-06-04T17:00:07.179Z - [SYNC]: @nx/js:typescript-sync changes: 
[NX v21.1.2 Daemon Server] - 2025-06-04T17:00:07.179Z - Time taken for 'run-sync-generator:@nx/js:typescript-sync' 13.440015000291169ms
[NX v21.1.2 Daemon Server] - 2025-06-04T17:00:12.927Z - Established a connection. Number of open connections: 8
[NX v21.1.2 Daemon Server] - 2025-06-04T17:00:12.929Z - Closed a connection. Number of open connections: 7
[NX v21.1.2 Daemon Server] - 2025-06-04T17:00:12.930Z - Established a connection. Number of open connections: 8
[NX v21.1.2 Daemon Server] - 2025-06-04T17:00:12.931Z - [REQUEST]: Client Request for Project Graph Received
[NX v21.1.2 Daemon Server] - 2025-06-04T17:00:12.932Z - [REQUEST]: Responding to the client. project-graph
[NX v21.1.2 Daemon Server] - 2025-06-04T17:00:12.932Z - Time taken for 'total for creating and serializing project graph' 0.2923660008236766ms
[NX v21.1.2 Daemon Server] - 2025-06-04T17:00:12.937Z - Done responding to the client project-graph
[NX v21.1.2 Daemon Server] - 2025-06-04T17:00:12.937Z - Handled REQUEST_PROJECT_GRAPH. Handling time: 1. Response time: 5.
[NX v21.1.2 Daemon Server] - 2025-06-04T17:00:12.943Z - [REQUEST]: Responding to the client. handleRunPreTasksExecution
[NX v21.1.2 Daemon Server] - 2025-06-04T17:00:12.943Z - Done responding to the client handleRunPreTasksExecution
[NX v21.1.2 Daemon Server] - 2025-06-04T17:00:12.943Z - Handled PRE_TASKS_EXECUTION. Handling time: 0. Response time: 0.
[NX v21.1.2 Daemon Server] - 2025-06-04T17:00:12.943Z - Time taken for 'preTasksExecution' 0.15246399957686663ms
[NX v21.1.2 Daemon Server] - 2025-06-04T17:00:12.946Z - [SYNC]: get sync generators changes on demand ["@nx/js:typescript-sync"]
[NX v21.1.2 Daemon Server] - 2025-06-04T17:00:12.946Z - [SYNC]: @nx/js:typescript-sync not scheduled and has cached result, returning cached result
[NX v21.1.2 Daemon Server] - 2025-06-04T17:00:12.946Z - [REQUEST]: Responding to the client. handleGetSyncGeneratorChanges
[NX v21.1.2 Daemon Server] - 2025-06-04T17:00:12.946Z - Done responding to the client handleGetSyncGeneratorChanges
[NX v21.1.2 Daemon Server] - 2025-06-04T17:00:12.946Z - Handled GET_SYNC_GENERATOR_CHANGES. Handling time: 0. Response time: 0.
[NX v21.1.2 Daemon Server] - 2025-06-04T17:00:13.010Z - [REQUEST]: Responding to the client. handleHashTasks
[NX v21.1.2 Daemon Server] - 2025-06-04T17:00:13.011Z - Done responding to the client handleHashTasks
[NX v21.1.2 Daemon Server] - 2025-06-04T17:00:13.011Z - Handled HASH_TASKS. Handling time: 14. Response time: 1.
[NX v21.1.2 Daemon Server] - 2025-06-04T17:00:13.102Z - [REQUEST]: Responding to the client. handleGetEstimatedTaskTimings
[NX v21.1.2 Daemon Server] - 2025-06-04T17:00:13.102Z - Done responding to the client handleGetEstimatedTaskTimings
[NX v21.1.2 Daemon Server] - 2025-06-04T17:00:13.102Z - Handled GET_ESTIMATED_TASK_TIMINGS. Handling time: 1. Response time: 0.
[NX v21.1.2 Daemon Server] - 2025-06-04T17:00:24.667Z - [REQUEST]: Responding to the client. handleRecordTaskRuns
[NX v21.1.2 Daemon Server] - 2025-06-04T17:00:24.668Z - Done responding to the client handleRecordTaskRuns
[NX v21.1.2 Daemon Server] - 2025-06-04T17:00:24.668Z - Handled RECORD_TASK_RUNS. Handling time: 0. Response time: 1.
[NX v21.1.2 Daemon Server] - 2025-06-04T17:00:24.669Z - [REQUEST]: Responding to the client. handleGetFlakyTasks
[NX v21.1.2 Daemon Server] - 2025-06-04T17:00:24.669Z - Done responding to the client handleGetFlakyTasks
[NX v21.1.2 Daemon Server] - 2025-06-04T17:00:24.669Z - Handled GET_FLAKY_TASKS. Handling time: 0. Response time: 0.
[NX v21.1.2 Daemon Server] - 2025-06-04T17:00:24.670Z - [REQUEST]: Responding to the client. handleRecordTaskRuns
[NX v21.1.2 Daemon Server] - 2025-06-04T17:00:24.670Z - Done responding to the client handleRecordTaskRuns
[NX v21.1.2 Daemon Server] - 2025-06-04T17:00:24.670Z - Handled RECORD_TASK_RUNS. Handling time: 0. Response time: 0.
[NX v21.1.2 Daemon Server] - 2025-06-04T17:00:24.671Z - [REQUEST]: Responding to the client. handleGetFlakyTasks
[NX v21.1.2 Daemon Server] - 2025-06-04T17:00:24.671Z - Done responding to the client handleGetFlakyTasks
[NX v21.1.2 Daemon Server] - 2025-06-04T17:00:24.671Z - Handled GET_FLAKY_TASKS. Handling time: 0. Response time: 0.
[NX v21.1.2 Daemon Server] - 2025-06-04T17:00:24.795Z - [REQUEST]: Responding to the client. handleRunPostTasksExecution
[NX v21.1.2 Daemon Server] - 2025-06-04T17:00:24.795Z - Done responding to the client handleRunPostTasksExecution
[NX v21.1.2 Daemon Server] - 2025-06-04T17:00:24.795Z - Handled POST_TASKS_EXECUTION. Handling time: 0. Response time: 0.
[NX v21.1.2 Daemon Server] - 2025-06-04T17:00:24.795Z - Time taken for 'postTasksExecution' 0.16601799987256527ms
[NX v21.1.2 Daemon Server] - 2025-06-04T17:00:24.804Z - Closed a connection. Number of open connections: 7
[NX v21.1.2 Daemon Server] - 2025-06-04T17:00:24.811Z - [REQUEST]: Responding to the client. handleRunPostTasksExecution
[NX v21.1.2 Daemon Server] - 2025-06-04T17:00:24.811Z - Done responding to the client handleRunPostTasksExecution
[NX v21.1.2 Daemon Server] - 2025-06-04T17:00:24.811Z - Handled POST_TASKS_EXECUTION. Handling time: 0. Response time: 0.
[NX v21.1.2 Daemon Server] - 2025-06-04T17:00:24.811Z - Time taken for 'postTasksExecution' 0.14153699949383736ms
[NX v21.1.2 Daemon Server] - 2025-06-04T17:00:24.823Z - Closed a connection. Number of open connections: 6
[NX v21.1.2 Daemon Server] - 2025-06-04T17:00:27.437Z - Established a connection. Number of open connections: 7
[NX v21.1.2 Daemon Server] - 2025-06-04T17:00:27.438Z - Closed a connection. Number of open connections: 6
[NX v21.1.2 Daemon Server] - 2025-06-04T17:00:27.439Z - Established a connection. Number of open connections: 7
[NX v21.1.2 Daemon Server] - 2025-06-04T17:00:27.441Z - [REQUEST]: Client Request for Project Graph Received
[NX v21.1.2 Daemon Server] - 2025-06-04T17:00:27.441Z - [REQUEST]: Responding to the client. project-graph
[NX v21.1.2 Daemon Server] - 2025-06-04T17:00:27.442Z - Time taken for 'total for creating and serializing project graph' 0.21239299979060888ms
[NX v21.1.2 Daemon Server] - 2025-06-04T17:00:27.446Z - Done responding to the client project-graph
[NX v21.1.2 Daemon Server] - 2025-06-04T17:00:27.446Z - Handled REQUEST_PROJECT_GRAPH. Handling time: 0. Response time: 5.
[NX v21.1.2 Daemon Server] - 2025-06-04T17:00:27.452Z - [REQUEST]: Responding to the client. handleRunPreTasksExecution
[NX v21.1.2 Daemon Server] - 2025-06-04T17:00:27.452Z - Done responding to the client handleRunPreTasksExecution
[NX v21.1.2 Daemon Server] - 2025-06-04T17:00:27.452Z - Handled PRE_TASKS_EXECUTION. Handling time: 0. Response time: 0.
[NX v21.1.2 Daemon Server] - 2025-06-04T17:00:27.452Z - Time taken for 'preTasksExecution' 0.15805199928581715ms
[NX v21.1.2 Daemon Server] - 2025-06-04T17:00:27.454Z - [SYNC]: get sync generators changes on demand ["@nx/js:typescript-sync"]
[NX v21.1.2 Daemon Server] - 2025-06-04T17:00:27.455Z - [SYNC]: @nx/js:typescript-sync not scheduled and has cached result, returning cached result
[NX v21.1.2 Daemon Server] - 2025-06-04T17:00:27.455Z - [REQUEST]: Responding to the client. handleGetSyncGeneratorChanges
[NX v21.1.2 Daemon Server] - 2025-06-04T17:00:27.455Z - Done responding to the client handleGetSyncGeneratorChanges
[NX v21.1.2 Daemon Server] - 2025-06-04T17:00:27.455Z - Handled GET_SYNC_GENERATOR_CHANGES. Handling time: 1. Response time: 0.
[NX v21.1.2 Daemon Server] - 2025-06-04T17:00:27.516Z - [REQUEST]: Responding to the client. handleHashTasks
[NX v21.1.2 Daemon Server] - 2025-06-04T17:00:27.516Z - Done responding to the client handleHashTasks
[NX v21.1.2 Daemon Server] - 2025-06-04T17:00:27.516Z - Handled HASH_TASKS. Handling time: 8. Response time: 0.
[NX v21.1.2 Daemon Server] - 2025-06-04T17:00:27.580Z - [REQUEST]: Responding to the client. handleGetEstimatedTaskTimings
[NX v21.1.2 Daemon Server] - 2025-06-04T17:00:27.580Z - Done responding to the client handleGetEstimatedTaskTimings
[NX v21.1.2 Daemon Server] - 2025-06-04T17:00:27.580Z - Handled GET_ESTIMATED_TASK_TIMINGS. Handling time: 0. Response time: 0.
[NX v21.1.2 Daemon Server] - 2025-06-04T17:00:39.651Z - [WATCHER]: libs/shared/src/lib/shared.tsx was modified
[NX v21.1.2 Daemon Server] - 2025-06-04T17:00:39.652Z - [REQUEST]: Responding to the client. File watch changed
[NX v21.1.2 Daemon Server] - 2025-06-04T17:00:39.652Z - Done responding to the client File watch changed
[NX v21.1.2 Daemon Server] - 2025-06-04T17:00:39.652Z - Handled FILE-WATCH-CHANGED. Handling time: 0. Response time: 0.
[NX v21.1.2 Daemon Server] - 2025-06-04T17:00:39.652Z - [WATCHER]: Processing file changes in outputs
[NX v21.1.2 Daemon Server] - 2025-06-04T17:00:39.652Z - Time taken for 'changed-projects' 0.07208800036460161ms
[NX v21.1.2 Daemon Server] - 2025-06-04T17:00:39.753Z - [REQUEST]: Updated workspace context based on watched changes, recomputing project graph...
[NX v21.1.2 Daemon Server] - 2025-06-04T17:00:39.753Z - [REQUEST]: libs/shared/src/lib/shared.tsx
[NX v21.1.2 Daemon Server] - 2025-06-04T17:00:39.753Z - [REQUEST]: 
[NX v21.1.2 Daemon Server] - 2025-06-04T17:00:39.760Z - [REQUEST]: Responding to the client. handleHashMultiGlob
[NX v21.1.2 Daemon Server] - 2025-06-04T17:00:39.760Z - Done responding to the client handleHashMultiGlob
[NX v21.1.2 Daemon Server] - 2025-06-04T17:00:39.760Z - Handled HASH_GLOB. Handling time: 0. Response time: 0.
[NX v21.1.2 Daemon Server] - 2025-06-04T17:00:39.760Z - Time taken for 'hash changed files from watcher' 0.1159309996291995ms
[NX v21.1.2 Daemon Server] - 2025-06-04T17:00:39.761Z - [REQUEST]: Responding to the client. handleHashGlob
[NX v21.1.2 Daemon Server] - 2025-06-04T17:00:39.761Z - Done responding to the client handleHashGlob
[NX v21.1.2 Daemon Server] - 2025-06-04T17:00:39.761Z - Handled HASH_GLOB. Handling time: 0. Response time: 0.
[NX v21.1.2 Daemon Server] - 2025-06-04T17:00:39.763Z - [REQUEST]: Responding to the client. handleHashGlob
[NX v21.1.2 Daemon Server] - 2025-06-04T17:00:39.763Z - Done responding to the client handleHashGlob
[NX v21.1.2 Daemon Server] - 2025-06-04T17:00:39.763Z - Handled HASH_GLOB. Handling time: 1. Response time: 0.
[NX v21.1.2 Daemon Server] - 2025-06-04T17:00:39.765Z - [REQUEST]: Responding to the client. handleHashMultiGlob
[NX v21.1.2 Daemon Server] - 2025-06-04T17:00:39.765Z - Done responding to the client handleHashMultiGlob
[NX v21.1.2 Daemon Server] - 2025-06-04T17:00:39.765Z - Handled HASH_GLOB. Handling time: 1. Response time: 0.
[NX v21.1.2 Daemon Server] - 2025-06-04T17:00:39.802Z - Time taken for 'build-project-configs' 37.85966600012034ms
[NX v21.1.2 Daemon Server] - 2025-06-04T17:00:39.807Z - Time taken for '@nx/js/typescript:createDependencies' 11.167759000323713ms
[NX v21.1.2 Daemon Server] - 2025-06-04T17:00:39.808Z - Time taken for '@nx/vite/plugin:createDependencies' 9.189819999970496ms
[NX v21.1.2 Daemon Server] - 2025-06-04T17:00:39.830Z - [SYNC]: collect registered sync generators
[NX v21.1.2 Daemon Server] - 2025-06-04T17:00:39.830Z - [SYNC]: project graph hash is the same, not collecting task sync generators
[NX v21.1.2 Daemon Server] - 2025-06-04T17:00:39.830Z - [SYNC]: nx.json hash is the same, not collecting global sync generators
[NX v21.1.2 Daemon Server] - 2025-06-04T17:00:39.830Z - [SYNC]: scheduling: ["@nx/js:typescript-sync"]
[NX v21.1.2 Daemon Server] - 2025-06-04T17:00:39.830Z - Time taken for 'total execution time for createProjectGraph()' 27.677236000075936ms
[NX v21.1.2 Daemon Server] - 2025-06-04T17:00:39.931Z - [SYNC]: running scheduled generator @nx/js:typescript-sync
[NX v21.1.2 Daemon Server] - 2025-06-04T17:00:39.933Z - [REQUEST]: Client Request for Project Graph Received
[NX v21.1.2 Daemon Server] - 2025-06-04T17:00:39.933Z - [REQUEST]: Responding to the client. project-graph
[NX v21.1.2 Daemon Server] - 2025-06-04T17:00:39.934Z - Time taken for 'total for creating and serializing project graph' 0.21967600006610155ms
[NX v21.1.2 Daemon Server] - 2025-06-04T17:00:39.935Z - Done responding to the client project-graph
[NX v21.1.2 Daemon Server] - 2025-06-04T17:00:39.935Z - Handled REQUEST_PROJECT_GRAPH. Handling time: 0. Response time: 2.
[NX v21.1.2 Daemon Server] - 2025-06-04T17:00:39.955Z - [SYNC]: @nx/js:typescript-sync changes: 
[NX v21.1.2 Daemon Server] - 2025-06-04T17:00:39.969Z - Time taken for 'run-sync-generator:@nx/js:typescript-sync' 24.284176000393927ms
[NX v21.1.2 Daemon Server] - 2025-06-04T17:00:40.655Z - Established a connection. Number of open connections: 8
[NX v21.1.2 Daemon Server] - 2025-06-04T17:00:40.655Z - [REQUEST]: Client Request for Project Graph Received
[NX v21.1.2 Daemon Server] - 2025-06-04T17:00:40.656Z - [REQUEST]: Responding to the client. project-graph
[NX v21.1.2 Daemon Server] - 2025-06-04T17:00:40.656Z - Time taken for 'total for creating and serializing project graph' 0.2875860007479787ms
[NX v21.1.2 Daemon Server] - 2025-06-04T17:00:40.656Z - Closed a connection. Number of open connections: 7
[NX v21.1.2 Daemon Server] - 2025-06-04T17:00:40.658Z - Done responding to the client project-graph
[NX v21.1.2 Daemon Server] - 2025-06-04T17:00:40.658Z - Handled REQUEST_PROJECT_GRAPH. Handling time: 1. Response time: 2.
[NX v21.1.2 Daemon Server] - 2025-06-04T17:00:40.661Z - [REQUEST]: Responding to the client. handleContextFileData
[NX v21.1.2 Daemon Server] - 2025-06-04T17:00:40.661Z - Done responding to the client handleContextFileData
[NX v21.1.2 Daemon Server] - 2025-06-04T17:00:40.661Z - Handled GET_CONTEXT_FILE_DATA. Handling time: 0. Response time: 0.
[NX v21.1.2 Daemon Server] - 2025-06-04T17:00:40.661Z - Closed a connection. Number of open connections: 6
[NX v21.1.2 Daemon Server] - 2025-06-04T17:00:40.706Z - Closed a connection. Number of open connections: 5
[NX v21.1.2 Daemon Server] - 2025-06-04T17:00:40.708Z - Established a connection. Number of open connections: 6
[NX v21.1.2 Daemon Server] - 2025-06-04T17:00:40.708Z - Established a connection. Number of open connections: 7
[NX v21.1.2 Daemon Server] - 2025-06-04T17:00:40.708Z - Closed a connection. Number of open connections: 6
[NX v21.1.2 Daemon Server] - 2025-06-04T17:00:40.709Z - [REQUEST]: Client Request for Project Graph Received
[NX v21.1.2 Daemon Server] - 2025-06-04T17:00:40.709Z - [REQUEST]: Responding to the client. project-graph
[NX v21.1.2 Daemon Server] - 2025-06-04T17:00:40.710Z - Time taken for 'total for creating and serializing project graph' 0.3088720003142953ms
[NX v21.1.2 Daemon Server] - 2025-06-04T17:00:40.712Z - Done responding to the client project-graph
[NX v21.1.2 Daemon Server] - 2025-06-04T17:00:40.712Z - Handled REQUEST_PROJECT_GRAPH. Handling time: 0. Response time: 3.
[NX v21.1.2 Daemon Server] - 2025-06-04T17:00:40.715Z - [REQUEST]: Client Request for Project Graph Received
[NX v21.1.2 Daemon Server] - 2025-06-04T17:00:40.716Z - [REQUEST]: Responding to the client. project-graph
[NX v21.1.2 Daemon Server] - 2025-06-04T17:00:40.716Z - Time taken for 'total for creating and serializing project graph' 0.31582400016486645ms
[NX v21.1.2 Daemon Server] - 2025-06-04T17:00:40.718Z - Done responding to the client project-graph
[NX v21.1.2 Daemon Server] - 2025-06-04T17:00:40.718Z - Handled REQUEST_PROJECT_GRAPH. Handling time: 1. Response time: 2.
[NX v21.1.2 Daemon Server] - 2025-06-04T17:00:40.722Z - Established a connection. Number of open connections: 7
[NX v21.1.2 Daemon Server] - 2025-06-04T17:00:42.500Z - [WATCHER]: Processing file changes in outputs
[NX v21.1.2 Daemon Server] - 2025-06-04T17:00:42.501Z - [WATCHER]: libs/shared/src/lib/shared.tsx was modified
[NX v21.1.2 Daemon Server] - 2025-06-04T17:00:42.501Z - [REQUEST]: Responding to the client. File watch changed
[NX v21.1.2 Daemon Server] - 2025-06-04T17:00:42.501Z - Done responding to the client File watch changed
[NX v21.1.2 Daemon Server] - 2025-06-04T17:00:42.501Z - Handled FILE-WATCH-CHANGED. Handling time: 0. Response time: 0.
[NX v21.1.2 Daemon Server] - 2025-06-04T17:00:42.501Z - Time taken for 'changed-projects' 0.06144899968057871ms
[NX v21.1.2 Daemon Server] - 2025-06-04T17:00:42.602Z - [REQUEST]: Updated workspace context based on watched changes, recomputing project graph...
[NX v21.1.2 Daemon Server] - 2025-06-04T17:00:42.602Z - [REQUEST]: libs/shared/src/lib/shared.tsx
[NX v21.1.2 Daemon Server] - 2025-06-04T17:00:42.602Z - [REQUEST]: 
[NX v21.1.2 Daemon Server] - 2025-06-04T17:00:42.608Z - [REQUEST]: Responding to the client. handleHashMultiGlob
[NX v21.1.2 Daemon Server] - 2025-06-04T17:00:42.608Z - Done responding to the client handleHashMultiGlob
[NX v21.1.2 Daemon Server] - 2025-06-04T17:00:42.608Z - Handled HASH_GLOB. Handling time: 0. Response time: 0.
[NX v21.1.2 Daemon Server] - 2025-06-04T17:00:42.608Z - Time taken for 'hash changed files from watcher' 0.11368400044739246ms
[NX v21.1.2 Daemon Server] - 2025-06-04T17:00:42.609Z - [REQUEST]: Responding to the client. handleHashGlob
[NX v21.1.2 Daemon Server] - 2025-06-04T17:00:42.609Z - Done responding to the client handleHashGlob
[NX v21.1.2 Daemon Server] - 2025-06-04T17:00:42.609Z - Handled HASH_GLOB. Handling time: 1. Response time: 0.
[NX v21.1.2 Daemon Server] - 2025-06-04T17:00:42.611Z - [REQUEST]: Responding to the client. handleHashMultiGlob
[NX v21.1.2 Daemon Server] - 2025-06-04T17:00:42.611Z - Done responding to the client handleHashMultiGlob
[NX v21.1.2 Daemon Server] - 2025-06-04T17:00:42.611Z - Handled HASH_GLOB. Handling time: 2. Response time: 0.
[NX v21.1.2 Daemon Server] - 2025-06-04T17:00:42.612Z - [REQUEST]: Responding to the client. handleHashGlob
[NX v21.1.2 Daemon Server] - 2025-06-04T17:00:42.612Z - Done responding to the client handleHashGlob
[NX v21.1.2 Daemon Server] - 2025-06-04T17:00:42.612Z - Handled HASH_GLOB. Handling time: 1. Response time: 0.
[NX v21.1.2 Daemon Server] - 2025-06-04T17:00:42.624Z - Time taken for 'build-project-configs' 12.314302999526262ms
[NX v21.1.2 Daemon Server] - 2025-06-04T17:00:42.629Z - Time taken for '@nx/js/typescript:createDependencies' 10.10864800028503ms
[NX v21.1.2 Daemon Server] - 2025-06-04T17:00:42.629Z - Time taken for '@nx/vite/plugin:createDependencies' 9.571371000260115ms
[NX v21.1.2 Daemon Server] - 2025-06-04T17:00:42.649Z - [SYNC]: collect registered sync generators
[NX v21.1.2 Daemon Server] - 2025-06-04T17:00:42.650Z - [SYNC]: project graph hash is the same, not collecting task sync generators
[NX v21.1.2 Daemon Server] - 2025-06-04T17:00:42.650Z - [SYNC]: nx.json hash is the same, not collecting global sync generators
[NX v21.1.2 Daemon Server] - 2025-06-04T17:00:42.650Z - [SYNC]: scheduling: ["@nx/js:typescript-sync"]
[NX v21.1.2 Daemon Server] - 2025-06-04T17:00:42.650Z - Time taken for 'total execution time for createProjectGraph()' 25.065534999594092ms
[NX v21.1.2 Daemon Server] - 2025-06-04T17:00:42.850Z - [SYNC]: running scheduled generator @nx/js:typescript-sync
[NX v21.1.2 Daemon Server] - 2025-06-04T17:00:42.852Z - [REQUEST]: Client Request for Project Graph Received
[NX v21.1.2 Daemon Server] - 2025-06-04T17:00:42.852Z - [REQUEST]: Responding to the client. project-graph
[NX v21.1.2 Daemon Server] - 2025-06-04T17:00:42.853Z - Time taken for 'total for creating and serializing project graph' 0.25999899953603745ms
[NX v21.1.2 Daemon Server] - 2025-06-04T17:00:42.855Z - Done responding to the client project-graph
[NX v21.1.2 Daemon Server] - 2025-06-04T17:00:42.855Z - Handled REQUEST_PROJECT_GRAPH. Handling time: 0. Response time: 3.
[NX v21.1.2 Daemon Server] - 2025-06-04T17:00:42.881Z - [SYNC]: @nx/js:typescript-sync changes: 
[NX v21.1.2 Daemon Server] - 2025-06-04T17:00:42.882Z - Time taken for 'run-sync-generator:@nx/js:typescript-sync' 31.523399000056088ms
[NX v21.1.2 Daemon Server] - 2025-06-04T17:00:43.504Z - Established a connection. Number of open connections: 8
[NX v21.1.2 Daemon Server] - 2025-06-04T17:00:43.504Z - [REQUEST]: Client Request for Project Graph Received
[NX v21.1.2 Daemon Server] - 2025-06-04T17:00:43.505Z - [REQUEST]: Responding to the client. project-graph
[NX v21.1.2 Daemon Server] - 2025-06-04T17:00:43.506Z - Time taken for 'total for creating and serializing project graph' 0.2127110008150339ms
[NX v21.1.2 Daemon Server] - 2025-06-04T17:00:43.506Z - Closed a connection. Number of open connections: 7
[NX v21.1.2 Daemon Server] - 2025-06-04T17:00:43.508Z - Done responding to the client project-graph
[NX v21.1.2 Daemon Server] - 2025-06-04T17:00:43.508Z - Handled REQUEST_PROJECT_GRAPH. Handling time: 1. Response time: 3.
[NX v21.1.2 Daemon Server] - 2025-06-04T17:00:43.511Z - [REQUEST]: Responding to the client. handleContextFileData
[NX v21.1.2 Daemon Server] - 2025-06-04T17:00:43.511Z - Done responding to the client handleContextFileData
[NX v21.1.2 Daemon Server] - 2025-06-04T17:00:43.511Z - Handled GET_CONTEXT_FILE_DATA. Handling time: 0. Response time: 0.
[NX v21.1.2 Daemon Server] - 2025-06-04T17:00:43.512Z - Closed a connection. Number of open connections: 6
[NX v21.1.2 Daemon Server] - 2025-06-04T17:00:43.547Z - Closed a connection. Number of open connections: 5
[NX v21.1.2 Daemon Server] - 2025-06-04T17:00:43.547Z - Established a connection. Number of open connections: 6
[NX v21.1.2 Daemon Server] - 2025-06-04T17:00:43.548Z - Established a connection. Number of open connections: 7
[NX v21.1.2 Daemon Server] - 2025-06-04T17:00:43.548Z - Closed a connection. Number of open connections: 6
[NX v21.1.2 Daemon Server] - 2025-06-04T17:00:43.548Z - [REQUEST]: Client Request for Project Graph Received
[NX v21.1.2 Daemon Server] - 2025-06-04T17:00:43.548Z - [REQUEST]: Responding to the client. project-graph
[NX v21.1.2 Daemon Server] - 2025-06-04T17:00:43.549Z - Time taken for 'total for creating and serializing project graph' 0.18726899940520525ms
[NX v21.1.2 Daemon Server] - 2025-06-04T17:00:43.550Z - Done responding to the client project-graph
[NX v21.1.2 Daemon Server] - 2025-06-04T17:00:43.550Z - Handled REQUEST_PROJECT_GRAPH. Handling time: 0. Response time: 2.
[NX v21.1.2 Daemon Server] - 2025-06-04T17:00:43.552Z - [REQUEST]: Client Request for Project Graph Received
[NX v21.1.2 Daemon Server] - 2025-06-04T17:00:43.553Z - [REQUEST]: Responding to the client. project-graph
[NX v21.1.2 Daemon Server] - 2025-06-04T17:00:43.553Z - Time taken for 'total for creating and serializing project graph' 0.20389200001955032ms
[NX v21.1.2 Daemon Server] - 2025-06-04T17:00:43.554Z - Done responding to the client project-graph
[NX v21.1.2 Daemon Server] - 2025-06-04T17:00:43.554Z - Handled REQUEST_PROJECT_GRAPH. Handling time: 1. Response time: 1.
[NX v21.1.2 Daemon Server] - 2025-06-04T17:00:43.557Z - Established a connection. Number of open connections: 7
[NX v21.1.2 Daemon Server] - 2025-06-04T17:00:49.037Z - Established a connection. Number of open connections: 8
[NX v21.1.2 Daemon Server] - 2025-06-04T17:00:49.038Z - Closed a connection. Number of open connections: 7
[NX v21.1.2 Daemon Server] - 2025-06-04T17:00:49.039Z - Established a connection. Number of open connections: 8
[NX v21.1.2 Daemon Server] - 2025-06-04T17:00:49.041Z - [REQUEST]: Client Request for Project Graph Received
[NX v21.1.2 Daemon Server] - 2025-06-04T17:00:49.042Z - [REQUEST]: Responding to the client. project-graph
[NX v21.1.2 Daemon Server] - 2025-06-04T17:00:49.042Z - Time taken for 'total for creating and serializing project graph' 0.2515719998627901ms
[NX v21.1.2 Daemon Server] - 2025-06-04T17:00:49.048Z - Done responding to the client project-graph
[NX v21.1.2 Daemon Server] - 2025-06-04T17:00:49.048Z - Handled REQUEST_PROJECT_GRAPH. Handling time: 1. Response time: 6.
[NX v21.1.2 Daemon Server] - 2025-06-04T17:00:49.054Z - [REQUEST]: Responding to the client. handleRunPreTasksExecution
[NX v21.1.2 Daemon Server] - 2025-06-04T17:00:49.054Z - Done responding to the client handleRunPreTasksExecution
[NX v21.1.2 Daemon Server] - 2025-06-04T17:00:49.055Z - Handled PRE_TASKS_EXECUTION. Handling time: 0. Response time: 1.
[NX v21.1.2 Daemon Server] - 2025-06-04T17:00:49.055Z - Time taken for 'preTasksExecution' 0.14491300005465746ms
[NX v21.1.2 Daemon Server] - 2025-06-04T17:00:49.057Z - [SYNC]: get sync generators changes on demand ["@nx/js:typescript-sync"]
[NX v21.1.2 Daemon Server] - 2025-06-04T17:00:49.057Z - [SYNC]: @nx/js:typescript-sync not scheduled and has cached result, returning cached result
[NX v21.1.2 Daemon Server] - 2025-06-04T17:00:49.057Z - [REQUEST]: Responding to the client. handleGetSyncGeneratorChanges
[NX v21.1.2 Daemon Server] - 2025-06-04T17:00:49.057Z - Done responding to the client handleGetSyncGeneratorChanges
[NX v21.1.2 Daemon Server] - 2025-06-04T17:00:49.057Z - Handled GET_SYNC_GENERATOR_CHANGES. Handling time: 0. Response time: 0.
[NX v21.1.2 Daemon Server] - 2025-06-04T17:00:49.130Z - [REQUEST]: Responding to the client. handleHashTasks
[NX v21.1.2 Daemon Server] - 2025-06-04T17:00:49.131Z - Done responding to the client handleHashTasks
[NX v21.1.2 Daemon Server] - 2025-06-04T17:00:49.131Z - Handled HASH_TASKS. Handling time: 14. Response time: 1.
[NX v21.1.2 Daemon Server] - 2025-06-04T17:00:49.217Z - [REQUEST]: Responding to the client. handleGetEstimatedTaskTimings
[NX v21.1.2 Daemon Server] - 2025-06-04T17:00:49.217Z - Done responding to the client handleGetEstimatedTaskTimings
[NX v21.1.2 Daemon Server] - 2025-06-04T17:00:49.217Z - Handled GET_ESTIMATED_TASK_TIMINGS. Handling time: 0. Response time: 0.
[NX v21.1.2 Daemon Server] - 2025-06-04T17:01:05.605Z - [WATCHER]: apps/second-app/tailwind.config.js was modified
[NX v21.1.2 Daemon Server] - 2025-06-04T17:01:05.606Z - [REQUEST]: Responding to the client. File watch changed
[NX v21.1.2 Daemon Server] - 2025-06-04T17:01:05.606Z - Done responding to the client File watch changed
[NX v21.1.2 Daemon Server] - 2025-06-04T17:01:05.606Z - Handled FILE-WATCH-CHANGED. Handling time: 0. Response time: 0.
[NX v21.1.2 Daemon Server] - 2025-06-04T17:01:05.606Z - [WATCHER]: Processing file changes in outputs
[NX v21.1.2 Daemon Server] - 2025-06-04T17:01:05.606Z - Time taken for 'changed-projects' 0.04033700004220009ms
[NX v21.1.2 Daemon Server] - 2025-06-04T17:01:05.706Z - [REQUEST]: Updated workspace context based on watched changes, recomputing project graph...
[NX v21.1.2 Daemon Server] - 2025-06-04T17:01:05.707Z - [REQUEST]: apps/second-app/tailwind.config.js
[NX v21.1.2 Daemon Server] - 2025-06-04T17:01:05.707Z - [REQUEST]: 
[NX v21.1.2 Daemon Server] - 2025-06-04T17:01:05.718Z - [REQUEST]: Responding to the client. handleHashMultiGlob
[NX v21.1.2 Daemon Server] - 2025-06-04T17:01:05.718Z - Done responding to the client handleHashMultiGlob
[NX v21.1.2 Daemon Server] - 2025-06-04T17:01:05.718Z - Handled HASH_GLOB. Handling time: 0. Response time: 0.
[NX v21.1.2 Daemon Server] - 2025-06-04T17:01:05.720Z - [REQUEST]: Responding to the client. handleHashGlob
[NX v21.1.2 Daemon Server] - 2025-06-04T17:01:05.720Z - Done responding to the client handleHashGlob
[NX v21.1.2 Daemon Server] - 2025-06-04T17:01:05.720Z - Handled HASH_GLOB. Handling time: 1. Response time: 0.
[NX v21.1.2 Daemon Server] - 2025-06-04T17:01:05.720Z - Time taken for 'hash changed files from watcher' 0.131780999712646ms
[NX v21.1.2 Daemon Server] - 2025-06-04T17:01:05.723Z - [REQUEST]: Responding to the client. handleHashMultiGlob
[NX v21.1.2 Daemon Server] - 2025-06-04T17:01:05.723Z - Done responding to the client handleHashMultiGlob
[NX v21.1.2 Daemon Server] - 2025-06-04T17:01:05.723Z - Handled HASH_GLOB. Handling time: 2. Response time: 0.
[NX v21.1.2 Daemon Server] - 2025-06-04T17:01:05.724Z - [REQUEST]: Responding to the client. handleHashGlob
[NX v21.1.2 Daemon Server] - 2025-06-04T17:01:05.725Z - Done responding to the client handleHashGlob
[NX v21.1.2 Daemon Server] - 2025-06-04T17:01:05.725Z - Handled HASH_GLOB. Handling time: 0. Response time: 1.
[NX v21.1.2 Daemon Server] - 2025-06-04T17:01:05.762Z - Time taken for 'build-project-configs' 38.176706000231206ms
[NX v21.1.2 Daemon Server] - 2025-06-04T17:01:05.771Z - Time taken for '@nx/js/typescript:createDependencies' 16.702243000268936ms
[NX v21.1.2 Daemon Server] - 2025-06-04T17:01:05.774Z - Time taken for '@nx/vite/plugin:createDependencies' 18.11040800064802ms
[NX v21.1.2 Daemon Server] - 2025-06-04T17:01:05.872Z - [SYNC]: collect registered sync generators
[NX v21.1.2 Daemon Server] - 2025-06-04T17:01:05.874Z - [SYNC]: project graph hash is the same, not collecting task sync generators
[NX v21.1.2 Daemon Server] - 2025-06-04T17:01:05.882Z - [SYNC]: nx.json hash is the same, not collecting global sync generators
[NX v21.1.2 Daemon Server] - 2025-06-04T17:01:05.882Z - [SYNC]: scheduling: ["@nx/js:typescript-sync"]
[NX v21.1.2 Daemon Server] - 2025-06-04T17:01:05.882Z - Time taken for 'total execution time for createProjectGraph()' 96.23298900015652ms
[NX v21.1.2 Daemon Server] - 2025-06-04T17:01:05.982Z - [SYNC]: running scheduled generator @nx/js:typescript-sync
[NX v21.1.2 Daemon Server] - 2025-06-04T17:01:05.985Z - [REQUEST]: Client Request for Project Graph Received
[NX v21.1.2 Daemon Server] - 2025-06-04T17:01:05.985Z - [REQUEST]: Responding to the client. project-graph
[NX v21.1.2 Daemon Server] - 2025-06-04T17:01:05.987Z - Time taken for 'total for creating and serializing project graph' 0.4178960006684065ms
[NX v21.1.2 Daemon Server] - 2025-06-04T17:01:05.990Z - Done responding to the client project-graph
[NX v21.1.2 Daemon Server] - 2025-06-04T17:01:05.990Z - Handled REQUEST_PROJECT_GRAPH. Handling time: 0. Response time: 5.
[NX v21.1.2 Daemon Server] - 2025-06-04T17:01:06.044Z - [SYNC]: @nx/js:typescript-sync changes: 
[NX v21.1.2 Daemon Server] - 2025-06-04T17:01:06.044Z - Time taken for 'run-sync-generator:@nx/js:typescript-sync' 61.547691999934614ms
[NX v21.1.2 Daemon Server] - 2025-06-04T17:01:06.624Z - Established a connection. Number of open connections: 9
[NX v21.1.2 Daemon Server] - 2025-06-04T17:01:06.626Z - [REQUEST]: Client Request for Project Graph Received
[NX v21.1.2 Daemon Server] - 2025-06-04T17:01:06.627Z - [REQUEST]: Responding to the client. project-graph
[NX v21.1.2 Daemon Server] - 2025-06-04T17:01:06.628Z - Time taken for 'total for creating and serializing project graph' 0.7775959996506572ms
[NX v21.1.2 Daemon Server] - 2025-06-04T17:01:06.628Z - Closed a connection. Number of open connections: 8
[NX v21.1.2 Daemon Server] - 2025-06-04T17:01:06.631Z - Done responding to the client project-graph
[NX v21.1.2 Daemon Server] - 2025-06-04T17:01:06.631Z - Handled REQUEST_PROJECT_GRAPH. Handling time: 1. Response time: 4.
[NX v21.1.2 Daemon Server] - 2025-06-04T17:01:06.638Z - [REQUEST]: Responding to the client. handleContextFileData
[NX v21.1.2 Daemon Server] - 2025-06-04T17:01:06.638Z - Done responding to the client handleContextFileData
[NX v21.1.2 Daemon Server] - 2025-06-04T17:01:06.643Z - Handled GET_CONTEXT_FILE_DATA. Handling time: 0. Response time: 5.
[NX v21.1.2 Daemon Server] - 2025-06-04T17:01:06.644Z - Closed a connection. Number of open connections: 7
[NX v21.1.2 Daemon Server] - 2025-06-04T17:01:06.721Z - Closed a connection. Number of open connections: 6
[NX v21.1.2 Daemon Server] - 2025-06-04T17:01:06.722Z - Established a connection. Number of open connections: 7
[NX v21.1.2 Daemon Server] - 2025-06-04T17:01:06.723Z - Established a connection. Number of open connections: 8
[NX v21.1.2 Daemon Server] - 2025-06-04T17:01:06.723Z - Closed a connection. Number of open connections: 7
[NX v21.1.2 Daemon Server] - 2025-06-04T17:01:06.723Z - [REQUEST]: Client Request for Project Graph Received
[NX v21.1.2 Daemon Server] - 2025-06-04T17:01:06.723Z - [REQUEST]: Responding to the client. project-graph
[NX v21.1.2 Daemon Server] - 2025-06-04T17:01:06.724Z - Time taken for 'total for creating and serializing project graph' 0.2451139995828271ms
[NX v21.1.2 Daemon Server] - 2025-06-04T17:01:06.727Z - Done responding to the client project-graph
[NX v21.1.2 Daemon Server] - 2025-06-04T17:01:06.727Z - Handled REQUEST_PROJECT_GRAPH. Handling time: 0. Response time: 4.
[NX v21.1.2 Daemon Server] - 2025-06-04T17:01:06.730Z - [REQUEST]: Client Request for Project Graph Received
[NX v21.1.2 Daemon Server] - 2025-06-04T17:01:06.731Z - [REQUEST]: Responding to the client. project-graph
[NX v21.1.2 Daemon Server] - 2025-06-04T17:01:06.731Z - Time taken for 'total for creating and serializing project graph' 0.42698199953883886ms
[NX v21.1.2 Daemon Server] - 2025-06-04T17:01:06.733Z - Done responding to the client project-graph
[NX v21.1.2 Daemon Server] - 2025-06-04T17:01:06.733Z - Handled REQUEST_PROJECT_GRAPH. Handling time: 1. Response time: 2.
[NX v21.1.2 Daemon Server] - 2025-06-04T17:01:06.736Z - Established a connection. Number of open connections: 8
[NX v21.1.2 Daemon Server] - 2025-06-04T17:01:10.351Z - [REQUEST]: Responding to the client. handleRecordTaskRuns
[NX v21.1.2 Daemon Server] - 2025-06-04T17:01:10.352Z - Done responding to the client handleRecordTaskRuns
[NX v21.1.2 Daemon Server] - 2025-06-04T17:01:10.352Z - Handled RECORD_TASK_RUNS. Handling time: 0. Response time: 1.
[NX v21.1.2 Daemon Server] - 2025-06-04T17:01:10.353Z - [REQUEST]: Responding to the client. handleGetFlakyTasks
[NX v21.1.2 Daemon Server] - 2025-06-04T17:01:10.353Z - Done responding to the client handleGetFlakyTasks
[NX v21.1.2 Daemon Server] - 2025-06-04T17:01:10.353Z - Handled GET_FLAKY_TASKS. Handling time: 0. Response time: 0.
[NX v21.1.2 Daemon Server] - 2025-06-04T17:01:10.478Z - [REQUEST]: Responding to the client. handleRunPostTasksExecution
[NX v21.1.2 Daemon Server] - 2025-06-04T17:01:10.478Z - Done responding to the client handleRunPostTasksExecution
[NX v21.1.2 Daemon Server] - 2025-06-04T17:01:10.478Z - Handled POST_TASKS_EXECUTION. Handling time: 0. Response time: 0.
[NX v21.1.2 Daemon Server] - 2025-06-04T17:01:10.478Z - Time taken for 'postTasksExecution' 0.23642100021243095ms
[NX v21.1.2 Daemon Server] - 2025-06-04T17:01:10.488Z - Closed a connection. Number of open connections: 7
[NX v21.1.2 Daemon Server] - 2025-06-04T17:09:33.678Z - Established a connection. Number of open connections: 8
[NX v21.1.2 Daemon Server] - 2025-06-04T17:09:33.680Z - Closed a connection. Number of open connections: 7
[NX v21.1.2 Daemon Server] - 2025-06-04T17:09:33.680Z - Established a connection. Number of open connections: 8
[NX v21.1.2 Daemon Server] - 2025-06-04T17:09:33.683Z - [REQUEST]: Client Request for Project Graph Received
[NX v21.1.2 Daemon Server] - 2025-06-04T17:09:33.683Z - [REQUEST]: Responding to the client. project-graph
[NX v21.1.2 Daemon Server] - 2025-06-04T17:09:33.684Z - Time taken for 'total for creating and serializing project graph' 0.30549499951303005ms
[NX v21.1.2 Daemon Server] - 2025-06-04T17:09:33.690Z - Done responding to the client project-graph
[NX v21.1.2 Daemon Server] - 2025-06-04T17:09:33.690Z - Handled REQUEST_PROJECT_GRAPH. Handling time: 0. Response time: 7.
[NX v21.1.2 Daemon Server] - 2025-06-04T17:09:33.708Z - [REQUEST]: Client Request for Project Graph Received
[NX v21.1.2 Daemon Server] - 2025-06-04T17:09:33.708Z - [REQUEST]: Responding to the client. project-graph
[NX v21.1.2 Daemon Server] - 2025-06-04T17:09:33.709Z - Time taken for 'total for creating and serializing project graph' 0.1878509996458888ms
[NX v21.1.2 Daemon Server] - 2025-06-04T17:09:33.710Z - Done responding to the client project-graph
[NX v21.1.2 Daemon Server] - 2025-06-04T17:09:33.710Z - Handled REQUEST_PROJECT_GRAPH. Handling time: 0. Response time: 2.
[NX v21.1.2 Daemon Server] - 2025-06-04T17:09:33.714Z - Established a connection. Number of open connections: 9
[NX v21.1.2 Daemon Server] - 2025-06-04T17:09:33.714Z - [REQUEST]: Client Request for Project Graph Received
[NX v21.1.2 Daemon Server] - 2025-06-04T17:09:33.715Z - [REQUEST]: Responding to the client. project-graph
[NX v21.1.2 Daemon Server] - 2025-06-04T17:09:33.716Z - Time taken for 'total for creating and serializing project graph' 0.23931699991226196ms
[NX v21.1.2 Daemon Server] - 2025-06-04T17:09:33.718Z - Done responding to the client project-graph
[NX v21.1.2 Daemon Server] - 2025-06-04T17:09:33.718Z - Handled REQUEST_PROJECT_GRAPH. Handling time: 1. Response time: 3.
[NX v21.1.2 Daemon Server] - 2025-06-04T17:21:29.596Z - Closed a connection. Number of open connections: 8
[NX v21.1.2 Daemon Server] - 2025-06-04T17:21:29.597Z - Closed a connection. Number of open connections: 7
[NX v21.1.2 Daemon Server] - 2025-06-04T19:05:08.160Z - Established a connection. Number of open connections: 8
[NX v21.1.2 Daemon Server] - 2025-06-04T19:05:08.162Z - Closed a connection. Number of open connections: 7
[NX v21.1.2 Daemon Server] - 2025-06-04T19:05:08.163Z - Established a connection. Number of open connections: 8
[NX v21.1.2 Daemon Server] - 2025-06-04T19:05:08.166Z - [REQUEST]: Client Request for Project Graph Received
[NX v21.1.2 Daemon Server] - 2025-06-04T19:05:08.167Z - [REQUEST]: Responding to the client. project-graph
[NX v21.1.2 Daemon Server] - 2025-06-04T19:05:08.168Z - Time taken for 'total for creating and serializing project graph' 0.3008520007133484ms
[NX v21.1.2 Daemon Server] - 2025-06-04T19:05:08.171Z - Done responding to the client project-graph
[NX v21.1.2 Daemon Server] - 2025-06-04T19:05:08.171Z - Handled REQUEST_PROJECT_GRAPH. Handling time: 1. Response time: 4.
[NX v21.1.2 Daemon Server] - 2025-06-04T19:05:08.189Z - [REQUEST]: Client Request for Project Graph Received
[NX v21.1.2 Daemon Server] - 2025-06-04T19:05:08.189Z - [REQUEST]: Responding to the client. project-graph
[NX v21.1.2 Daemon Server] - 2025-06-04T19:05:08.189Z - Time taken for 'total for creating and serializing project graph' 0.3182830009609461ms
[NX v21.1.2 Daemon Server] - 2025-06-04T19:05:08.191Z - Done responding to the client project-graph
[NX v21.1.2 Daemon Server] - 2025-06-04T19:05:08.191Z - Handled REQUEST_PROJECT_GRAPH. Handling time: 0. Response time: 2.
[NX v21.1.2 Daemon Server] - 2025-06-04T19:05:08.195Z - Established a connection. Number of open connections: 9
[NX v21.1.2 Daemon Server] - 2025-06-04T19:05:08.195Z - [REQUEST]: Client Request for Project Graph Received
[NX v21.1.2 Daemon Server] - 2025-06-04T19:05:08.196Z - [REQUEST]: Responding to the client. project-graph
[NX v21.1.2 Daemon Server] - 2025-06-04T19:05:08.197Z - Time taken for 'total for creating and serializing project graph' 0.26666499860584736ms
[NX v21.1.2 Daemon Server] - 2025-06-04T19:05:08.198Z - Done responding to the client project-graph
[NX v21.1.2 Daemon Server] - 2025-06-04T19:05:08.198Z - Handled REQUEST_PROJECT_GRAPH. Handling time: 1. Response time: 2.
[NX v21.1.2 Daemon Server] - 2025-06-04T19:06:27.008Z - [WATCHER]: libs/shared/package.json was modified
[NX v21.1.2 Daemon Server] - 2025-06-04T19:06:27.008Z - [REQUEST]: Responding to the client. File watch changed
[NX v21.1.2 Daemon Server] - 2025-06-04T19:06:27.009Z - [REQUEST]: Responding to the client. File watch changed
[NX v21.1.2 Daemon Server] - 2025-06-04T19:06:27.009Z - Done responding to the client File watch changed
[NX v21.1.2 Daemon Server] - 2025-06-04T19:06:27.009Z - Done responding to the client File watch changed
[NX v21.1.2 Daemon Server] - 2025-06-04T19:06:27.009Z - Handled FILE-WATCH-CHANGED. Handling time: 0. Response time: 1.
[NX v21.1.2 Daemon Server] - 2025-06-04T19:06:27.009Z - Handled FILE-WATCH-CHANGED. Handling time: 1. Response time: 0.
[NX v21.1.2 Daemon Server] - 2025-06-04T19:06:27.009Z - [WATCHER]: Processing file changes in outputs
[NX v21.1.2 Daemon Server] - 2025-06-04T19:06:27.009Z - Time taken for 'changed-projects' 0.05732499994337559ms
[NX v21.1.2 Daemon Server] - 2025-06-04T19:06:27.108Z - [REQUEST]: Updated workspace context based on watched changes, recomputing project graph...
[NX v21.1.2 Daemon Server] - 2025-06-04T19:06:27.108Z - [REQUEST]: libs/shared/package.json
[NX v21.1.2 Daemon Server] - 2025-06-04T19:06:27.108Z - [REQUEST]: 
[NX v21.1.2 Daemon Server] - 2025-06-04T19:06:27.115Z - Time taken for 'hash changed files from watcher' 0.17409399896860123ms
[NX v21.1.2 Daemon Server] - 2025-06-04T19:06:27.127Z - [REQUEST]: Responding to the client. handleHashMultiGlob
[NX v21.1.2 Daemon Server] - 2025-06-04T19:06:27.127Z - Done responding to the client handleHashMultiGlob
[NX v21.1.2 Daemon Server] - 2025-06-04T19:06:27.127Z - Handled HASH_GLOB. Handling time: 0. Response time: 0.
[NX v21.1.2 Daemon Server] - 2025-06-04T19:06:27.130Z - [REQUEST]: Responding to the client. handleHashGlob
[NX v21.1.2 Daemon Server] - 2025-06-04T19:06:27.130Z - Done responding to the client handleHashGlob
[NX v21.1.2 Daemon Server] - 2025-06-04T19:06:27.130Z - Handled HASH_GLOB. Handling time: 1. Response time: 0.
[NX v21.1.2 Daemon Server] - 2025-06-04T19:06:27.132Z - [REQUEST]: Responding to the client. handleHashGlob
[NX v21.1.2 Daemon Server] - 2025-06-04T19:06:27.132Z - Done responding to the client handleHashGlob
[NX v21.1.2 Daemon Server] - 2025-06-04T19:06:27.132Z - Handled HASH_GLOB. Handling time: 1. Response time: 0.
[NX v21.1.2 Daemon Server] - 2025-06-04T19:06:27.133Z - [REQUEST]: Responding to the client. handleHashMultiGlob
[NX v21.1.2 Daemon Server] - 2025-06-04T19:06:27.134Z - Done responding to the client handleHashMultiGlob
[NX v21.1.2 Daemon Server] - 2025-06-04T19:06:27.134Z - Handled HASH_GLOB. Handling time: 1. Response time: 1.
[NX v21.1.2 Daemon Server] - 2025-06-04T19:06:27.193Z - Time taken for 'build-project-configs' 73.33412299863994ms
[NX v21.1.2 Daemon Server] - 2025-06-04T19:06:27.203Z - Time taken for '@nx/js/typescript:createDependencies' 14.697844000533223ms
[NX v21.1.2 Daemon Server] - 2025-06-04T19:06:27.211Z - Time taken for '@nx/vite/plugin:createDependencies' 21.60165499895811ms
[NX v21.1.2 Daemon Server] - 2025-06-04T19:06:27.245Z - [SYNC]: collect registered sync generators
[NX v21.1.2 Daemon Server] - 2025-06-04T19:06:27.246Z - [SYNC]: nx.json hash is the same, not collecting global sync generators
[NX v21.1.2 Daemon Server] - 2025-06-04T19:06:27.246Z - [SYNC]: scheduling: ["@nx/js:typescript-sync"]
[NX v21.1.2 Daemon Server] - 2025-06-04T19:06:27.246Z - Time taken for 'total execution time for createProjectGraph()' 49.67166299931705ms
[NX v21.1.2 Daemon Server] - 2025-06-04T19:06:27.446Z - [SYNC]: running scheduled generator @nx/js:typescript-sync
[NX v21.1.2 Daemon Server] - 2025-06-04T19:06:27.450Z - [REQUEST]: Client Request for Project Graph Received
[NX v21.1.2 Daemon Server] - 2025-06-04T19:06:27.450Z - [REQUEST]: Responding to the client. project-graph
[NX v21.1.2 Daemon Server] - 2025-06-04T19:06:27.450Z - Time taken for 'total for creating and serializing project graph' 0.1946959998458624ms
[NX v21.1.2 Daemon Server] - 2025-06-04T19:06:27.452Z - Done responding to the client project-graph
[NX v21.1.2 Daemon Server] - 2025-06-04T19:06:27.452Z - Handled REQUEST_PROJECT_GRAPH. Handling time: 0. Response time: 2.
[NX v21.1.2 Daemon Server] - 2025-06-04T19:06:27.473Z - [SYNC]: @nx/js:typescript-sync changes: 
[NX v21.1.2 Daemon Server] - 2025-06-04T19:06:27.473Z - Time taken for 'run-sync-generator:@nx/js:typescript-sync' 26.316389998421073ms
[NX v21.1.2 Daemon Server] - 2025-06-04T19:06:27.520Z - [REQUEST]: Client Request for Project Graph Received
[NX v21.1.2 Daemon Server] - 2025-06-04T19:06:27.520Z - [REQUEST]: Responding to the client. project-graph
[NX v21.1.2 Daemon Server] - 2025-06-04T19:06:27.521Z - Time taken for 'total for creating and serializing project graph' 0.2744640000164509ms
[NX v21.1.2 Daemon Server] - 2025-06-04T19:06:27.522Z - Done responding to the client project-graph
[NX v21.1.2 Daemon Server] - 2025-06-04T19:06:27.522Z - Handled REQUEST_PROJECT_GRAPH. Handling time: 0. Response time: 2.
[NX v21.1.2 Daemon Server] - 2025-06-04T19:06:28.014Z - Established a connection. Number of open connections: 10
[NX v21.1.2 Daemon Server] - 2025-06-04T19:06:28.015Z - Closed a connection. Number of open connections: 9
[NX v21.1.2 Daemon Server] - 2025-06-04T19:06:28.015Z - [REQUEST]: Client Request for Project Graph Received
[NX v21.1.2 Daemon Server] - 2025-06-04T19:06:28.015Z - [REQUEST]: Responding to the client. project-graph
[NX v21.1.2 Daemon Server] - 2025-06-04T19:06:28.016Z - Time taken for 'total for creating and serializing project graph' 0.19648299925029278ms
[NX v21.1.2 Daemon Server] - 2025-06-04T19:06:28.017Z - Done responding to the client project-graph
[NX v21.1.2 Daemon Server] - 2025-06-04T19:06:28.017Z - Handled REQUEST_PROJECT_GRAPH. Handling time: 0. Response time: 2.
[NX v21.1.2 Daemon Server] - 2025-06-04T19:06:28.023Z - [REQUEST]: Responding to the client. handleContextFileData
[NX v21.1.2 Daemon Server] - 2025-06-04T19:06:28.023Z - Done responding to the client handleContextFileData
[NX v21.1.2 Daemon Server] - 2025-06-04T19:06:28.023Z - Handled GET_CONTEXT_FILE_DATA. Handling time: 0. Response time: 0.
[NX v21.1.2 Daemon Server] - 2025-06-04T19:06:28.024Z - Closed a connection. Number of open connections: 8
[NX v21.1.2 Daemon Server] - 2025-06-04T19:06:28.084Z - Closed a connection. Number of open connections: 7
[NX v21.1.2 Daemon Server] - 2025-06-04T19:06:28.088Z - Established a connection. Number of open connections: 8
[NX v21.1.2 Daemon Server] - 2025-06-04T19:06:28.088Z - Established a connection. Number of open connections: 9
[NX v21.1.2 Daemon Server] - 2025-06-04T19:06:28.088Z - Closed a connection. Number of open connections: 8
[NX v21.1.2 Daemon Server] - 2025-06-04T19:06:28.089Z - [REQUEST]: Client Request for Project Graph Received
[NX v21.1.2 Daemon Server] - 2025-06-04T19:06:28.089Z - [REQUEST]: Responding to the client. project-graph
[NX v21.1.2 Daemon Server] - 2025-06-04T19:06:28.089Z - Time taken for 'total for creating and serializing project graph' 0.19835600070655346ms
[NX v21.1.2 Daemon Server] - 2025-06-04T19:06:28.091Z - Done responding to the client project-graph
[NX v21.1.2 Daemon Server] - 2025-06-04T19:06:28.091Z - Handled REQUEST_PROJECT_GRAPH. Handling time: 0. Response time: 2.
[NX v21.1.2 Daemon Server] - 2025-06-04T19:06:28.093Z - [REQUEST]: Client Request for Project Graph Received
[NX v21.1.2 Daemon Server] - 2025-06-04T19:06:28.093Z - [REQUEST]: Responding to the client. project-graph
[NX v21.1.2 Daemon Server] - 2025-06-04T19:06:28.094Z - Time taken for 'total for creating and serializing project graph' 0.1799710001796484ms
[NX v21.1.2 Daemon Server] - 2025-06-04T19:06:28.095Z - Done responding to the client project-graph
[NX v21.1.2 Daemon Server] - 2025-06-04T19:06:28.095Z - Handled REQUEST_PROJECT_GRAPH. Handling time: 0. Response time: 2.
[NX v21.1.2 Daemon Server] - 2025-06-04T19:06:28.098Z - Established a connection. Number of open connections: 9
[NX v21.1.2 Daemon Server] - 2025-06-04T19:07:29.242Z - [WATCHER]: Processing file changes in outputs
[NX v21.1.2 Daemon Server] - 2025-06-04T19:07:29.244Z - [WATCHER]: apps/second-app/package.json was modified
[NX v21.1.2 Daemon Server] - 2025-06-04T19:07:29.244Z - [REQUEST]: Responding to the client. File watch changed
[NX v21.1.2 Daemon Server] - 2025-06-04T19:07:29.244Z - [REQUEST]: Responding to the client. File watch changed
[NX v21.1.2 Daemon Server] - 2025-06-04T19:07:29.244Z - Done responding to the client File watch changed
[NX v21.1.2 Daemon Server] - 2025-06-04T19:07:29.244Z - Done responding to the client File watch changed
[NX v21.1.2 Daemon Server] - 2025-06-04T19:07:29.244Z - Handled FILE-WATCH-CHANGED. Handling time: 0. Response time: 0.
[NX v21.1.2 Daemon Server] - 2025-06-04T19:07:29.244Z - Handled FILE-WATCH-CHANGED. Handling time: 0. Response time: 0.
[NX v21.1.2 Daemon Server] - 2025-06-04T19:07:29.244Z - Time taken for 'changed-projects' 0.05917000025510788ms
[NX v21.1.2 Daemon Server] - 2025-06-04T19:07:29.344Z - [REQUEST]: Updated workspace context based on watched changes, recomputing project graph...
[NX v21.1.2 Daemon Server] - 2025-06-04T19:07:29.344Z - [REQUEST]: apps/second-app/package.json
[NX v21.1.2 Daemon Server] - 2025-06-04T19:07:29.344Z - [REQUEST]: 
[NX v21.1.2 Daemon Server] - 2025-06-04T19:07:29.350Z - [REQUEST]: Responding to the client. handleHashMultiGlob
[NX v21.1.2 Daemon Server] - 2025-06-04T19:07:29.350Z - Done responding to the client handleHashMultiGlob
[NX v21.1.2 Daemon Server] - 2025-06-04T19:07:29.350Z - Handled HASH_GLOB. Handling time: 0. Response time: 0.
[NX v21.1.2 Daemon Server] - 2025-06-04T19:07:29.350Z - Time taken for 'hash changed files from watcher' 0.10313199833035469ms
[NX v21.1.2 Daemon Server] - 2025-06-04T19:07:29.351Z - [REQUEST]: Responding to the client. handleHashGlob
[NX v21.1.2 Daemon Server] - 2025-06-04T19:07:29.351Z - Done responding to the client handleHashGlob
[NX v21.1.2 Daemon Server] - 2025-06-04T19:07:29.351Z - Handled HASH_GLOB. Handling time: 1. Response time: 0.
[NX v21.1.2 Daemon Server] - 2025-06-04T19:07:29.354Z - [REQUEST]: Responding to the client. handleHashMultiGlob
[NX v21.1.2 Daemon Server] - 2025-06-04T19:07:29.354Z - Done responding to the client handleHashMultiGlob
[NX v21.1.2 Daemon Server] - 2025-06-04T19:07:29.354Z - Handled HASH_GLOB. Handling time: 1. Response time: 0.
[NX v21.1.2 Daemon Server] - 2025-06-04T19:07:29.358Z - [REQUEST]: Responding to the client. handleHashGlob
[NX v21.1.2 Daemon Server] - 2025-06-04T19:07:29.358Z - Done responding to the client handleHashGlob
[NX v21.1.2 Daemon Server] - 2025-06-04T19:07:29.358Z - Handled HASH_GLOB. Handling time: 0. Response time: 0.
[NX v21.1.2 Daemon Server] - 2025-06-04T19:07:29.376Z - Time taken for 'build-project-configs' 22.542479999363422ms
[NX v21.1.2 Daemon Server] - 2025-06-04T19:07:29.386Z - Time taken for '@nx/js/typescript:createDependencies' 14.548124998807907ms
[NX v21.1.2 Daemon Server] - 2025-06-04T19:07:29.389Z - Time taken for '@nx/vite/plugin:createDependencies' 15.422647999599576ms
[NX v21.1.2 Daemon Server] - 2025-06-04T19:07:29.407Z - [SYNC]: collect registered sync generators
[NX v21.1.2 Daemon Server] - 2025-06-04T19:07:29.408Z - [SYNC]: nx.json hash is the same, not collecting global sync generators
[NX v21.1.2 Daemon Server] - 2025-06-04T19:07:29.408Z - [SYNC]: scheduling: ["@nx/js:typescript-sync"]
[NX v21.1.2 Daemon Server] - 2025-06-04T19:07:29.408Z - Time taken for 'total execution time for createProjectGraph()' 30.33406500145793ms
[NX v21.1.2 Daemon Server] - 2025-06-04T19:07:29.744Z - [REQUEST]: Client Request for Project Graph Received
[NX v21.1.2 Daemon Server] - 2025-06-04T19:07:29.745Z - [REQUEST]: Responding to the client. project-graph
[NX v21.1.2 Daemon Server] - 2025-06-04T19:07:29.745Z - Time taken for 'total for creating and serializing project graph' 0.28008799999952316ms
[NX v21.1.2 Daemon Server] - 2025-06-04T19:07:29.748Z - Done responding to the client project-graph
[NX v21.1.2 Daemon Server] - 2025-06-04T19:07:29.748Z - Handled REQUEST_PROJECT_GRAPH. Handling time: 1. Response time: 3.
[NX v21.1.2 Daemon Server] - 2025-06-04T19:07:29.808Z - [SYNC]: running scheduled generator @nx/js:typescript-sync
[NX v21.1.2 Daemon Server] - 2025-06-04T19:07:29.809Z - [REQUEST]: Client Request for Project Graph Received
[NX v21.1.2 Daemon Server] - 2025-06-04T19:07:29.809Z - [REQUEST]: Responding to the client. project-graph
[NX v21.1.2 Daemon Server] - 2025-06-04T19:07:29.810Z - Time taken for 'total for creating and serializing project graph' 0.1725149992853403ms
[NX v21.1.2 Daemon Server] - 2025-06-04T19:07:29.811Z - Done responding to the client project-graph
[NX v21.1.2 Daemon Server] - 2025-06-04T19:07:29.811Z - Handled REQUEST_PROJECT_GRAPH. Handling time: 0. Response time: 2.
[NX v21.1.2 Daemon Server] - 2025-06-04T19:07:29.833Z - [SYNC]: @nx/js:typescript-sync changes: 
[NX v21.1.2 Daemon Server] - 2025-06-04T19:07:29.833Z - Time taken for 'run-sync-generator:@nx/js:typescript-sync' 25.048507999628782ms
[NX v21.1.2 Daemon Server] - 2025-06-04T19:07:30.246Z - Established a connection. Number of open connections: 10
[NX v21.1.2 Daemon Server] - 2025-06-04T19:07:30.247Z - [REQUEST]: Client Request for Project Graph Received
[NX v21.1.2 Daemon Server] - 2025-06-04T19:07:30.247Z - [REQUEST]: Responding to the client. project-graph
[NX v21.1.2 Daemon Server] - 2025-06-04T19:07:30.248Z - Time taken for 'total for creating and serializing project graph' 0.2615269999951124ms
[NX v21.1.2 Daemon Server] - 2025-06-04T19:07:30.248Z - Closed a connection. Number of open connections: 9
[NX v21.1.2 Daemon Server] - 2025-06-04T19:07:30.249Z - Done responding to the client project-graph
[NX v21.1.2 Daemon Server] - 2025-06-04T19:07:30.250Z - Handled REQUEST_PROJECT_GRAPH. Handling time: 0. Response time: 3.
[NX v21.1.2 Daemon Server] - 2025-06-04T19:07:30.253Z - [REQUEST]: Responding to the client. handleContextFileData
[NX v21.1.2 Daemon Server] - 2025-06-04T19:07:30.253Z - Done responding to the client handleContextFileData
[NX v21.1.2 Daemon Server] - 2025-06-04T19:07:30.253Z - Handled GET_CONTEXT_FILE_DATA. Handling time: 0. Response time: 0.
[NX v21.1.2 Daemon Server] - 2025-06-04T19:07:30.254Z - Closed a connection. Number of open connections: 8
[NX v21.1.2 Daemon Server] - 2025-06-04T19:07:30.304Z - Closed a connection. Number of open connections: 7
[NX v21.1.2 Daemon Server] - 2025-06-04T19:07:30.305Z - Established a connection. Number of open connections: 8
[NX v21.1.2 Daemon Server] - 2025-06-04T19:07:30.305Z - Established a connection. Number of open connections: 9
[NX v21.1.2 Daemon Server] - 2025-06-04T19:07:30.305Z - Closed a connection. Number of open connections: 8
[NX v21.1.2 Daemon Server] - 2025-06-04T19:07:30.306Z - [REQUEST]: Client Request for Project Graph Received
[NX v21.1.2 Daemon Server] - 2025-06-04T19:07:30.306Z - [REQUEST]: Responding to the client. project-graph
[NX v21.1.2 Daemon Server] - 2025-06-04T19:07:30.306Z - Time taken for 'total for creating and serializing project graph' 0.19815600104629993ms
[NX v21.1.2 Daemon Server] - 2025-06-04T19:07:30.308Z - Done responding to the client project-graph
[NX v21.1.2 Daemon Server] - 2025-06-04T19:07:30.308Z - Handled REQUEST_PROJECT_GRAPH. Handling time: 1. Response time: 2.
[NX v21.1.2 Daemon Server] - 2025-06-04T19:07:30.311Z - [REQUEST]: Client Request for Project Graph Received
[NX v21.1.2 Daemon Server] - 2025-06-04T19:07:30.311Z - [REQUEST]: Responding to the client. project-graph
[NX v21.1.2 Daemon Server] - 2025-06-04T19:07:30.312Z - Time taken for 'total for creating and serializing project graph' 0.23933499865233898ms
[NX v21.1.2 Daemon Server] - 2025-06-04T19:07:30.313Z - Done responding to the client project-graph
[NX v21.1.2 Daemon Server] - 2025-06-04T19:07:30.313Z - Handled REQUEST_PROJECT_GRAPH. Handling time: 0. Response time: 2.
[NX v21.1.2 Daemon Server] - 2025-06-04T19:07:30.315Z - Established a connection. Number of open connections: 9
[NX v21.1.2 Daemon Server] - 2025-06-04T19:07:30.603Z - [WATCHER]: apps/first-app/package.json was modified
[NX v21.1.2 Daemon Server] - 2025-06-04T19:07:30.604Z - [REQUEST]: Responding to the client. File watch changed
[NX v21.1.2 Daemon Server] - 2025-06-04T19:07:30.604Z - [REQUEST]: Responding to the client. File watch changed
[NX v21.1.2 Daemon Server] - 2025-06-04T19:07:30.604Z - Done responding to the client File watch changed
[NX v21.1.2 Daemon Server] - 2025-06-04T19:07:30.604Z - Done responding to the client File watch changed
[NX v21.1.2 Daemon Server] - 2025-06-04T19:07:30.604Z - Handled FILE-WATCH-CHANGED. Handling time: 0. Response time: 0.
[NX v21.1.2 Daemon Server] - 2025-06-04T19:07:30.604Z - Handled FILE-WATCH-CHANGED. Handling time: 0. Response time: 0.
[NX v21.1.2 Daemon Server] - 2025-06-04T19:07:30.604Z - [WATCHER]: Processing file changes in outputs
[NX v21.1.2 Daemon Server] - 2025-06-04T19:07:30.604Z - Time taken for 'changed-projects' 0.1192110013216734ms
[NX v21.1.2 Daemon Server] - 2025-06-04T19:07:30.704Z - [REQUEST]: Updated workspace context based on watched changes, recomputing project graph...
[NX v21.1.2 Daemon Server] - 2025-06-04T19:07:30.704Z - [REQUEST]: apps/first-app/package.json
[NX v21.1.2 Daemon Server] - 2025-06-04T19:07:30.704Z - [REQUEST]: 
[NX v21.1.2 Daemon Server] - 2025-06-04T19:07:30.710Z - [REQUEST]: Responding to the client. handleHashMultiGlob
[NX v21.1.2 Daemon Server] - 2025-06-04T19:07:30.710Z - Done responding to the client handleHashMultiGlob
[NX v21.1.2 Daemon Server] - 2025-06-04T19:07:30.710Z - Handled HASH_GLOB. Handling time: 0. Response time: 0.
[NX v21.1.2 Daemon Server] - 2025-06-04T19:07:30.710Z - Time taken for 'hash changed files from watcher' 0.2006509993225336ms
[NX v21.1.2 Daemon Server] - 2025-06-04T19:07:30.712Z - [REQUEST]: Responding to the client. handleHashGlob
[NX v21.1.2 Daemon Server] - 2025-06-04T19:07:30.712Z - Done responding to the client handleHashGlob
[NX v21.1.2 Daemon Server] - 2025-06-04T19:07:30.712Z - Handled HASH_GLOB. Handling time: 1. Response time: 0.
[NX v21.1.2 Daemon Server] - 2025-06-04T19:07:30.714Z - [REQUEST]: Responding to the client. handleHashMultiGlob
[NX v21.1.2 Daemon Server] - 2025-06-04T19:07:30.714Z - Done responding to the client handleHashMultiGlob
[NX v21.1.2 Daemon Server] - 2025-06-04T19:07:30.714Z - Handled HASH_GLOB. Handling time: 2. Response time: 0.
[NX v21.1.2 Daemon Server] - 2025-06-04T19:07:30.715Z - [REQUEST]: Responding to the client. handleHashGlob
[NX v21.1.2 Daemon Server] - 2025-06-04T19:07:30.715Z - Done responding to the client handleHashGlob
[NX v21.1.2 Daemon Server] - 2025-06-04T19:07:30.716Z - Handled HASH_GLOB. Handling time: 0. Response time: 1.
[NX v21.1.2 Daemon Server] - 2025-06-04T19:07:30.746Z - Time taken for 'build-project-configs' 33.077186999842525ms
[NX v21.1.2 Daemon Server] - 2025-06-04T19:07:30.750Z - Time taken for '@nx/js/typescript:createDependencies' 8.707882000133395ms
[NX v21.1.2 Daemon Server] - 2025-06-04T19:07:30.754Z - Time taken for '@nx/vite/plugin:createDependencies' 10.704433999955654ms
[NX v21.1.2 Daemon Server] - 2025-06-04T19:07:30.774Z - [SYNC]: collect registered sync generators
[NX v21.1.2 Daemon Server] - 2025-06-04T19:07:30.775Z - [SYNC]: nx.json hash is the same, not collecting global sync generators
[NX v21.1.2 Daemon Server] - 2025-06-04T19:07:30.775Z - [SYNC]: scheduling: ["@nx/js:typescript-sync"]
[NX v21.1.2 Daemon Server] - 2025-06-04T19:07:30.775Z - Time taken for 'total execution time for createProjectGraph()' 26.094623999670148ms
[NX v21.1.2 Daemon Server] - 2025-06-04T19:07:31.105Z - [REQUEST]: Client Request for Project Graph Received
[NX v21.1.2 Daemon Server] - 2025-06-04T19:07:31.105Z - [REQUEST]: Responding to the client. project-graph
[NX v21.1.2 Daemon Server] - 2025-06-04T19:07:31.106Z - Time taken for 'total for creating and serializing project graph' 0.2132750004529953ms
[NX v21.1.2 Daemon Server] - 2025-06-04T19:07:31.108Z - Done responding to the client project-graph
[NX v21.1.2 Daemon Server] - 2025-06-04T19:07:31.108Z - Handled REQUEST_PROJECT_GRAPH. Handling time: 0. Response time: 3.
[NX v21.1.2 Daemon Server] - 2025-06-04T19:07:31.575Z - [SYNC]: running scheduled generator @nx/js:typescript-sync
[NX v21.1.2 Daemon Server] - 2025-06-04T19:07:31.576Z - [REQUEST]: Client Request for Project Graph Received
[NX v21.1.2 Daemon Server] - 2025-06-04T19:07:31.576Z - [REQUEST]: Responding to the client. project-graph
[NX v21.1.2 Daemon Server] - 2025-06-04T19:07:31.577Z - Time taken for 'total for creating and serializing project graph' 0.19739400036633015ms
[NX v21.1.2 Daemon Server] - 2025-06-04T19:07:31.578Z - Done responding to the client project-graph
[NX v21.1.2 Daemon Server] - 2025-06-04T19:07:31.578Z - Handled REQUEST_PROJECT_GRAPH. Handling time: 0. Response time: 2.
[NX v21.1.2 Daemon Server] - 2025-06-04T19:07:31.587Z - [SYNC]: @nx/js:typescript-sync changes: 
[NX v21.1.2 Daemon Server] - 2025-06-04T19:07:31.587Z - Time taken for 'run-sync-generator:@nx/js:typescript-sync' 11.789588000625372ms
[NX v21.1.2 Daemon Server] - 2025-06-04T19:07:31.606Z - Established a connection. Number of open connections: 10
[NX v21.1.2 Daemon Server] - 2025-06-04T19:07:31.606Z - [REQUEST]: Client Request for Project Graph Received
[NX v21.1.2 Daemon Server] - 2025-06-04T19:07:31.607Z - [REQUEST]: Responding to the client. project-graph
[NX v21.1.2 Daemon Server] - 2025-06-04T19:07:31.607Z - Time taken for 'total for creating and serializing project graph' 0.2205430008471012ms
[NX v21.1.2 Daemon Server] - 2025-06-04T19:07:31.607Z - Closed a connection. Number of open connections: 9
[NX v21.1.2 Daemon Server] - 2025-06-04T19:07:31.608Z - Done responding to the client project-graph
[NX v21.1.2 Daemon Server] - 2025-06-04T19:07:31.608Z - Handled REQUEST_PROJECT_GRAPH. Handling time: 1. Response time: 1.
[NX v21.1.2 Daemon Server] - 2025-06-04T19:07:31.611Z - [REQUEST]: Responding to the client. handleContextFileData
[NX v21.1.2 Daemon Server] - 2025-06-04T19:07:31.611Z - Done responding to the client handleContextFileData
[NX v21.1.2 Daemon Server] - 2025-06-04T19:07:31.611Z - Handled GET_CONTEXT_FILE_DATA. Handling time: 0. Response time: 0.
[NX v21.1.2 Daemon Server] - 2025-06-04T19:07:31.611Z - Closed a connection. Number of open connections: 8
[NX v21.1.2 Daemon Server] - 2025-06-04T19:07:31.691Z - Closed a connection. Number of open connections: 7
[NX v21.1.2 Daemon Server] - 2025-06-04T19:07:31.693Z - Established a connection. Number of open connections: 8
[NX v21.1.2 Daemon Server] - 2025-06-04T19:07:31.694Z - Established a connection. Number of open connections: 9
[NX v21.1.2 Daemon Server] - 2025-06-04T19:07:31.694Z - Closed a connection. Number of open connections: 8
[NX v21.1.2 Daemon Server] - 2025-06-04T19:07:31.694Z - [REQUEST]: Client Request for Project Graph Received
[NX v21.1.2 Daemon Server] - 2025-06-04T19:07:31.695Z - [REQUEST]: Responding to the client. project-graph
[NX v21.1.2 Daemon Server] - 2025-06-04T19:07:31.695Z - Time taken for 'total for creating and serializing project graph' 0.21557599864900112ms
[NX v21.1.2 Daemon Server] - 2025-06-04T19:07:31.697Z - Done responding to the client project-graph
[NX v21.1.2 Daemon Server] - 2025-06-04T19:07:31.698Z - Handled REQUEST_PROJECT_GRAPH. Handling time: 1. Response time: 3.
[NX v21.1.2 Daemon Server] - 2025-06-04T19:07:31.704Z - [REQUEST]: Client Request for Project Graph Received
[NX v21.1.2 Daemon Server] - 2025-06-04T19:07:31.705Z - [REQUEST]: Responding to the client. project-graph
[NX v21.1.2 Daemon Server] - 2025-06-04T19:07:31.706Z - Time taken for 'total for creating and serializing project graph' 0.8463920000940561ms
[NX v21.1.2 Daemon Server] - 2025-06-04T19:07:31.707Z - Done responding to the client project-graph
[NX v21.1.2 Daemon Server] - 2025-06-04T19:07:31.707Z - Handled REQUEST_PROJECT_GRAPH. Handling time: 1. Response time: 2.
[NX v21.1.2 Daemon Server] - 2025-06-04T19:07:31.711Z - Established a connection. Number of open connections: 9
[NX v21.1.2 Daemon Server] - 2025-06-04T19:08:35.377Z - [WATCHER]: apps/first-app-e2e/package.json was modified
[NX v21.1.2 Daemon Server] - 2025-06-04T19:08:35.378Z - [REQUEST]: Responding to the client. File watch changed
[NX v21.1.2 Daemon Server] - 2025-06-04T19:08:35.378Z - [REQUEST]: Responding to the client. File watch changed
[NX v21.1.2 Daemon Server] - 2025-06-04T19:08:35.378Z - Done responding to the client File watch changed
[NX v21.1.2 Daemon Server] - 2025-06-04T19:08:35.379Z - Done responding to the client File watch changed
[NX v21.1.2 Daemon Server] - 2025-06-04T19:08:35.379Z - Handled FILE-WATCH-CHANGED. Handling time: 0. Response time: 1.
[NX v21.1.2 Daemon Server] - 2025-06-04T19:08:35.379Z - Handled FILE-WATCH-CHANGED. Handling time: 0. Response time: 1.
[NX v21.1.2 Daemon Server] - 2025-06-04T19:08:35.379Z - [WATCHER]: Processing file changes in outputs
[NX v21.1.2 Daemon Server] - 2025-06-04T19:08:35.379Z - Time taken for 'changed-projects' 0.10456200130283833ms
[NX v21.1.2 Daemon Server] - 2025-06-04T19:08:35.480Z - [REQUEST]: Updated workspace context based on watched changes, recomputing project graph...
[NX v21.1.2 Daemon Server] - 2025-06-04T19:08:35.480Z - [REQUEST]: apps/first-app-e2e/package.json
[NX v21.1.2 Daemon Server] - 2025-06-04T19:08:35.480Z - [REQUEST]: 
[NX v21.1.2 Daemon Server] - 2025-06-04T19:08:35.486Z - [REQUEST]: Responding to the client. handleHashMultiGlob
[NX v21.1.2 Daemon Server] - 2025-06-04T19:08:35.486Z - Done responding to the client handleHashMultiGlob
[NX v21.1.2 Daemon Server] - 2025-06-04T19:08:35.486Z - Handled HASH_GLOB. Handling time: 0. Response time: 0.
[NX v21.1.2 Daemon Server] - 2025-06-04T19:08:35.486Z - Time taken for 'hash changed files from watcher' 0.10867599956691265ms
[NX v21.1.2 Daemon Server] - 2025-06-04T19:08:35.487Z - [REQUEST]: Responding to the client. handleHashGlob
[NX v21.1.2 Daemon Server] - 2025-06-04T19:08:35.487Z - Done responding to the client handleHashGlob
[NX v21.1.2 Daemon Server] - 2025-06-04T19:08:35.487Z - Handled HASH_GLOB. Handling time: 0. Response time: 0.
[NX v21.1.2 Daemon Server] - 2025-06-04T19:08:35.488Z - [REQUEST]: Responding to the client. handleHashGlob
[NX v21.1.2 Daemon Server] - 2025-06-04T19:08:35.488Z - Done responding to the client handleHashGlob
[NX v21.1.2 Daemon Server] - 2025-06-04T19:08:35.488Z - Handled HASH_GLOB. Handling time: 0. Response time: 0.
[NX v21.1.2 Daemon Server] - 2025-06-04T19:08:35.490Z - [REQUEST]: Responding to the client. handleHashMultiGlob
[NX v21.1.2 Daemon Server] - 2025-06-04T19:08:35.491Z - Done responding to the client handleHashMultiGlob
[NX v21.1.2 Daemon Server] - 2025-06-04T19:08:35.491Z - Handled HASH_GLOB. Handling time: 1. Response time: 1.
[NX v21.1.2 Daemon Server] - 2025-06-04T19:08:35.576Z - [REQUEST]: Responding to the client. handleNxWorkspaceFiles
[NX v21.1.2 Daemon Server] - 2025-06-04T19:08:35.576Z - Done responding to the client handleNxWorkspaceFiles
[NX v21.1.2 Daemon Server] - 2025-06-04T19:08:35.577Z - Handled GET_FILES_IN_DIRECTORY. Handling time: 0. Response time: 1.
[NX v21.1.2 Daemon Server] - 2025-06-04T19:08:35.589Z - Time taken for 'build-project-configs' 99.29347000084817ms
[NX v21.1.2 Daemon Server] - 2025-06-04T19:08:35.607Z - Time taken for '@nx/js/typescript:createDependencies' 22.225671000778675ms
[NX v21.1.2 Daemon Server] - 2025-06-04T19:08:35.636Z - [SYNC]: collect registered sync generators
[NX v21.1.2 Daemon Server] - 2025-06-04T19:08:35.637Z - [SYNC]: nx.json hash is the same, not collecting global sync generators
[NX v21.1.2 Daemon Server] - 2025-06-04T19:08:35.637Z - [SYNC]: scheduling: ["@nx/js:typescript-sync"]
[NX v21.1.2 Daemon Server] - 2025-06-04T19:08:35.637Z - Time taken for 'total execution time for createProjectGraph()' 41.758077999576926ms
[NX v21.1.2 Daemon Server] - 2025-06-04T19:08:35.879Z - [REQUEST]: Client Request for Project Graph Received
[NX v21.1.2 Daemon Server] - 2025-06-04T19:08:35.880Z - [REQUEST]: Responding to the client. project-graph
[NX v21.1.2 Daemon Server] - 2025-06-04T19:08:35.880Z - Time taken for 'total for creating and serializing project graph' 0.26795899868011475ms
[NX v21.1.2 Daemon Server] - 2025-06-04T19:08:35.882Z - Done responding to the client project-graph
[NX v21.1.2 Daemon Server] - 2025-06-04T19:08:35.882Z - Handled REQUEST_PROJECT_GRAPH. Handling time: 1. Response time: 2.
[NX v21.1.2 Daemon Server] - 2025-06-04T19:08:36.389Z - Established a connection. Number of open connections: 10
[NX v21.1.2 Daemon Server] - 2025-06-04T19:08:36.390Z - [REQUEST]: Client Request for Project Graph Received
[NX v21.1.2 Daemon Server] - 2025-06-04T19:08:36.391Z - [REQUEST]: Responding to the client. project-graph
[NX v21.1.2 Daemon Server] - 2025-06-04T19:08:36.392Z - Time taken for 'total for creating and serializing project graph' 0.6567630004137754ms
[NX v21.1.2 Daemon Server] - 2025-06-04T19:08:36.392Z - Closed a connection. Number of open connections: 9
[NX v21.1.2 Daemon Server] - 2025-06-04T19:08:36.396Z - Done responding to the client project-graph
[NX v21.1.2 Daemon Server] - 2025-06-04T19:08:36.396Z - Handled REQUEST_PROJECT_GRAPH. Handling time: 1. Response time: 5.
[NX v21.1.2 Daemon Server] - 2025-06-04T19:08:36.402Z - [REQUEST]: Responding to the client. handleContextFileData
[NX v21.1.2 Daemon Server] - 2025-06-04T19:08:36.402Z - Done responding to the client handleContextFileData
[NX v21.1.2 Daemon Server] - 2025-06-04T19:08:36.402Z - Handled GET_CONTEXT_FILE_DATA. Handling time: 0. Response time: 0.
[NX v21.1.2 Daemon Server] - 2025-06-04T19:08:36.403Z - Closed a connection. Number of open connections: 8
[NX v21.1.2 Daemon Server] - 2025-06-04T19:08:36.501Z - Closed a connection. Number of open connections: 7
[NX v21.1.2 Daemon Server] - 2025-06-04T19:08:36.502Z - Established a connection. Number of open connections: 8
[NX v21.1.2 Daemon Server] - 2025-06-04T19:08:36.503Z - Established a connection. Number of open connections: 9
[NX v21.1.2 Daemon Server] - 2025-06-04T19:08:36.503Z - Closed a connection. Number of open connections: 8
[NX v21.1.2 Daemon Server] - 2025-06-04T19:08:36.503Z - [REQUEST]: Client Request for Project Graph Received
[NX v21.1.2 Daemon Server] - 2025-06-04T19:08:36.504Z - [REQUEST]: Responding to the client. project-graph
[NX v21.1.2 Daemon Server] - 2025-06-04T19:08:36.504Z - Time taken for 'total for creating and serializing project graph' 0.21119299903512ms
[NX v21.1.2 Daemon Server] - 2025-06-04T19:08:36.506Z - Done responding to the client project-graph
[NX v21.1.2 Daemon Server] - 2025-06-04T19:08:36.506Z - Handled REQUEST_PROJECT_GRAPH. Handling time: 1. Response time: 2.
[NX v21.1.2 Daemon Server] - 2025-06-04T19:08:36.511Z - [REQUEST]: Client Request for Project Graph Received
[NX v21.1.2 Daemon Server] - 2025-06-04T19:08:36.511Z - [REQUEST]: Responding to the client. project-graph
[NX v21.1.2 Daemon Server] - 2025-06-04T19:08:36.512Z - Time taken for 'total for creating and serializing project graph' 0.3074759989976883ms
[NX v21.1.2 Daemon Server] - 2025-06-04T19:08:36.515Z - Done responding to the client project-graph
[NX v21.1.2 Daemon Server] - 2025-06-04T19:08:36.515Z - Handled REQUEST_PROJECT_GRAPH. Handling time: 0. Response time: 4.
[NX v21.1.2 Daemon Server] - 2025-06-04T19:08:36.520Z - Established a connection. Number of open connections: 9
[NX v21.1.2 Daemon Server] - 2025-06-04T19:08:37.237Z - [SYNC]: running scheduled generator @nx/js:typescript-sync
[NX v21.1.2 Daemon Server] - 2025-06-04T19:08:37.239Z - [REQUEST]: Client Request for Project Graph Received
[NX v21.1.2 Daemon Server] - 2025-06-04T19:08:37.239Z - [REQUEST]: Responding to the client. project-graph
[NX v21.1.2 Daemon Server] - 2025-06-04T19:08:37.240Z - Time taken for 'total for creating and serializing project graph' 0.18407800048589706ms
[NX v21.1.2 Daemon Server] - 2025-06-04T19:08:37.241Z - Done responding to the client project-graph
[NX v21.1.2 Daemon Server] - 2025-06-04T19:08:37.241Z - Handled REQUEST_PROJECT_GRAPH. Handling time: 0. Response time: 2.
[NX v21.1.2 Daemon Server] - 2025-06-04T19:08:37.260Z - [SYNC]: @nx/js:typescript-sync changes: 
[NX v21.1.2 Daemon Server] - 2025-06-04T19:08:37.260Z - Time taken for 'run-sync-generator:@nx/js:typescript-sync' 22.578812999650836ms
[NX v21.1.2 Daemon Server] - 2025-06-04T19:08:50.123Z - [WATCHER]: apps/second-app-e2e/package.json was modified
[NX v21.1.2 Daemon Server] - 2025-06-04T19:08:50.123Z - [REQUEST]: Responding to the client. File watch changed
[NX v21.1.2 Daemon Server] - 2025-06-04T19:08:50.123Z - [REQUEST]: Responding to the client. File watch changed
[NX v21.1.2 Daemon Server] - 2025-06-04T19:08:50.123Z - Done responding to the client File watch changed
[NX v21.1.2 Daemon Server] - 2025-06-04T19:08:50.123Z - Done responding to the client File watch changed
[NX v21.1.2 Daemon Server] - 2025-06-04T19:08:50.123Z - Handled FILE-WATCH-CHANGED. Handling time: 0. Response time: 0.
[NX v21.1.2 Daemon Server] - 2025-06-04T19:08:50.123Z - Handled FILE-WATCH-CHANGED. Handling time: 0. Response time: 0.
[NX v21.1.2 Daemon Server] - 2025-06-04T19:08:50.124Z - [WATCHER]: Processing file changes in outputs
[NX v21.1.2 Daemon Server] - 2025-06-04T19:08:50.124Z - Time taken for 'changed-projects' 0.04592599906027317ms
[NX v21.1.2 Daemon Server] - 2025-06-04T19:08:50.224Z - [REQUEST]: Updated workspace context based on watched changes, recomputing project graph...
[NX v21.1.2 Daemon Server] - 2025-06-04T19:08:50.224Z - [REQUEST]: apps/second-app-e2e/package.json
[NX v21.1.2 Daemon Server] - 2025-06-04T19:08:50.224Z - [REQUEST]: 
[NX v21.1.2 Daemon Server] - 2025-06-04T19:08:50.230Z - [REQUEST]: Responding to the client. handleHashMultiGlob
[NX v21.1.2 Daemon Server] - 2025-06-04T19:08:50.231Z - Done responding to the client handleHashMultiGlob
[NX v21.1.2 Daemon Server] - 2025-06-04T19:08:50.231Z - Handled HASH_GLOB. Handling time: 0. Response time: 1.
[NX v21.1.2 Daemon Server] - 2025-06-04T19:08:50.231Z - Time taken for 'hash changed files from watcher' 0.13432000018656254ms
[NX v21.1.2 Daemon Server] - 2025-06-04T19:08:50.232Z - [REQUEST]: Responding to the client. handleHashGlob
[NX v21.1.2 Daemon Server] - 2025-06-04T19:08:50.232Z - Done responding to the client handleHashGlob
[NX v21.1.2 Daemon Server] - 2025-06-04T19:08:50.232Z - Handled HASH_GLOB. Handling time: 1. Response time: 0.
[NX v21.1.2 Daemon Server] - 2025-06-04T19:08:50.233Z - [REQUEST]: Responding to the client. handleHashGlob
[NX v21.1.2 Daemon Server] - 2025-06-04T19:08:50.233Z - Done responding to the client handleHashGlob
[NX v21.1.2 Daemon Server] - 2025-06-04T19:08:50.233Z - Handled HASH_GLOB. Handling time: 0. Response time: 0.
[NX v21.1.2 Daemon Server] - 2025-06-04T19:08:50.243Z - [REQUEST]: Responding to the client. handleHashMultiGlob
[NX v21.1.2 Daemon Server] - 2025-06-04T19:08:50.243Z - Done responding to the client handleHashMultiGlob
[NX v21.1.2 Daemon Server] - 2025-06-04T19:08:50.243Z - Handled HASH_GLOB. Handling time: 2. Response time: 0.
[NX v21.1.2 Daemon Server] - 2025-06-04T19:08:50.254Z - [REQUEST]: Responding to the client. handleNxWorkspaceFiles
[NX v21.1.2 Daemon Server] - 2025-06-04T19:08:50.254Z - Done responding to the client handleNxWorkspaceFiles
[NX v21.1.2 Daemon Server] - 2025-06-04T19:08:50.254Z - Handled GET_FILES_IN_DIRECTORY. Handling time: 0. Response time: 0.
[NX v21.1.2 Daemon Server] - 2025-06-04T19:08:50.264Z - Time taken for 'build-project-configs' 31.74448600038886ms
[NX v21.1.2 Daemon Server] - 2025-06-04T19:08:50.268Z - Time taken for '@nx/js/typescript:createDependencies' 6.766533998772502ms
[NX v21.1.2 Daemon Server] - 2025-06-04T19:08:50.268Z - Time taken for '@nx/vite/plugin:createDependencies' 5.9228050000965595ms
[NX v21.1.2 Daemon Server] - 2025-06-04T19:08:50.286Z - [SYNC]: collect registered sync generators
[NX v21.1.2 Daemon Server] - 2025-06-04T19:08:50.287Z - [SYNC]: nx.json hash is the same, not collecting global sync generators
[NX v21.1.2 Daemon Server] - 2025-06-04T19:08:50.287Z - [SYNC]: scheduling: ["@nx/js:typescript-sync"]
[NX v21.1.2 Daemon Server] - 2025-06-04T19:08:50.287Z - Time taken for 'total execution time for createProjectGraph()' 20.178910000249743ms
[NX v21.1.2 Daemon Server] - 2025-06-04T19:08:50.625Z - [REQUEST]: Client Request for Project Graph Received
[NX v21.1.2 Daemon Server] - 2025-06-04T19:08:50.625Z - [REQUEST]: Responding to the client. project-graph
[NX v21.1.2 Daemon Server] - 2025-06-04T19:08:50.626Z - Time taken for 'total for creating and serializing project graph' 0.35519699938595295ms
[NX v21.1.2 Daemon Server] - 2025-06-04T19:08:50.628Z - Done responding to the client project-graph
[NX v21.1.2 Daemon Server] - 2025-06-04T19:08:50.628Z - Handled REQUEST_PROJECT_GRAPH. Handling time: 0. Response time: 3.
[NX v21.1.2 Daemon Server] - 2025-06-04T19:08:51.126Z - Established a connection. Number of open connections: 10
[NX v21.1.2 Daemon Server] - 2025-06-04T19:08:51.127Z - [REQUEST]: Client Request for Project Graph Received
[NX v21.1.2 Daemon Server] - 2025-06-04T19:08:51.127Z - [REQUEST]: Responding to the client. project-graph
[NX v21.1.2 Daemon Server] - 2025-06-04T19:08:51.128Z - Time taken for 'total for creating and serializing project graph' 0.22229300066828728ms
[NX v21.1.2 Daemon Server] - 2025-06-04T19:08:51.128Z - Closed a connection. Number of open connections: 9
[NX v21.1.2 Daemon Server] - 2025-06-04T19:08:51.129Z - Done responding to the client project-graph
[NX v21.1.2 Daemon Server] - 2025-06-04T19:08:51.129Z - Handled REQUEST_PROJECT_GRAPH. Handling time: 0. Response time: 2.
[NX v21.1.2 Daemon Server] - 2025-06-04T19:08:51.133Z - [REQUEST]: Responding to the client. handleContextFileData
[NX v21.1.2 Daemon Server] - 2025-06-04T19:08:51.133Z - Done responding to the client handleContextFileData
[NX v21.1.2 Daemon Server] - 2025-06-04T19:08:51.133Z - Handled GET_CONTEXT_FILE_DATA. Handling time: 0. Response time: 0.
[NX v21.1.2 Daemon Server] - 2025-06-04T19:08:51.134Z - Closed a connection. Number of open connections: 8
[NX v21.1.2 Daemon Server] - 2025-06-04T19:08:51.171Z - Closed a connection. Number of open connections: 7
[NX v21.1.2 Daemon Server] - 2025-06-04T19:08:51.172Z - Established a connection. Number of open connections: 8
[NX v21.1.2 Daemon Server] - 2025-06-04T19:08:51.173Z - Closed a connection. Number of open connections: 7
[NX v21.1.2 Daemon Server] - 2025-06-04T19:08:51.173Z - Established a connection. Number of open connections: 8
[NX v21.1.2 Daemon Server] - 2025-06-04T19:08:51.173Z - [REQUEST]: Client Request for Project Graph Received
[NX v21.1.2 Daemon Server] - 2025-06-04T19:08:51.174Z - [REQUEST]: Responding to the client. project-graph
[NX v21.1.2 Daemon Server] - 2025-06-04T19:08:51.174Z - Time taken for 'total for creating and serializing project graph' 0.22695600055158138ms
[NX v21.1.2 Daemon Server] - 2025-06-04T19:08:51.179Z - Done responding to the client project-graph
[NX v21.1.2 Daemon Server] - 2025-06-04T19:08:51.179Z - Handled REQUEST_PROJECT_GRAPH. Handling time: 1. Response time: 5.
[NX v21.1.2 Daemon Server] - 2025-06-04T19:08:51.182Z - [REQUEST]: Client Request for Project Graph Received
[NX v21.1.2 Daemon Server] - 2025-06-04T19:08:51.182Z - [REQUEST]: Responding to the client. project-graph
[NX v21.1.2 Daemon Server] - 2025-06-04T19:08:51.183Z - Time taken for 'total for creating and serializing project graph' 0.22619699873030186ms
[NX v21.1.2 Daemon Server] - 2025-06-04T19:08:51.184Z - Done responding to the client project-graph
[NX v21.1.2 Daemon Server] - 2025-06-04T19:08:51.184Z - Handled REQUEST_PROJECT_GRAPH. Handling time: 0. Response time: 2.
[NX v21.1.2 Daemon Server] - 2025-06-04T19:08:51.186Z - Established a connection. Number of open connections: 9
[NX v21.1.2 Daemon Server] - 2025-06-04T19:08:51.660Z - [WATCHER]: Processing file changes in outputs
[NX v21.1.2 Daemon Server] - 2025-06-04T19:08:51.661Z - [WATCHER]: apps/second-app-e2e/package.json was modified
[NX v21.1.2 Daemon Server] - 2025-06-04T19:08:51.661Z - [REQUEST]: Responding to the client. File watch changed
[NX v21.1.2 Daemon Server] - 2025-06-04T19:08:51.661Z - [REQUEST]: Responding to the client. File watch changed
[NX v21.1.2 Daemon Server] - 2025-06-04T19:08:51.661Z - Done responding to the client File watch changed
[NX v21.1.2 Daemon Server] - 2025-06-04T19:08:51.661Z - Done responding to the client File watch changed
[NX v21.1.2 Daemon Server] - 2025-06-04T19:08:51.661Z - Handled FILE-WATCH-CHANGED. Handling time: 0. Response time: 0.
[NX v21.1.2 Daemon Server] - 2025-06-04T19:08:51.661Z - Handled FILE-WATCH-CHANGED. Handling time: 0. Response time: 0.
[NX v21.1.2 Daemon Server] - 2025-06-04T19:08:51.661Z - Time taken for 'changed-projects' 0.03993299975991249ms
[NX v21.1.2 Daemon Server] - 2025-06-04T19:08:51.761Z - [REQUEST]: Updated workspace context based on watched changes, recomputing project graph...
[NX v21.1.2 Daemon Server] - 2025-06-04T19:08:51.761Z - [REQUEST]: apps/second-app-e2e/package.json
[NX v21.1.2 Daemon Server] - 2025-06-04T19:08:51.761Z - [REQUEST]: 
[NX v21.1.2 Daemon Server] - 2025-06-04T19:08:51.768Z - Time taken for 'hash changed files from watcher' 0.16788499988615513ms
[NX v21.1.2 Daemon Server] - 2025-06-04T19:08:51.769Z - [REQUEST]: Responding to the client. handleHashMultiGlob
[NX v21.1.2 Daemon Server] - 2025-06-04T19:08:51.769Z - Done responding to the client handleHashMultiGlob
[NX v21.1.2 Daemon Server] - 2025-06-04T19:08:51.769Z - Handled HASH_GLOB. Handling time: 0. Response time: 0.
[NX v21.1.2 Daemon Server] - 2025-06-04T19:08:51.770Z - [REQUEST]: Responding to the client. handleHashGlob
[NX v21.1.2 Daemon Server] - 2025-06-04T19:08:51.770Z - Done responding to the client handleHashGlob
[NX v21.1.2 Daemon Server] - 2025-06-04T19:08:51.770Z - Handled HASH_GLOB. Handling time: 0. Response time: 0.
[NX v21.1.2 Daemon Server] - 2025-06-04T19:08:51.771Z - [REQUEST]: Responding to the client. handleHashGlob
[NX v21.1.2 Daemon Server] - 2025-06-04T19:08:51.772Z - Done responding to the client handleHashGlob
[NX v21.1.2 Daemon Server] - 2025-06-04T19:08:51.772Z - Handled HASH_GLOB. Handling time: 0. Response time: 1.
[NX v21.1.2 Daemon Server] - 2025-06-04T19:08:51.775Z - [REQUEST]: Responding to the client. handleHashMultiGlob
[NX v21.1.2 Daemon Server] - 2025-06-04T19:08:51.775Z - Done responding to the client handleHashMultiGlob
[NX v21.1.2 Daemon Server] - 2025-06-04T19:08:51.775Z - Handled HASH_GLOB. Handling time: 2. Response time: 0.
[NX v21.1.2 Daemon Server] - 2025-06-04T19:08:51.784Z - [REQUEST]: Responding to the client. handleNxWorkspaceFiles
[NX v21.1.2 Daemon Server] - 2025-06-04T19:08:51.785Z - Done responding to the client handleNxWorkspaceFiles
[NX v21.1.2 Daemon Server] - 2025-06-04T19:08:51.785Z - Handled GET_FILES_IN_DIRECTORY. Handling time: 0. Response time: 1.
[NX v21.1.2 Daemon Server] - 2025-06-04T19:08:51.793Z - Time taken for 'build-project-configs' 22.429599000141025ms
[NX v21.1.2 Daemon Server] - 2025-06-04T19:08:51.797Z - Time taken for '@nx/js/typescript:createDependencies' 7.465790001675487ms
[NX v21.1.2 Daemon Server] - 2025-06-04T19:08:51.797Z - Time taken for '@nx/vite/plugin:createDependencies' 6.524388000369072ms
[NX v21.1.2 Daemon Server] - 2025-06-04T19:08:51.823Z - [SYNC]: collect registered sync generators
[NX v21.1.2 Daemon Server] - 2025-06-04T19:08:51.824Z - [SYNC]: project graph hash is the same, not collecting task sync generators
[NX v21.1.2 Daemon Server] - 2025-06-04T19:08:51.824Z - [SYNC]: nx.json hash is the same, not collecting global sync generators
[NX v21.1.2 Daemon Server] - 2025-06-04T19:08:51.824Z - [SYNC]: scheduling: ["@nx/js:typescript-sync"]
[NX v21.1.2 Daemon Server] - 2025-06-04T19:08:51.824Z - Time taken for 'total execution time for createProjectGraph()' 28.836436999961734ms
[NX v21.1.2 Daemon Server] - 2025-06-04T19:08:52.162Z - [REQUEST]: Client Request for Project Graph Received
[NX v21.1.2 Daemon Server] - 2025-06-04T19:08:52.162Z - [REQUEST]: Responding to the client. project-graph
[NX v21.1.2 Daemon Server] - 2025-06-04T19:08:52.163Z - Time taken for 'total for creating and serializing project graph' 0.264317000284791ms
[NX v21.1.2 Daemon Server] - 2025-06-04T19:08:52.164Z - Done responding to the client project-graph
[NX v21.1.2 Daemon Server] - 2025-06-04T19:08:52.165Z - Handled REQUEST_PROJECT_GRAPH. Handling time: 0. Response time: 3.
[NX v21.1.2 Daemon Server] - 2025-06-04T19:08:52.664Z - Established a connection. Number of open connections: 10
[NX v21.1.2 Daemon Server] - 2025-06-04T19:08:52.664Z - [REQUEST]: Client Request for Project Graph Received
[NX v21.1.2 Daemon Server] - 2025-06-04T19:08:52.665Z - [REQUEST]: Responding to the client. project-graph
[NX v21.1.2 Daemon Server] - 2025-06-04T19:08:52.665Z - Time taken for 'total for creating and serializing project graph' 0.2112050000578165ms
[NX v21.1.2 Daemon Server] - 2025-06-04T19:08:52.665Z - Closed a connection. Number of open connections: 9
[NX v21.1.2 Daemon Server] - 2025-06-04T19:08:52.667Z - Done responding to the client project-graph
[NX v21.1.2 Daemon Server] - 2025-06-04T19:08:52.667Z - Handled REQUEST_PROJECT_GRAPH. Handling time: 1. Response time: 2.
[NX v21.1.2 Daemon Server] - 2025-06-04T19:08:52.672Z - [REQUEST]: Responding to the client. handleContextFileData
[NX v21.1.2 Daemon Server] - 2025-06-04T19:08:52.672Z - Done responding to the client handleContextFileData
[NX v21.1.2 Daemon Server] - 2025-06-04T19:08:52.672Z - Handled GET_CONTEXT_FILE_DATA. Handling time: 0. Response time: 0.
[NX v21.1.2 Daemon Server] - 2025-06-04T19:08:52.673Z - Closed a connection. Number of open connections: 8
[NX v21.1.2 Daemon Server] - 2025-06-04T19:08:52.723Z - Closed a connection. Number of open connections: 7
[NX v21.1.2 Daemon Server] - 2025-06-04T19:08:52.724Z - Established a connection. Number of open connections: 8
[NX v21.1.2 Daemon Server] - 2025-06-04T19:08:52.724Z - Established a connection. Number of open connections: 9
[NX v21.1.2 Daemon Server] - 2025-06-04T19:08:52.724Z - Closed a connection. Number of open connections: 8
[NX v21.1.2 Daemon Server] - 2025-06-04T19:08:52.725Z - [REQUEST]: Client Request for Project Graph Received
[NX v21.1.2 Daemon Server] - 2025-06-04T19:08:52.725Z - [REQUEST]: Responding to the client. project-graph
[NX v21.1.2 Daemon Server] - 2025-06-04T19:08:52.726Z - Time taken for 'total for creating and serializing project graph' 0.27652799896895885ms
[NX v21.1.2 Daemon Server] - 2025-06-04T19:08:52.728Z - Done responding to the client project-graph
[NX v21.1.2 Daemon Server] - 2025-06-04T19:08:52.728Z - Handled REQUEST_PROJECT_GRAPH. Handling time: 0. Response time: 3.
[NX v21.1.2 Daemon Server] - 2025-06-04T19:08:52.733Z - [REQUEST]: Client Request for Project Graph Received
[NX v21.1.2 Daemon Server] - 2025-06-04T19:08:52.733Z - [REQUEST]: Responding to the client. project-graph
[NX v21.1.2 Daemon Server] - 2025-06-04T19:08:52.733Z - Time taken for 'total for creating and serializing project graph' 0.23864500038325787ms
[NX v21.1.2 Daemon Server] - 2025-06-04T19:08:52.734Z - Done responding to the client project-graph
[NX v21.1.2 Daemon Server] - 2025-06-04T19:08:52.735Z - Handled REQUEST_PROJECT_GRAPH. Handling time: 0. Response time: 2.
[NX v21.1.2 Daemon Server] - 2025-06-04T19:08:52.737Z - Established a connection. Number of open connections: 9
[NX v21.1.2 Daemon Server] - 2025-06-04T19:08:53.486Z - [SYNC]: running scheduled generator @nx/js:typescript-sync
[NX v21.1.2 Daemon Server] - 2025-06-04T19:08:53.488Z - [REQUEST]: Client Request for Project Graph Received
[NX v21.1.2 Daemon Server] - 2025-06-04T19:08:53.489Z - [REQUEST]: Responding to the client. project-graph
[NX v21.1.2 Daemon Server] - 2025-06-04T19:08:53.489Z - Time taken for 'total for creating and serializing project graph' 0.2779109999537468ms
[NX v21.1.2 Daemon Server] - 2025-06-04T19:08:53.490Z - Done responding to the client project-graph
[NX v21.1.2 Daemon Server] - 2025-06-04T19:08:53.490Z - Handled REQUEST_PROJECT_GRAPH. Handling time: 1. Response time: 1.
[NX v21.1.2 Daemon Server] - 2025-06-04T19:08:53.508Z - [SYNC]: @nx/js:typescript-sync changes: 
[NX v21.1.2 Daemon Server] - 2025-06-04T19:08:53.508Z - Time taken for 'run-sync-generator:@nx/js:typescript-sync' 21.419201999902725ms
[NX v21.1.2 Daemon Server] - 2025-06-04T19:10:21.719Z - Closed a connection. Number of open connections: 8
[NX v21.1.2 Daemon Server] - 2025-06-04T19:10:21.720Z - Closed a connection. Number of open connections: 7
[NX v21.1.2 Daemon Server] - 2025-06-04T19:10:34.860Z - [WATCHER]: Processing file changes in outputs
[NX v21.1.2 Daemon Server] - 2025-06-04T19:10:34.863Z - Closed a connection. Number of open connections: 6
[NX v21.1.2 Daemon Server] - 2025-06-04T19:10:34.863Z - Closed a connection. Number of open connections: 5
[NX v21.1.2 Daemon Server] - 2025-06-04T19:10:34.863Z - Closed a connection. Number of open connections: 4
[NX v21.1.2 Daemon Server] - 2025-06-04T19:10:34.863Z - Closed a connection. Number of open connections: 3
[NX v21.1.2 Daemon Server] - 2025-06-04T19:10:34.863Z - Closed a connection. Number of open connections: 2
[NX v21.1.2 Daemon Server] - 2025-06-04T19:10:34.863Z - Closed a connection. Number of open connections: 1
[NX v21.1.2 Daemon Server] - 2025-06-04T19:10:34.863Z - Closed a connection. Number of open connections: 0
[NX v21.1.2 Daemon Server] - 2025-06-04T19:10:34.863Z - [WATCHER]: Stopping the watcher for /Users/markthompson/Documents/github/nx-react-vite-stuff/example (sources)
[NX v21.1.2 Daemon Server] - 2025-06-04T19:10:34.865Z - [WATCHER]: Stopping the watcher for /Users/markthompson/Documents/github/nx-react-vite-stuff/example (outputs)
[NX v21.1.2 Daemon Server] - 2025-06-04T19:10:34.868Z - Server stopped because: "NX_VERSION_CHANGED"
